config_id,risk,lines,pucks,row,col,cell_id,category,multiplier,display_multiplier,is_empty
low-5-1,low,5,1,0,0,0_0,outer,1.15,1.15x,false
low-5-1,low,5,1,0,1,1_0,empty,0,0.00x,true
low-5-1,low,5,1,0,2,2_0,empty,0,0.00x,true
low-5-1,low,5,1,0,3,3_0,empty,0,0.00x,true
low-5-1,low,5,1,0,4,4_0,outer,1.15,1.15x,false
low-5-1,low,5,1,1,0,0_1,empty,0,0.00x,true
low-5-1,low,5,1,1,1,1_1,middle,1.65,1.65x,false
low-5-1,low,5,1,1,2,2_1,empty,0,0.00x,true
low-5-1,low,5,1,1,3,3_1,middle,1.65,1.65x,false
low-5-1,low,5,1,1,4,4_1,empty,0,0.00x,true
low-5-1,low,5,1,2,0,0_2,empty,0,0.00x,true
low-5-1,low,5,1,2,1,1_2,empty,0,0.00x,true
low-5-1,low,5,1,2,2,2_2,center,2.4,2.40x,false
low-5-1,low,5,1,2,3,3_2,empty,0,0.00x,true
low-5-1,low,5,1,2,4,4_2,empty,0,0.00x,true
low-5-1,low,5,1,3,0,0_3,empty,0,0.00x,true
low-5-1,low,5,1,3,1,1_3,middle,1.65,1.65x,false
low-5-1,low,5,1,3,2,2_3,empty,0,0.00x,true
low-5-1,low,5,1,3,3,3_3,middle,1.65,1.65x,false
low-5-1,low,5,1,3,4,4_3,empty,0,0.00x,true
low-5-1,low,5,1,4,0,0_4,outer,1.15,1.15x,false
low-5-1,low,5,1,4,1,1_4,empty,0,0.00x,true
low-5-1,low,5,1,4,2,2_4,empty,0,0.00x,true
low-5-1,low,5,1,4,3,3_4,empty,0,0.00x,true
low-5-1,low,5,1,4,4,4_4,outer,1.15,1.15x,false
low-5-2,low,5,2,0,0,0_0,outer,1.15,1.15x,false
low-5-2,low,5,2,0,1,1_0,empty,0,0.00x,true
low-5-2,low,5,2,0,2,2_0,empty,0,0.00x,true
low-5-2,low,5,2,0,3,3_0,empty,0,0.00x,true
low-5-2,low,5,2,0,4,4_0,outer,1.15,1.15x,false
low-5-2,low,5,2,1,0,0_1,empty,0,0.00x,true
low-5-2,low,5,2,1,1,1_1,middle,1.65,1.65x,false
low-5-2,low,5,2,1,2,2_1,empty,0,0.00x,true
low-5-2,low,5,2,1,3,3_1,middle,1.65,1.65x,false
low-5-2,low,5,2,1,4,4_1,empty,0,0.00x,true
low-5-2,low,5,2,2,0,0_2,empty,0,0.00x,true
low-5-2,low,5,2,2,1,1_2,empty,0,0.00x,true
low-5-2,low,5,2,2,2,2_2,center,2.4,2.40x,false
low-5-2,low,5,2,2,3,3_2,empty,0,0.00x,true
low-5-2,low,5,2,2,4,4_2,empty,0,0.00x,true
low-5-2,low,5,2,3,0,0_3,empty,0,0.00x,true
low-5-2,low,5,2,3,1,1_3,middle,1.65,1.65x,false
low-5-2,low,5,2,3,2,2_3,empty,0,0.00x,true
low-5-2,low,5,2,3,3,3_3,middle,1.65,1.65x,false
low-5-2,low,5,2,3,4,4_3,empty,0,0.00x,true
low-5-2,low,5,2,4,0,0_4,outer,1.15,1.15x,false
low-5-2,low,5,2,4,1,1_4,empty,0,0.00x,true
low-5-2,low,5,2,4,2,2_4,empty,0,0.00x,true
low-5-2,low,5,2,4,3,3_4,empty,0,0.00x,true
low-5-2,low,5,2,4,4,4_4,outer,1.15,1.15x,false
low-5-3,low,5,3,0,0,0_0,outer,1.15,1.15x,false
low-5-3,low,5,3,0,1,1_0,empty,0,0.00x,true
low-5-3,low,5,3,0,2,2_0,empty,0,0.00x,true
low-5-3,low,5,3,0,3,3_0,empty,0,0.00x,true
low-5-3,low,5,3,0,4,4_0,outer,1.15,1.15x,false
low-5-3,low,5,3,1,0,0_1,empty,0,0.00x,true
low-5-3,low,5,3,1,1,1_1,middle,1.65,1.65x,false
low-5-3,low,5,3,1,2,2_1,empty,0,0.00x,true
low-5-3,low,5,3,1,3,3_1,middle,1.65,1.65x,false
low-5-3,low,5,3,1,4,4_1,empty,0,0.00x,true
low-5-3,low,5,3,2,0,0_2,empty,0,0.00x,true
low-5-3,low,5,3,2,1,1_2,empty,0,0.00x,true
low-5-3,low,5,3,2,2,2_2,center,2.4,2.40x,false
low-5-3,low,5,3,2,3,3_2,empty,0,0.00x,true
low-5-3,low,5,3,2,4,4_2,empty,0,0.00x,true
low-5-3,low,5,3,3,0,0_3,empty,0,0.00x,true
low-5-3,low,5,3,3,1,1_3,middle,1.65,1.65x,false
low-5-3,low,5,3,3,2,2_3,empty,0,0.00x,true
low-5-3,low,5,3,3,3,3_3,middle,1.65,1.65x,false
low-5-3,low,5,3,3,4,4_3,empty,0,0.00x,true
low-5-3,low,5,3,4,0,0_4,outer,1.15,1.15x,false
low-5-3,low,5,3,4,1,1_4,empty,0,0.00x,true
low-5-3,low,5,3,4,2,2_4,empty,0,0.00x,true
low-5-3,low,5,3,4,3,3_4,empty,0,0.00x,true
low-5-3,low,5,3,4,4,4_4,outer,1.15,1.15x,false
low-6-1,low,6,1,0,0,0_0,outer,1.15,1.15x,false
low-6-1,low,6,1,0,1,1_0,empty,0,0.00x,true
low-6-1,low,6,1,0,2,2_0,empty,0,0.00x,true
low-6-1,low,6,1,0,3,3_0,empty,0,0.00x,true
low-6-1,low,6,1,0,4,4_0,empty,0,0.00x,true
low-6-1,low,6,1,0,5,5_0,outer,1.15,1.15x,false
low-6-1,low,6,1,1,0,0_1,empty,0,0.00x,true
low-6-1,low,6,1,1,1,1_1,middle,1.65,1.65x,false
low-6-1,low,6,1,1,2,2_1,empty,0,0.00x,true
low-6-1,low,6,1,1,3,3_1,empty,0,0.00x,true
low-6-1,low,6,1,1,4,4_1,middle,1.65,1.65x,false
low-6-1,low,6,1,1,5,5_1,empty,0,0.00x,true
low-6-1,low,6,1,2,0,0_2,empty,0,0.00x,true
low-6-1,low,6,1,2,1,1_2,empty,0,0.00x,true
low-6-1,low,6,1,2,2,2_2,center,2.4,2.40x,false
low-6-1,low,6,1,2,3,3_2,center,2.4,2.40x,false
low-6-1,low,6,1,2,4,4_2,empty,0,0.00x,true
low-6-1,low,6,1,2,5,5_2,empty,0,0.00x,true
low-6-1,low,6,1,3,0,0_3,empty,0,0.00x,true
low-6-1,low,6,1,3,1,1_3,empty,0,0.00x,true
low-6-1,low,6,1,3,2,2_3,center,2.4,2.40x,false
low-6-1,low,6,1,3,3,3_3,center,2.4,2.40x,false
low-6-1,low,6,1,3,4,4_3,empty,0,0.00x,true
low-6-1,low,6,1,3,5,5_3,empty,0,0.00x,true
low-6-1,low,6,1,4,0,0_4,empty,0,0.00x,true
low-6-1,low,6,1,4,1,1_4,middle,1.65,1.65x,false
low-6-1,low,6,1,4,2,2_4,empty,0,0.00x,true
low-6-1,low,6,1,4,3,3_4,empty,0,0.00x,true
low-6-1,low,6,1,4,4,4_4,middle,1.65,1.65x,false
low-6-1,low,6,1,4,5,5_4,empty,0,0.00x,true
low-6-1,low,6,1,5,0,0_5,outer,1.15,1.15x,false
low-6-1,low,6,1,5,1,1_5,empty,0,0.00x,true
low-6-1,low,6,1,5,2,2_5,empty,0,0.00x,true
low-6-1,low,6,1,5,3,3_5,empty,0,0.00x,true
low-6-1,low,6,1,5,4,4_5,empty,0,0.00x,true
low-6-1,low,6,1,5,5,5_5,outer,1.15,1.15x,false
low-6-2,low,6,2,0,0,0_0,outer,1.15,1.15x,false
low-6-2,low,6,2,0,1,1_0,empty,0,0.00x,true
low-6-2,low,6,2,0,2,2_0,empty,0,0.00x,true
low-6-2,low,6,2,0,3,3_0,empty,0,0.00x,true
low-6-2,low,6,2,0,4,4_0,empty,0,0.00x,true
low-6-2,low,6,2,0,5,5_0,outer,1.15,1.15x,false
low-6-2,low,6,2,1,0,0_1,empty,0,0.00x,true
low-6-2,low,6,2,1,1,1_1,middle,1.65,1.65x,false
low-6-2,low,6,2,1,2,2_1,empty,0,0.00x,true
low-6-2,low,6,2,1,3,3_1,empty,0,0.00x,true
low-6-2,low,6,2,1,4,4_1,middle,1.65,1.65x,false
low-6-2,low,6,2,1,5,5_1,empty,0,0.00x,true
low-6-2,low,6,2,2,0,0_2,empty,0,0.00x,true
low-6-2,low,6,2,2,1,1_2,empty,0,0.00x,true
low-6-2,low,6,2,2,2,2_2,center,2.4,2.40x,false
low-6-2,low,6,2,2,3,3_2,center,2.4,2.40x,false
low-6-2,low,6,2,2,4,4_2,empty,0,0.00x,true
low-6-2,low,6,2,2,5,5_2,empty,0,0.00x,true
low-6-2,low,6,2,3,0,0_3,empty,0,0.00x,true
low-6-2,low,6,2,3,1,1_3,empty,0,0.00x,true
low-6-2,low,6,2,3,2,2_3,center,2.4,2.40x,false
low-6-2,low,6,2,3,3,3_3,center,2.4,2.40x,false
low-6-2,low,6,2,3,4,4_3,empty,0,0.00x,true
low-6-2,low,6,2,3,5,5_3,empty,0,0.00x,true
low-6-2,low,6,2,4,0,0_4,empty,0,0.00x,true
low-6-2,low,6,2,4,1,1_4,middle,1.65,1.65x,false
low-6-2,low,6,2,4,2,2_4,empty,0,0.00x,true
low-6-2,low,6,2,4,3,3_4,empty,0,0.00x,true
low-6-2,low,6,2,4,4,4_4,middle,1.65,1.65x,false
low-6-2,low,6,2,4,5,5_4,empty,0,0.00x,true
low-6-2,low,6,2,5,0,0_5,outer,1.15,1.15x,false
low-6-2,low,6,2,5,1,1_5,empty,0,0.00x,true
low-6-2,low,6,2,5,2,2_5,empty,0,0.00x,true
low-6-2,low,6,2,5,3,3_5,empty,0,0.00x,true
low-6-2,low,6,2,5,4,4_5,empty,0,0.00x,true
low-6-2,low,6,2,5,5,5_5,outer,1.15,1.15x,false
low-6-3,low,6,3,0,0,0_0,outer,1.15,1.15x,false
low-6-3,low,6,3,0,1,1_0,empty,0,0.00x,true
low-6-3,low,6,3,0,2,2_0,empty,0,0.00x,true
low-6-3,low,6,3,0,3,3_0,empty,0,0.00x,true
low-6-3,low,6,3,0,4,4_0,empty,0,0.00x,true
low-6-3,low,6,3,0,5,5_0,outer,1.15,1.15x,false
low-6-3,low,6,3,1,0,0_1,empty,0,0.00x,true
low-6-3,low,6,3,1,1,1_1,middle,1.65,1.65x,false
low-6-3,low,6,3,1,2,2_1,empty,0,0.00x,true
low-6-3,low,6,3,1,3,3_1,empty,0,0.00x,true
low-6-3,low,6,3,1,4,4_1,middle,1.65,1.65x,false
low-6-3,low,6,3,1,5,5_1,empty,0,0.00x,true
low-6-3,low,6,3,2,0,0_2,empty,0,0.00x,true
low-6-3,low,6,3,2,1,1_2,empty,0,0.00x,true
low-6-3,low,6,3,2,2,2_2,center,2.4,2.40x,false
low-6-3,low,6,3,2,3,3_2,center,2.4,2.40x,false
low-6-3,low,6,3,2,4,4_2,empty,0,0.00x,true
low-6-3,low,6,3,2,5,5_2,empty,0,0.00x,true
low-6-3,low,6,3,3,0,0_3,empty,0,0.00x,true
low-6-3,low,6,3,3,1,1_3,empty,0,0.00x,true
low-6-3,low,6,3,3,2,2_3,center,2.4,2.40x,false
low-6-3,low,6,3,3,3,3_3,center,2.4,2.40x,false
low-6-3,low,6,3,3,4,4_3,empty,0,0.00x,true
low-6-3,low,6,3,3,5,5_3,empty,0,0.00x,true
low-6-3,low,6,3,4,0,0_4,empty,0,0.00x,true
low-6-3,low,6,3,4,1,1_4,middle,1.65,1.65x,false
low-6-3,low,6,3,4,2,2_4,empty,0,0.00x,true
low-6-3,low,6,3,4,3,3_4,empty,0,0.00x,true
low-6-3,low,6,3,4,4,4_4,middle,1.65,1.65x,false
low-6-3,low,6,3,4,5,5_4,empty,0,0.00x,true
low-6-3,low,6,3,5,0,0_5,outer,1.15,1.15x,false
low-6-3,low,6,3,5,1,1_5,empty,0,0.00x,true
low-6-3,low,6,3,5,2,2_5,empty,0,0.00x,true
low-6-3,low,6,3,5,3,3_5,empty,0,0.00x,true
low-6-3,low,6,3,5,4,4_5,empty,0,0.00x,true
low-6-3,low,6,3,5,5,5_5,outer,1.15,1.15x,false
low-7-1,low,7,1,0,0,0_0,outer,1.15,1.15x,false
low-7-1,low,7,1,0,1,1_0,empty,0,0.00x,true
low-7-1,low,7,1,0,2,2_0,empty,0,0.00x,true
low-7-1,low,7,1,0,3,3_0,empty,0,0.00x,true
low-7-1,low,7,1,0,4,4_0,empty,0,0.00x,true
low-7-1,low,7,1,0,5,5_0,empty,0,0.00x,true
low-7-1,low,7,1,0,6,6_0,outer,1.15,1.15x,false
low-7-1,low,7,1,1,0,0_1,empty,0,0.00x,true
low-7-1,low,7,1,1,1,1_1,middle,1.65,1.65x,false
low-7-1,low,7,1,1,2,2_1,empty,0,0.00x,true
low-7-1,low,7,1,1,3,3_1,empty,0,0.00x,true
low-7-1,low,7,1,1,4,4_1,empty,0,0.00x,true
low-7-1,low,7,1,1,5,5_1,middle,1.65,1.65x,false
low-7-1,low,7,1,1,6,6_1,empty,0,0.00x,true
low-7-1,low,7,1,2,0,0_2,empty,0,0.00x,true
low-7-1,low,7,1,2,1,1_2,empty,0,0.00x,true
low-7-1,low,7,1,2,2,2_2,middle,1.65,1.65x,false
low-7-1,low,7,1,2,3,3_2,empty,0,0.00x,true
low-7-1,low,7,1,2,4,4_2,middle,1.65,1.65x,false
low-7-1,low,7,1,2,5,5_2,empty,0,0.00x,true
low-7-1,low,7,1,2,6,6_2,empty,0,0.00x,true
low-7-1,low,7,1,3,0,0_3,empty,0,0.00x,true
low-7-1,low,7,1,3,1,1_3,empty,0,0.00x,true
low-7-1,low,7,1,3,2,2_3,empty,0,0.00x,true
low-7-1,low,7,1,3,3,3_3,center,2.4,2.40x,false
low-7-1,low,7,1,3,4,4_3,empty,0,0.00x,true
low-7-1,low,7,1,3,5,5_3,empty,0,0.00x,true
low-7-1,low,7,1,3,6,6_3,empty,0,0.00x,true
low-7-1,low,7,1,4,0,0_4,empty,0,0.00x,true
low-7-1,low,7,1,4,1,1_4,empty,0,0.00x,true
low-7-1,low,7,1,4,2,2_4,middle,1.65,1.65x,false
low-7-1,low,7,1,4,3,3_4,empty,0,0.00x,true
low-7-1,low,7,1,4,4,4_4,middle,1.65,1.65x,false
low-7-1,low,7,1,4,5,5_4,empty,0,0.00x,true
low-7-1,low,7,1,4,6,6_4,empty,0,0.00x,true
low-7-1,low,7,1,5,0,0_5,empty,0,0.00x,true
low-7-1,low,7,1,5,1,1_5,middle,1.65,1.65x,false
low-7-1,low,7,1,5,2,2_5,empty,0,0.00x,true
low-7-1,low,7,1,5,3,3_5,empty,0,0.00x,true
low-7-1,low,7,1,5,4,4_5,empty,0,0.00x,true
low-7-1,low,7,1,5,5,5_5,middle,1.65,1.65x,false
low-7-1,low,7,1,5,6,6_5,empty,0,0.00x,true
low-7-1,low,7,1,6,0,0_6,outer,1.15,1.15x,false
low-7-1,low,7,1,6,1,1_6,empty,0,0.00x,true
low-7-1,low,7,1,6,2,2_6,empty,0,0.00x,true
low-7-1,low,7,1,6,3,3_6,empty,0,0.00x,true
low-7-1,low,7,1,6,4,4_6,empty,0,0.00x,true
low-7-1,low,7,1,6,5,5_6,empty,0,0.00x,true
low-7-1,low,7,1,6,6,6_6,outer,1.15,1.15x,false
low-7-2,low,7,2,0,0,0_0,outer,1.15,1.15x,false
low-7-2,low,7,2,0,1,1_0,empty,0,0.00x,true
low-7-2,low,7,2,0,2,2_0,empty,0,0.00x,true
low-7-2,low,7,2,0,3,3_0,empty,0,0.00x,true
low-7-2,low,7,2,0,4,4_0,empty,0,0.00x,true
low-7-2,low,7,2,0,5,5_0,empty,0,0.00x,true
low-7-2,low,7,2,0,6,6_0,outer,1.15,1.15x,false
low-7-2,low,7,2,1,0,0_1,empty,0,0.00x,true
low-7-2,low,7,2,1,1,1_1,middle,1.65,1.65x,false
low-7-2,low,7,2,1,2,2_1,empty,0,0.00x,true
low-7-2,low,7,2,1,3,3_1,empty,0,0.00x,true
low-7-2,low,7,2,1,4,4_1,empty,0,0.00x,true
low-7-2,low,7,2,1,5,5_1,middle,1.65,1.65x,false
low-7-2,low,7,2,1,6,6_1,empty,0,0.00x,true
low-7-2,low,7,2,2,0,0_2,empty,0,0.00x,true
low-7-2,low,7,2,2,1,1_2,empty,0,0.00x,true
low-7-2,low,7,2,2,2,2_2,middle,1.65,1.65x,false
low-7-2,low,7,2,2,3,3_2,empty,0,0.00x,true
low-7-2,low,7,2,2,4,4_2,middle,1.65,1.65x,false
low-7-2,low,7,2,2,5,5_2,empty,0,0.00x,true
low-7-2,low,7,2,2,6,6_2,empty,0,0.00x,true
low-7-2,low,7,2,3,0,0_3,empty,0,0.00x,true
low-7-2,low,7,2,3,1,1_3,empty,0,0.00x,true
low-7-2,low,7,2,3,2,2_3,empty,0,0.00x,true
low-7-2,low,7,2,3,3,3_3,center,2.4,2.40x,false
low-7-2,low,7,2,3,4,4_3,empty,0,0.00x,true
low-7-2,low,7,2,3,5,5_3,empty,0,0.00x,true
low-7-2,low,7,2,3,6,6_3,empty,0,0.00x,true
low-7-2,low,7,2,4,0,0_4,empty,0,0.00x,true
low-7-2,low,7,2,4,1,1_4,empty,0,0.00x,true
low-7-2,low,7,2,4,2,2_4,middle,1.65,1.65x,false
low-7-2,low,7,2,4,3,3_4,empty,0,0.00x,true
low-7-2,low,7,2,4,4,4_4,middle,1.65,1.65x,false
low-7-2,low,7,2,4,5,5_4,empty,0,0.00x,true
low-7-2,low,7,2,4,6,6_4,empty,0,0.00x,true
low-7-2,low,7,2,5,0,0_5,empty,0,0.00x,true
low-7-2,low,7,2,5,1,1_5,middle,1.65,1.65x,false
low-7-2,low,7,2,5,2,2_5,empty,0,0.00x,true
low-7-2,low,7,2,5,3,3_5,empty,0,0.00x,true
low-7-2,low,7,2,5,4,4_5,empty,0,0.00x,true
low-7-2,low,7,2,5,5,5_5,middle,1.65,1.65x,false
low-7-2,low,7,2,5,6,6_5,empty,0,0.00x,true
low-7-2,low,7,2,6,0,0_6,outer,1.15,1.15x,false
low-7-2,low,7,2,6,1,1_6,empty,0,0.00x,true
low-7-2,low,7,2,6,2,2_6,empty,0,0.00x,true
low-7-2,low,7,2,6,3,3_6,empty,0,0.00x,true
low-7-2,low,7,2,6,4,4_6,empty,0,0.00x,true
low-7-2,low,7,2,6,5,5_6,empty,0,0.00x,true
low-7-2,low,7,2,6,6,6_6,outer,1.15,1.15x,false
low-7-3,low,7,3,0,0,0_0,outer,1.15,1.15x,false
low-7-3,low,7,3,0,1,1_0,empty,0,0.00x,true
low-7-3,low,7,3,0,2,2_0,empty,0,0.00x,true
low-7-3,low,7,3,0,3,3_0,empty,0,0.00x,true
low-7-3,low,7,3,0,4,4_0,empty,0,0.00x,true
low-7-3,low,7,3,0,5,5_0,empty,0,0.00x,true
low-7-3,low,7,3,0,6,6_0,outer,1.15,1.15x,false
low-7-3,low,7,3,1,0,0_1,empty,0,0.00x,true
low-7-3,low,7,3,1,1,1_1,middle,1.65,1.65x,false
low-7-3,low,7,3,1,2,2_1,empty,0,0.00x,true
low-7-3,low,7,3,1,3,3_1,empty,0,0.00x,true
low-7-3,low,7,3,1,4,4_1,empty,0,0.00x,true
low-7-3,low,7,3,1,5,5_1,middle,1.65,1.65x,false
low-7-3,low,7,3,1,6,6_1,empty,0,0.00x,true
low-7-3,low,7,3,2,0,0_2,empty,0,0.00x,true
low-7-3,low,7,3,2,1,1_2,empty,0,0.00x,true
low-7-3,low,7,3,2,2,2_2,middle,1.65,1.65x,false
low-7-3,low,7,3,2,3,3_2,empty,0,0.00x,true
low-7-3,low,7,3,2,4,4_2,middle,1.65,1.65x,false
low-7-3,low,7,3,2,5,5_2,empty,0,0.00x,true
low-7-3,low,7,3,2,6,6_2,empty,0,0.00x,true
low-7-3,low,7,3,3,0,0_3,empty,0,0.00x,true
low-7-3,low,7,3,3,1,1_3,empty,0,0.00x,true
low-7-3,low,7,3,3,2,2_3,empty,0,0.00x,true
low-7-3,low,7,3,3,3,3_3,center,2.4,2.40x,false
low-7-3,low,7,3,3,4,4_3,empty,0,0.00x,true
low-7-3,low,7,3,3,5,5_3,empty,0,0.00x,true
low-7-3,low,7,3,3,6,6_3,empty,0,0.00x,true
low-7-3,low,7,3,4,0,0_4,empty,0,0.00x,true
low-7-3,low,7,3,4,1,1_4,empty,0,0.00x,true
low-7-3,low,7,3,4,2,2_4,middle,1.65,1.65x,false
low-7-3,low,7,3,4,3,3_4,empty,0,0.00x,true
low-7-3,low,7,3,4,4,4_4,middle,1.65,1.65x,false
low-7-3,low,7,3,4,5,5_4,empty,0,0.00x,true
low-7-3,low,7,3,4,6,6_4,empty,0,0.00x,true
low-7-3,low,7,3,5,0,0_5,empty,0,0.00x,true
low-7-3,low,7,3,5,1,1_5,middle,1.65,1.65x,false
low-7-3,low,7,3,5,2,2_5,empty,0,0.00x,true
low-7-3,low,7,3,5,3,3_5,empty,0,0.00x,true
low-7-3,low,7,3,5,4,4_5,empty,0,0.00x,true
low-7-3,low,7,3,5,5,5_5,middle,1.65,1.65x,false
low-7-3,low,7,3,5,6,6_5,empty,0,0.00x,true
low-7-3,low,7,3,6,0,0_6,outer,1.15,1.15x,false
low-7-3,low,7,3,6,1,1_6,empty,0,0.00x,true
low-7-3,low,7,3,6,2,2_6,empty,0,0.00x,true
low-7-3,low,7,3,6,3,3_6,empty,0,0.00x,true
low-7-3,low,7,3,6,4,4_6,empty,0,0.00x,true
low-7-3,low,7,3,6,5,5_6,empty,0,0.00x,true
low-7-3,low,7,3,6,6,6_6,outer,1.15,1.15x,false
low-8-1,low,8,1,0,0,0_0,outer,1.15,1.15x,false
low-8-1,low,8,1,0,1,1_0,empty,0,0.00x,true
low-8-1,low,8,1,0,2,2_0,empty,0,0.00x,true
low-8-1,low,8,1,0,3,3_0,empty,0,0.00x,true
low-8-1,low,8,1,0,4,4_0,empty,0,0.00x,true
low-8-1,low,8,1,0,5,5_0,empty,0,0.00x,true
low-8-1,low,8,1,0,6,6_0,empty,0,0.00x,true
low-8-1,low,8,1,0,7,7_0,outer,1.15,1.15x,false
low-8-1,low,8,1,1,0,0_1,empty,0,0.00x,true
low-8-1,low,8,1,1,1,1_1,middle,1.65,1.65x,false
low-8-1,low,8,1,1,2,2_1,empty,0,0.00x,true
low-8-1,low,8,1,1,3,3_1,empty,0,0.00x,true
low-8-1,low,8,1,1,4,4_1,empty,0,0.00x,true
low-8-1,low,8,1,1,5,5_1,empty,0,0.00x,true
low-8-1,low,8,1,1,6,6_1,middle,1.65,1.65x,false
low-8-1,low,8,1,1,7,7_1,empty,0,0.00x,true
low-8-1,low,8,1,2,0,0_2,empty,0,0.00x,true
low-8-1,low,8,1,2,1,1_2,empty,0,0.00x,true
low-8-1,low,8,1,2,2,2_2,middle,1.65,1.65x,false
low-8-1,low,8,1,2,3,3_2,empty,0,0.00x,true
low-8-1,low,8,1,2,4,4_2,empty,0,0.00x,true
low-8-1,low,8,1,2,5,5_2,middle,1.65,1.65x,false
low-8-1,low,8,1,2,6,6_2,empty,0,0.00x,true
low-8-1,low,8,1,2,7,7_2,empty,0,0.00x,true
low-8-1,low,8,1,3,0,0_3,empty,0,0.00x,true
low-8-1,low,8,1,3,1,1_3,empty,0,0.00x,true
low-8-1,low,8,1,3,2,2_3,empty,0,0.00x,true
low-8-1,low,8,1,3,3,3_3,center,2.4,2.40x,false
low-8-1,low,8,1,3,4,4_3,center,2.4,2.40x,false
low-8-1,low,8,1,3,5,5_3,empty,0,0.00x,true
low-8-1,low,8,1,3,6,6_3,empty,0,0.00x,true
low-8-1,low,8,1,3,7,7_3,empty,0,0.00x,true
low-8-1,low,8,1,4,0,0_4,empty,0,0.00x,true
low-8-1,low,8,1,4,1,1_4,empty,0,0.00x,true
low-8-1,low,8,1,4,2,2_4,empty,0,0.00x,true
low-8-1,low,8,1,4,3,3_4,center,2.4,2.40x,false
low-8-1,low,8,1,4,4,4_4,center,2.4,2.40x,false
low-8-1,low,8,1,4,5,5_4,empty,0,0.00x,true
low-8-1,low,8,1,4,6,6_4,empty,0,0.00x,true
low-8-1,low,8,1,4,7,7_4,empty,0,0.00x,true
low-8-1,low,8,1,5,0,0_5,empty,0,0.00x,true
low-8-1,low,8,1,5,1,1_5,empty,0,0.00x,true
low-8-1,low,8,1,5,2,2_5,middle,1.65,1.65x,false
low-8-1,low,8,1,5,3,3_5,empty,0,0.00x,true
low-8-1,low,8,1,5,4,4_5,empty,0,0.00x,true
low-8-1,low,8,1,5,5,5_5,middle,1.65,1.65x,false
low-8-1,low,8,1,5,6,6_5,empty,0,0.00x,true
low-8-1,low,8,1,5,7,7_5,empty,0,0.00x,true
low-8-1,low,8,1,6,0,0_6,empty,0,0.00x,true
low-8-1,low,8,1,6,1,1_6,middle,1.65,1.65x,false
low-8-1,low,8,1,6,2,2_6,empty,0,0.00x,true
low-8-1,low,8,1,6,3,3_6,empty,0,0.00x,true
low-8-1,low,8,1,6,4,4_6,empty,0,0.00x,true
low-8-1,low,8,1,6,5,5_6,empty,0,0.00x,true
low-8-1,low,8,1,6,6,6_6,middle,1.65,1.65x,false
low-8-1,low,8,1,6,7,7_6,empty,0,0.00x,true
low-8-1,low,8,1,7,0,0_7,outer,1.15,1.15x,false
low-8-1,low,8,1,7,1,1_7,empty,0,0.00x,true
low-8-1,low,8,1,7,2,2_7,empty,0,0.00x,true
low-8-1,low,8,1,7,3,3_7,empty,0,0.00x,true
low-8-1,low,8,1,7,4,4_7,empty,0,0.00x,true
low-8-1,low,8,1,7,5,5_7,empty,0,0.00x,true
low-8-1,low,8,1,7,6,6_7,empty,0,0.00x,true
low-8-1,low,8,1,7,7,7_7,outer,1.15,1.15x,false
low-8-2,low,8,2,0,0,0_0,outer,1.15,1.15x,false
low-8-2,low,8,2,0,1,1_0,empty,0,0.00x,true
low-8-2,low,8,2,0,2,2_0,empty,0,0.00x,true
low-8-2,low,8,2,0,3,3_0,empty,0,0.00x,true
low-8-2,low,8,2,0,4,4_0,empty,0,0.00x,true
low-8-2,low,8,2,0,5,5_0,empty,0,0.00x,true
low-8-2,low,8,2,0,6,6_0,empty,0,0.00x,true
low-8-2,low,8,2,0,7,7_0,outer,1.15,1.15x,false
low-8-2,low,8,2,1,0,0_1,empty,0,0.00x,true
low-8-2,low,8,2,1,1,1_1,middle,1.65,1.65x,false
low-8-2,low,8,2,1,2,2_1,empty,0,0.00x,true
low-8-2,low,8,2,1,3,3_1,empty,0,0.00x,true
low-8-2,low,8,2,1,4,4_1,empty,0,0.00x,true
low-8-2,low,8,2,1,5,5_1,empty,0,0.00x,true
low-8-2,low,8,2,1,6,6_1,middle,1.65,1.65x,false
low-8-2,low,8,2,1,7,7_1,empty,0,0.00x,true
low-8-2,low,8,2,2,0,0_2,empty,0,0.00x,true
low-8-2,low,8,2,2,1,1_2,empty,0,0.00x,true
low-8-2,low,8,2,2,2,2_2,middle,1.65,1.65x,false
low-8-2,low,8,2,2,3,3_2,empty,0,0.00x,true
low-8-2,low,8,2,2,4,4_2,empty,0,0.00x,true
low-8-2,low,8,2,2,5,5_2,middle,1.65,1.65x,false
low-8-2,low,8,2,2,6,6_2,empty,0,0.00x,true
low-8-2,low,8,2,2,7,7_2,empty,0,0.00x,true
low-8-2,low,8,2,3,0,0_3,empty,0,0.00x,true
low-8-2,low,8,2,3,1,1_3,empty,0,0.00x,true
low-8-2,low,8,2,3,2,2_3,empty,0,0.00x,true
low-8-2,low,8,2,3,3,3_3,center,2.4,2.40x,false
low-8-2,low,8,2,3,4,4_3,center,2.4,2.40x,false
low-8-2,low,8,2,3,5,5_3,empty,0,0.00x,true
low-8-2,low,8,2,3,6,6_3,empty,0,0.00x,true
low-8-2,low,8,2,3,7,7_3,empty,0,0.00x,true
low-8-2,low,8,2,4,0,0_4,empty,0,0.00x,true
low-8-2,low,8,2,4,1,1_4,empty,0,0.00x,true
low-8-2,low,8,2,4,2,2_4,empty,0,0.00x,true
low-8-2,low,8,2,4,3,3_4,center,2.4,2.40x,false
low-8-2,low,8,2,4,4,4_4,center,2.4,2.40x,false
low-8-2,low,8,2,4,5,5_4,empty,0,0.00x,true
low-8-2,low,8,2,4,6,6_4,empty,0,0.00x,true
low-8-2,low,8,2,4,7,7_4,empty,0,0.00x,true
low-8-2,low,8,2,5,0,0_5,empty,0,0.00x,true
low-8-2,low,8,2,5,1,1_5,empty,0,0.00x,true
low-8-2,low,8,2,5,2,2_5,middle,1.65,1.65x,false
low-8-2,low,8,2,5,3,3_5,empty,0,0.00x,true
low-8-2,low,8,2,5,4,4_5,empty,0,0.00x,true
low-8-2,low,8,2,5,5,5_5,middle,1.65,1.65x,false
low-8-2,low,8,2,5,6,6_5,empty,0,0.00x,true
low-8-2,low,8,2,5,7,7_5,empty,0,0.00x,true
low-8-2,low,8,2,6,0,0_6,empty,0,0.00x,true
low-8-2,low,8,2,6,1,1_6,middle,1.65,1.65x,false
low-8-2,low,8,2,6,2,2_6,empty,0,0.00x,true
low-8-2,low,8,2,6,3,3_6,empty,0,0.00x,true
low-8-2,low,8,2,6,4,4_6,empty,0,0.00x,true
low-8-2,low,8,2,6,5,5_6,empty,0,0.00x,true
low-8-2,low,8,2,6,6,6_6,middle,1.65,1.65x,false
low-8-2,low,8,2,6,7,7_6,empty,0,0.00x,true
low-8-2,low,8,2,7,0,0_7,outer,1.15,1.15x,false
low-8-2,low,8,2,7,1,1_7,empty,0,0.00x,true
low-8-2,low,8,2,7,2,2_7,empty,0,0.00x,true
low-8-2,low,8,2,7,3,3_7,empty,0,0.00x,true
low-8-2,low,8,2,7,4,4_7,empty,0,0.00x,true
low-8-2,low,8,2,7,5,5_7,empty,0,0.00x,true
low-8-2,low,8,2,7,6,6_7,empty,0,0.00x,true
low-8-2,low,8,2,7,7,7_7,outer,1.15,1.15x,false
low-8-3,low,8,3,0,0,0_0,outer,1.15,1.15x,false
low-8-3,low,8,3,0,1,1_0,empty,0,0.00x,true
low-8-3,low,8,3,0,2,2_0,empty,0,0.00x,true
low-8-3,low,8,3,0,3,3_0,empty,0,0.00x,true
low-8-3,low,8,3,0,4,4_0,empty,0,0.00x,true
low-8-3,low,8,3,0,5,5_0,empty,0,0.00x,true
low-8-3,low,8,3,0,6,6_0,empty,0,0.00x,true
low-8-3,low,8,3,0,7,7_0,outer,1.15,1.15x,false
low-8-3,low,8,3,1,0,0_1,empty,0,0.00x,true
low-8-3,low,8,3,1,1,1_1,middle,1.65,1.65x,false
low-8-3,low,8,3,1,2,2_1,empty,0,0.00x,true
low-8-3,low,8,3,1,3,3_1,empty,0,0.00x,true
low-8-3,low,8,3,1,4,4_1,empty,0,0.00x,true
low-8-3,low,8,3,1,5,5_1,empty,0,0.00x,true
low-8-3,low,8,3,1,6,6_1,middle,1.65,1.65x,false
low-8-3,low,8,3,1,7,7_1,empty,0,0.00x,true
low-8-3,low,8,3,2,0,0_2,empty,0,0.00x,true
low-8-3,low,8,3,2,1,1_2,empty,0,0.00x,true
low-8-3,low,8,3,2,2,2_2,middle,1.65,1.65x,false
low-8-3,low,8,3,2,3,3_2,empty,0,0.00x,true
low-8-3,low,8,3,2,4,4_2,empty,0,0.00x,true
low-8-3,low,8,3,2,5,5_2,middle,1.65,1.65x,false
low-8-3,low,8,3,2,6,6_2,empty,0,0.00x,true
low-8-3,low,8,3,2,7,7_2,empty,0,0.00x,true
low-8-3,low,8,3,3,0,0_3,empty,0,0.00x,true
low-8-3,low,8,3,3,1,1_3,empty,0,0.00x,true
low-8-3,low,8,3,3,2,2_3,empty,0,0.00x,true
low-8-3,low,8,3,3,3,3_3,center,2.4,2.40x,false
low-8-3,low,8,3,3,4,4_3,center,2.4,2.40x,false
low-8-3,low,8,3,3,5,5_3,empty,0,0.00x,true
low-8-3,low,8,3,3,6,6_3,empty,0,0.00x,true
low-8-3,low,8,3,3,7,7_3,empty,0,0.00x,true
low-8-3,low,8,3,4,0,0_4,empty,0,0.00x,true
low-8-3,low,8,3,4,1,1_4,empty,0,0.00x,true
low-8-3,low,8,3,4,2,2_4,empty,0,0.00x,true
low-8-3,low,8,3,4,3,3_4,center,2.4,2.40x,false
low-8-3,low,8,3,4,4,4_4,center,2.4,2.40x,false
low-8-3,low,8,3,4,5,5_4,empty,0,0.00x,true
low-8-3,low,8,3,4,6,6_4,empty,0,0.00x,true
low-8-3,low,8,3,4,7,7_4,empty,0,0.00x,true
low-8-3,low,8,3,5,0,0_5,empty,0,0.00x,true
low-8-3,low,8,3,5,1,1_5,empty,0,0.00x,true
low-8-3,low,8,3,5,2,2_5,middle,1.65,1.65x,false
low-8-3,low,8,3,5,3,3_5,empty,0,0.00x,true
low-8-3,low,8,3,5,4,4_5,empty,0,0.00x,true
low-8-3,low,8,3,5,5,5_5,middle,1.65,1.65x,false
low-8-3,low,8,3,5,6,6_5,empty,0,0.00x,true
low-8-3,low,8,3,5,7,7_5,empty,0,0.00x,true
low-8-3,low,8,3,6,0,0_6,empty,0,0.00x,true
low-8-3,low,8,3,6,1,1_6,middle,1.65,1.65x,false
low-8-3,low,8,3,6,2,2_6,empty,0,0.00x,true
low-8-3,low,8,3,6,3,3_6,empty,0,0.00x,true
low-8-3,low,8,3,6,4,4_6,empty,0,0.00x,true
low-8-3,low,8,3,6,5,5_6,empty,0,0.00x,true
low-8-3,low,8,3,6,6,6_6,middle,1.65,1.65x,false
low-8-3,low,8,3,6,7,7_6,empty,0,0.00x,true
low-8-3,low,8,3,7,0,0_7,outer,1.15,1.15x,false
low-8-3,low,8,3,7,1,1_7,empty,0,0.00x,true
low-8-3,low,8,3,7,2,2_7,empty,0,0.00x,true
low-8-3,low,8,3,7,3,3_7,empty,0,0.00x,true
low-8-3,low,8,3,7,4,4_7,empty,0,0.00x,true
low-8-3,low,8,3,7,5,5_7,empty,0,0.00x,true
low-8-3,low,8,3,7,6,6_7,empty,0,0.00x,true
low-8-3,low,8,3,7,7,7_7,outer,1.15,1.15x,false
low-9-1,low,9,1,0,0,0_0,outer,1.15,1.15x,false
low-9-1,low,9,1,0,1,1_0,empty,0,0.00x,true
low-9-1,low,9,1,0,2,2_0,empty,0,0.00x,true
low-9-1,low,9,1,0,3,3_0,empty,0,0.00x,true
low-9-1,low,9,1,0,4,4_0,empty,0,0.00x,true
low-9-1,low,9,1,0,5,5_0,empty,0,0.00x,true
low-9-1,low,9,1,0,6,6_0,empty,0,0.00x,true
low-9-1,low,9,1,0,7,7_0,empty,0,0.00x,true
low-9-1,low,9,1,0,8,8_0,outer,1.15,1.15x,false
low-9-1,low,9,1,1,0,0_1,empty,0,0.00x,true
low-9-1,low,9,1,1,1,1_1,middle,1.65,1.65x,false
low-9-1,low,9,1,1,2,2_1,empty,0,0.00x,true
low-9-1,low,9,1,1,3,3_1,empty,0,0.00x,true
low-9-1,low,9,1,1,4,4_1,empty,0,0.00x,true
low-9-1,low,9,1,1,5,5_1,empty,0,0.00x,true
low-9-1,low,9,1,1,6,6_1,empty,0,0.00x,true
low-9-1,low,9,1,1,7,7_1,middle,1.65,1.65x,false
low-9-1,low,9,1,1,8,8_1,empty,0,0.00x,true
low-9-1,low,9,1,2,0,0_2,empty,0,0.00x,true
low-9-1,low,9,1,2,1,1_2,empty,0,0.00x,true
low-9-1,low,9,1,2,2,2_2,middle,1.65,1.65x,false
low-9-1,low,9,1,2,3,3_2,empty,0,0.00x,true
low-9-1,low,9,1,2,4,4_2,empty,0,0.00x,true
low-9-1,low,9,1,2,5,5_2,empty,0,0.00x,true
low-9-1,low,9,1,2,6,6_2,middle,1.65,1.65x,false
low-9-1,low,9,1,2,7,7_2,empty,0,0.00x,true
low-9-1,low,9,1,2,8,8_2,empty,0,0.00x,true
low-9-1,low,9,1,3,0,0_3,empty,0,0.00x,true
low-9-1,low,9,1,3,1,1_3,empty,0,0.00x,true
low-9-1,low,9,1,3,2,2_3,empty,0,0.00x,true
low-9-1,low,9,1,3,3,3_3,middle,1.65,1.65x,false
low-9-1,low,9,1,3,4,4_3,empty,0,0.00x,true
low-9-1,low,9,1,3,5,5_3,middle,1.65,1.65x,false
low-9-1,low,9,1,3,6,6_3,empty,0,0.00x,true
low-9-1,low,9,1,3,7,7_3,empty,0,0.00x,true
low-9-1,low,9,1,3,8,8_3,empty,0,0.00x,true
low-9-1,low,9,1,4,0,0_4,empty,0,0.00x,true
low-9-1,low,9,1,4,1,1_4,empty,0,0.00x,true
low-9-1,low,9,1,4,2,2_4,empty,0,0.00x,true
low-9-1,low,9,1,4,3,3_4,empty,0,0.00x,true
low-9-1,low,9,1,4,4,4_4,center,2.4,2.40x,false
low-9-1,low,9,1,4,5,5_4,empty,0,0.00x,true
low-9-1,low,9,1,4,6,6_4,empty,0,0.00x,true
low-9-1,low,9,1,4,7,7_4,empty,0,0.00x,true
low-9-1,low,9,1,4,8,8_4,empty,0,0.00x,true
low-9-1,low,9,1,5,0,0_5,empty,0,0.00x,true
low-9-1,low,9,1,5,1,1_5,empty,0,0.00x,true
low-9-1,low,9,1,5,2,2_5,empty,0,0.00x,true
low-9-1,low,9,1,5,3,3_5,middle,1.65,1.65x,false
low-9-1,low,9,1,5,4,4_5,empty,0,0.00x,true
low-9-1,low,9,1,5,5,5_5,middle,1.65,1.65x,false
low-9-1,low,9,1,5,6,6_5,empty,0,0.00x,true
low-9-1,low,9,1,5,7,7_5,empty,0,0.00x,true
low-9-1,low,9,1,5,8,8_5,empty,0,0.00x,true
low-9-1,low,9,1,6,0,0_6,empty,0,0.00x,true
low-9-1,low,9,1,6,1,1_6,empty,0,0.00x,true
low-9-1,low,9,1,6,2,2_6,middle,1.65,1.65x,false
low-9-1,low,9,1,6,3,3_6,empty,0,0.00x,true
low-9-1,low,9,1,6,4,4_6,empty,0,0.00x,true
low-9-1,low,9,1,6,5,5_6,empty,0,0.00x,true
low-9-1,low,9,1,6,6,6_6,middle,1.65,1.65x,false
low-9-1,low,9,1,6,7,7_6,empty,0,0.00x,true
low-9-1,low,9,1,6,8,8_6,empty,0,0.00x,true
low-9-1,low,9,1,7,0,0_7,empty,0,0.00x,true
low-9-1,low,9,1,7,1,1_7,middle,1.65,1.65x,false
low-9-1,low,9,1,7,2,2_7,empty,0,0.00x,true
low-9-1,low,9,1,7,3,3_7,empty,0,0.00x,true
low-9-1,low,9,1,7,4,4_7,empty,0,0.00x,true
low-9-1,low,9,1,7,5,5_7,empty,0,0.00x,true
low-9-1,low,9,1,7,6,6_7,empty,0,0.00x,true
low-9-1,low,9,1,7,7,7_7,middle,1.65,1.65x,false
low-9-1,low,9,1,7,8,8_7,empty,0,0.00x,true
low-9-1,low,9,1,8,0,0_8,outer,1.15,1.15x,false
low-9-1,low,9,1,8,1,1_8,empty,0,0.00x,true
low-9-1,low,9,1,8,2,2_8,empty,0,0.00x,true
low-9-1,low,9,1,8,3,3_8,empty,0,0.00x,true
low-9-1,low,9,1,8,4,4_8,empty,0,0.00x,true
low-9-1,low,9,1,8,5,5_8,empty,0,0.00x,true
low-9-1,low,9,1,8,6,6_8,empty,0,0.00x,true
low-9-1,low,9,1,8,7,7_8,empty,0,0.00x,true
low-9-1,low,9,1,8,8,8_8,outer,1.15,1.15x,false
low-9-2,low,9,2,0,0,0_0,outer,1.15,1.15x,false
low-9-2,low,9,2,0,1,1_0,empty,0,0.00x,true
low-9-2,low,9,2,0,2,2_0,empty,0,0.00x,true
low-9-2,low,9,2,0,3,3_0,empty,0,0.00x,true
low-9-2,low,9,2,0,4,4_0,empty,0,0.00x,true
low-9-2,low,9,2,0,5,5_0,empty,0,0.00x,true
low-9-2,low,9,2,0,6,6_0,empty,0,0.00x,true
low-9-2,low,9,2,0,7,7_0,empty,0,0.00x,true
low-9-2,low,9,2,0,8,8_0,outer,1.15,1.15x,false
low-9-2,low,9,2,1,0,0_1,empty,0,0.00x,true
low-9-2,low,9,2,1,1,1_1,middle,1.65,1.65x,false
low-9-2,low,9,2,1,2,2_1,empty,0,0.00x,true
low-9-2,low,9,2,1,3,3_1,empty,0,0.00x,true
low-9-2,low,9,2,1,4,4_1,empty,0,0.00x,true
low-9-2,low,9,2,1,5,5_1,empty,0,0.00x,true
low-9-2,low,9,2,1,6,6_1,empty,0,0.00x,true
low-9-2,low,9,2,1,7,7_1,middle,1.65,1.65x,false
low-9-2,low,9,2,1,8,8_1,empty,0,0.00x,true
low-9-2,low,9,2,2,0,0_2,empty,0,0.00x,true
low-9-2,low,9,2,2,1,1_2,empty,0,0.00x,true
low-9-2,low,9,2,2,2,2_2,middle,1.65,1.65x,false
low-9-2,low,9,2,2,3,3_2,empty,0,0.00x,true
low-9-2,low,9,2,2,4,4_2,empty,0,0.00x,true
low-9-2,low,9,2,2,5,5_2,empty,0,0.00x,true
low-9-2,low,9,2,2,6,6_2,middle,1.65,1.65x,false
low-9-2,low,9,2,2,7,7_2,empty,0,0.00x,true
low-9-2,low,9,2,2,8,8_2,empty,0,0.00x,true
low-9-2,low,9,2,3,0,0_3,empty,0,0.00x,true
low-9-2,low,9,2,3,1,1_3,empty,0,0.00x,true
low-9-2,low,9,2,3,2,2_3,empty,0,0.00x,true
low-9-2,low,9,2,3,3,3_3,middle,1.65,1.65x,false
low-9-2,low,9,2,3,4,4_3,empty,0,0.00x,true
low-9-2,low,9,2,3,5,5_3,middle,1.65,1.65x,false
low-9-2,low,9,2,3,6,6_3,empty,0,0.00x,true
low-9-2,low,9,2,3,7,7_3,empty,0,0.00x,true
low-9-2,low,9,2,3,8,8_3,empty,0,0.00x,true
low-9-2,low,9,2,4,0,0_4,empty,0,0.00x,true
low-9-2,low,9,2,4,1,1_4,empty,0,0.00x,true
low-9-2,low,9,2,4,2,2_4,empty,0,0.00x,true
low-9-2,low,9,2,4,3,3_4,empty,0,0.00x,true
low-9-2,low,9,2,4,4,4_4,center,2.4,2.40x,false
low-9-2,low,9,2,4,5,5_4,empty,0,0.00x,true
low-9-2,low,9,2,4,6,6_4,empty,0,0.00x,true
low-9-2,low,9,2,4,7,7_4,empty,0,0.00x,true
low-9-2,low,9,2,4,8,8_4,empty,0,0.00x,true
low-9-2,low,9,2,5,0,0_5,empty,0,0.00x,true
low-9-2,low,9,2,5,1,1_5,empty,0,0.00x,true
low-9-2,low,9,2,5,2,2_5,empty,0,0.00x,true
low-9-2,low,9,2,5,3,3_5,middle,1.65,1.65x,false
low-9-2,low,9,2,5,4,4_5,empty,0,0.00x,true
low-9-2,low,9,2,5,5,5_5,middle,1.65,1.65x,false
low-9-2,low,9,2,5,6,6_5,empty,0,0.00x,true
low-9-2,low,9,2,5,7,7_5,empty,0,0.00x,true
low-9-2,low,9,2,5,8,8_5,empty,0,0.00x,true
low-9-2,low,9,2,6,0,0_6,empty,0,0.00x,true
low-9-2,low,9,2,6,1,1_6,empty,0,0.00x,true
low-9-2,low,9,2,6,2,2_6,middle,1.65,1.65x,false
low-9-2,low,9,2,6,3,3_6,empty,0,0.00x,true
low-9-2,low,9,2,6,4,4_6,empty,0,0.00x,true
low-9-2,low,9,2,6,5,5_6,empty,0,0.00x,true
low-9-2,low,9,2,6,6,6_6,middle,1.65,1.65x,false
low-9-2,low,9,2,6,7,7_6,empty,0,0.00x,true
low-9-2,low,9,2,6,8,8_6,empty,0,0.00x,true
low-9-2,low,9,2,7,0,0_7,empty,0,0.00x,true
low-9-2,low,9,2,7,1,1_7,middle,1.65,1.65x,false
low-9-2,low,9,2,7,2,2_7,empty,0,0.00x,true
low-9-2,low,9,2,7,3,3_7,empty,0,0.00x,true
low-9-2,low,9,2,7,4,4_7,empty,0,0.00x,true
low-9-2,low,9,2,7,5,5_7,empty,0,0.00x,true
low-9-2,low,9,2,7,6,6_7,empty,0,0.00x,true
low-9-2,low,9,2,7,7,7_7,middle,1.65,1.65x,false
low-9-2,low,9,2,7,8,8_7,empty,0,0.00x,true
low-9-2,low,9,2,8,0,0_8,outer,1.15,1.15x,false
low-9-2,low,9,2,8,1,1_8,empty,0,0.00x,true
low-9-2,low,9,2,8,2,2_8,empty,0,0.00x,true
low-9-2,low,9,2,8,3,3_8,empty,0,0.00x,true
low-9-2,low,9,2,8,4,4_8,empty,0,0.00x,true
low-9-2,low,9,2,8,5,5_8,empty,0,0.00x,true
low-9-2,low,9,2,8,6,6_8,empty,0,0.00x,true
low-9-2,low,9,2,8,7,7_8,empty,0,0.00x,true
low-9-2,low,9,2,8,8,8_8,outer,1.15,1.15x,false
low-9-3,low,9,3,0,0,0_0,outer,1.15,1.15x,false
low-9-3,low,9,3,0,1,1_0,empty,0,0.00x,true
low-9-3,low,9,3,0,2,2_0,empty,0,0.00x,true
low-9-3,low,9,3,0,3,3_0,empty,0,0.00x,true
low-9-3,low,9,3,0,4,4_0,empty,0,0.00x,true
low-9-3,low,9,3,0,5,5_0,empty,0,0.00x,true
low-9-3,low,9,3,0,6,6_0,empty,0,0.00x,true
low-9-3,low,9,3,0,7,7_0,empty,0,0.00x,true
low-9-3,low,9,3,0,8,8_0,outer,1.15,1.15x,false
low-9-3,low,9,3,1,0,0_1,empty,0,0.00x,true
low-9-3,low,9,3,1,1,1_1,middle,1.65,1.65x,false
low-9-3,low,9,3,1,2,2_1,empty,0,0.00x,true
low-9-3,low,9,3,1,3,3_1,empty,0,0.00x,true
low-9-3,low,9,3,1,4,4_1,empty,0,0.00x,true
low-9-3,low,9,3,1,5,5_1,empty,0,0.00x,true
low-9-3,low,9,3,1,6,6_1,empty,0,0.00x,true
low-9-3,low,9,3,1,7,7_1,middle,1.65,1.65x,false
low-9-3,low,9,3,1,8,8_1,empty,0,0.00x,true
low-9-3,low,9,3,2,0,0_2,empty,0,0.00x,true
low-9-3,low,9,3,2,1,1_2,empty,0,0.00x,true
low-9-3,low,9,3,2,2,2_2,middle,1.65,1.65x,false
low-9-3,low,9,3,2,3,3_2,empty,0,0.00x,true
low-9-3,low,9,3,2,4,4_2,empty,0,0.00x,true
low-9-3,low,9,3,2,5,5_2,empty,0,0.00x,true
low-9-3,low,9,3,2,6,6_2,middle,1.65,1.65x,false
low-9-3,low,9,3,2,7,7_2,empty,0,0.00x,true
low-9-3,low,9,3,2,8,8_2,empty,0,0.00x,true
low-9-3,low,9,3,3,0,0_3,empty,0,0.00x,true
low-9-3,low,9,3,3,1,1_3,empty,0,0.00x,true
low-9-3,low,9,3,3,2,2_3,empty,0,0.00x,true
low-9-3,low,9,3,3,3,3_3,middle,1.65,1.65x,false
low-9-3,low,9,3,3,4,4_3,empty,0,0.00x,true
low-9-3,low,9,3,3,5,5_3,middle,1.65,1.65x,false
low-9-3,low,9,3,3,6,6_3,empty,0,0.00x,true
low-9-3,low,9,3,3,7,7_3,empty,0,0.00x,true
low-9-3,low,9,3,3,8,8_3,empty,0,0.00x,true
low-9-3,low,9,3,4,0,0_4,empty,0,0.00x,true
low-9-3,low,9,3,4,1,1_4,empty,0,0.00x,true
low-9-3,low,9,3,4,2,2_4,empty,0,0.00x,true
low-9-3,low,9,3,4,3,3_4,empty,0,0.00x,true
low-9-3,low,9,3,4,4,4_4,center,2.4,2.40x,false
low-9-3,low,9,3,4,5,5_4,empty,0,0.00x,true
low-9-3,low,9,3,4,6,6_4,empty,0,0.00x,true
low-9-3,low,9,3,4,7,7_4,empty,0,0.00x,true
low-9-3,low,9,3,4,8,8_4,empty,0,0.00x,true
low-9-3,low,9,3,5,0,0_5,empty,0,0.00x,true
low-9-3,low,9,3,5,1,1_5,empty,0,0.00x,true
low-9-3,low,9,3,5,2,2_5,empty,0,0.00x,true
low-9-3,low,9,3,5,3,3_5,middle,1.65,1.65x,false
low-9-3,low,9,3,5,4,4_5,empty,0,0.00x,true
low-9-3,low,9,3,5,5,5_5,middle,1.65,1.65x,false
low-9-3,low,9,3,5,6,6_5,empty,0,0.00x,true
low-9-3,low,9,3,5,7,7_5,empty,0,0.00x,true
low-9-3,low,9,3,5,8,8_5,empty,0,0.00x,true
low-9-3,low,9,3,6,0,0_6,empty,0,0.00x,true
low-9-3,low,9,3,6,1,1_6,empty,0,0.00x,true
low-9-3,low,9,3,6,2,2_6,middle,1.65,1.65x,false
low-9-3,low,9,3,6,3,3_6,empty,0,0.00x,true
low-9-3,low,9,3,6,4,4_6,empty,0,0.00x,true
low-9-3,low,9,3,6,5,5_6,empty,0,0.00x,true
low-9-3,low,9,3,6,6,6_6,middle,1.65,1.65x,false
low-9-3,low,9,3,6,7,7_6,empty,0,0.00x,true
low-9-3,low,9,3,6,8,8_6,empty,0,0.00x,true
low-9-3,low,9,3,7,0,0_7,empty,0,0.00x,true
low-9-3,low,9,3,7,1,1_7,middle,1.65,1.65x,false
low-9-3,low,9,3,7,2,2_7,empty,0,0.00x,true
low-9-3,low,9,3,7,3,3_7,empty,0,0.00x,true
low-9-3,low,9,3,7,4,4_7,empty,0,0.00x,true
low-9-3,low,9,3,7,5,5_7,empty,0,0.00x,true
low-9-3,low,9,3,7,6,6_7,empty,0,0.00x,true
low-9-3,low,9,3,7,7,7_7,middle,1.65,1.65x,false
low-9-3,low,9,3,7,8,8_7,empty,0,0.00x,true
low-9-3,low,9,3,8,0,0_8,outer,1.15,1.15x,false
low-9-3,low,9,3,8,1,1_8,empty,0,0.00x,true
low-9-3,low,9,3,8,2,2_8,empty,0,0.00x,true
low-9-3,low,9,3,8,3,3_8,empty,0,0.00x,true
low-9-3,low,9,3,8,4,4_8,empty,0,0.00x,true
low-9-3,low,9,3,8,5,5_8,empty,0,0.00x,true
low-9-3,low,9,3,8,6,6_8,empty,0,0.00x,true
low-9-3,low,9,3,8,7,7_8,empty,0,0.00x,true
low-9-3,low,9,3,8,8,8_8,outer,1.15,1.15x,false
low-10-1,low,10,1,0,0,0_0,outer,1.15,1.15x,false
low-10-1,low,10,1,0,1,1_0,empty,0,0.00x,true
low-10-1,low,10,1,0,2,2_0,empty,0,0.00x,true
low-10-1,low,10,1,0,3,3_0,empty,0,0.00x,true
low-10-1,low,10,1,0,4,4_0,empty,0,0.00x,true
low-10-1,low,10,1,0,5,5_0,empty,0,0.00x,true
low-10-1,low,10,1,0,6,6_0,empty,0,0.00x,true
low-10-1,low,10,1,0,7,7_0,empty,0,0.00x,true
low-10-1,low,10,1,0,8,8_0,empty,0,0.00x,true
low-10-1,low,10,1,0,9,9_0,outer,1.15,1.15x,false
low-10-1,low,10,1,1,0,0_1,empty,0,0.00x,true
low-10-1,low,10,1,1,1,1_1,middle,1.65,1.65x,false
low-10-1,low,10,1,1,2,2_1,empty,0,0.00x,true
low-10-1,low,10,1,1,3,3_1,empty,0,0.00x,true
low-10-1,low,10,1,1,4,4_1,empty,0,0.00x,true
low-10-1,low,10,1,1,5,5_1,empty,0,0.00x,true
low-10-1,low,10,1,1,6,6_1,empty,0,0.00x,true
low-10-1,low,10,1,1,7,7_1,empty,0,0.00x,true
low-10-1,low,10,1,1,8,8_1,middle,1.65,1.65x,false
low-10-1,low,10,1,1,9,9_1,empty,0,0.00x,true
low-10-1,low,10,1,2,0,0_2,empty,0,0.00x,true
low-10-1,low,10,1,2,1,1_2,empty,0,0.00x,true
low-10-1,low,10,1,2,2,2_2,middle,1.65,1.65x,false
low-10-1,low,10,1,2,3,3_2,empty,0,0.00x,true
low-10-1,low,10,1,2,4,4_2,empty,0,0.00x,true
low-10-1,low,10,1,2,5,5_2,empty,0,0.00x,true
low-10-1,low,10,1,2,6,6_2,empty,0,0.00x,true
low-10-1,low,10,1,2,7,7_2,middle,1.65,1.65x,false
low-10-1,low,10,1,2,8,8_2,empty,0,0.00x,true
low-10-1,low,10,1,2,9,9_2,empty,0,0.00x,true
low-10-1,low,10,1,3,0,0_3,empty,0,0.00x,true
low-10-1,low,10,1,3,1,1_3,empty,0,0.00x,true
low-10-1,low,10,1,3,2,2_3,empty,0,0.00x,true
low-10-1,low,10,1,3,3,3_3,middle,1.65,1.65x,false
low-10-1,low,10,1,3,4,4_3,empty,0,0.00x,true
low-10-1,low,10,1,3,5,5_3,empty,0,0.00x,true
low-10-1,low,10,1,3,6,6_3,middle,1.65,1.65x,false
low-10-1,low,10,1,3,7,7_3,empty,0,0.00x,true
low-10-1,low,10,1,3,8,8_3,empty,0,0.00x,true
low-10-1,low,10,1,3,9,9_3,empty,0,0.00x,true
low-10-1,low,10,1,4,0,0_4,empty,0,0.00x,true
low-10-1,low,10,1,4,1,1_4,empty,0,0.00x,true
low-10-1,low,10,1,4,2,2_4,empty,0,0.00x,true
low-10-1,low,10,1,4,3,3_4,empty,0,0.00x,true
low-10-1,low,10,1,4,4,4_4,center,2.4,2.40x,false
low-10-1,low,10,1,4,5,5_4,center,2.4,2.40x,false
low-10-1,low,10,1,4,6,6_4,empty,0,0.00x,true
low-10-1,low,10,1,4,7,7_4,empty,0,0.00x,true
low-10-1,low,10,1,4,8,8_4,empty,0,0.00x,true
low-10-1,low,10,1,4,9,9_4,empty,0,0.00x,true
low-10-1,low,10,1,5,0,0_5,empty,0,0.00x,true
low-10-1,low,10,1,5,1,1_5,empty,0,0.00x,true
low-10-1,low,10,1,5,2,2_5,empty,0,0.00x,true
low-10-1,low,10,1,5,3,3_5,empty,0,0.00x,true
low-10-1,low,10,1,5,4,4_5,center,2.4,2.40x,false
low-10-1,low,10,1,5,5,5_5,center,2.4,2.40x,false
low-10-1,low,10,1,5,6,6_5,empty,0,0.00x,true
low-10-1,low,10,1,5,7,7_5,empty,0,0.00x,true
low-10-1,low,10,1,5,8,8_5,empty,0,0.00x,true
low-10-1,low,10,1,5,9,9_5,empty,0,0.00x,true
low-10-1,low,10,1,6,0,0_6,empty,0,0.00x,true
low-10-1,low,10,1,6,1,1_6,empty,0,0.00x,true
low-10-1,low,10,1,6,2,2_6,empty,0,0.00x,true
low-10-1,low,10,1,6,3,3_6,middle,1.65,1.65x,false
low-10-1,low,10,1,6,4,4_6,empty,0,0.00x,true
low-10-1,low,10,1,6,5,5_6,empty,0,0.00x,true
low-10-1,low,10,1,6,6,6_6,middle,1.65,1.65x,false
low-10-1,low,10,1,6,7,7_6,empty,0,0.00x,true
low-10-1,low,10,1,6,8,8_6,empty,0,0.00x,true
low-10-1,low,10,1,6,9,9_6,empty,0,0.00x,true
low-10-1,low,10,1,7,0,0_7,empty,0,0.00x,true
low-10-1,low,10,1,7,1,1_7,empty,0,0.00x,true
low-10-1,low,10,1,7,2,2_7,middle,1.65,1.65x,false
low-10-1,low,10,1,7,3,3_7,empty,0,0.00x,true
low-10-1,low,10,1,7,4,4_7,empty,0,0.00x,true
low-10-1,low,10,1,7,5,5_7,empty,0,0.00x,true
low-10-1,low,10,1,7,6,6_7,empty,0,0.00x,true
low-10-1,low,10,1,7,7,7_7,middle,1.65,1.65x,false
low-10-1,low,10,1,7,8,8_7,empty,0,0.00x,true
low-10-1,low,10,1,7,9,9_7,empty,0,0.00x,true
low-10-1,low,10,1,8,0,0_8,empty,0,0.00x,true
low-10-1,low,10,1,8,1,1_8,middle,1.65,1.65x,false
low-10-1,low,10,1,8,2,2_8,empty,0,0.00x,true
low-10-1,low,10,1,8,3,3_8,empty,0,0.00x,true
low-10-1,low,10,1,8,4,4_8,empty,0,0.00x,true
low-10-1,low,10,1,8,5,5_8,empty,0,0.00x,true
low-10-1,low,10,1,8,6,6_8,empty,0,0.00x,true
low-10-1,low,10,1,8,7,7_8,empty,0,0.00x,true
low-10-1,low,10,1,8,8,8_8,middle,1.65,1.65x,false
low-10-1,low,10,1,8,9,9_8,empty,0,0.00x,true
low-10-1,low,10,1,9,0,0_9,outer,1.15,1.15x,false
low-10-1,low,10,1,9,1,1_9,empty,0,0.00x,true
low-10-1,low,10,1,9,2,2_9,empty,0,0.00x,true
low-10-1,low,10,1,9,3,3_9,empty,0,0.00x,true
low-10-1,low,10,1,9,4,4_9,empty,0,0.00x,true
low-10-1,low,10,1,9,5,5_9,empty,0,0.00x,true
low-10-1,low,10,1,9,6,6_9,empty,0,0.00x,true
low-10-1,low,10,1,9,7,7_9,empty,0,0.00x,true
low-10-1,low,10,1,9,8,8_9,empty,0,0.00x,true
low-10-1,low,10,1,9,9,9_9,outer,1.15,1.15x,false
low-10-2,low,10,2,0,0,0_0,outer,1.15,1.15x,false
low-10-2,low,10,2,0,1,1_0,empty,0,0.00x,true
low-10-2,low,10,2,0,2,2_0,empty,0,0.00x,true
low-10-2,low,10,2,0,3,3_0,empty,0,0.00x,true
low-10-2,low,10,2,0,4,4_0,empty,0,0.00x,true
low-10-2,low,10,2,0,5,5_0,empty,0,0.00x,true
low-10-2,low,10,2,0,6,6_0,empty,0,0.00x,true
low-10-2,low,10,2,0,7,7_0,empty,0,0.00x,true
low-10-2,low,10,2,0,8,8_0,empty,0,0.00x,true
low-10-2,low,10,2,0,9,9_0,outer,1.15,1.15x,false
low-10-2,low,10,2,1,0,0_1,empty,0,0.00x,true
low-10-2,low,10,2,1,1,1_1,middle,1.65,1.65x,false
low-10-2,low,10,2,1,2,2_1,empty,0,0.00x,true
low-10-2,low,10,2,1,3,3_1,empty,0,0.00x,true
low-10-2,low,10,2,1,4,4_1,empty,0,0.00x,true
low-10-2,low,10,2,1,5,5_1,empty,0,0.00x,true
low-10-2,low,10,2,1,6,6_1,empty,0,0.00x,true
low-10-2,low,10,2,1,7,7_1,empty,0,0.00x,true
low-10-2,low,10,2,1,8,8_1,middle,1.65,1.65x,false
low-10-2,low,10,2,1,9,9_1,empty,0,0.00x,true
low-10-2,low,10,2,2,0,0_2,empty,0,0.00x,true
low-10-2,low,10,2,2,1,1_2,empty,0,0.00x,true
low-10-2,low,10,2,2,2,2_2,middle,1.65,1.65x,false
low-10-2,low,10,2,2,3,3_2,empty,0,0.00x,true
low-10-2,low,10,2,2,4,4_2,empty,0,0.00x,true
low-10-2,low,10,2,2,5,5_2,empty,0,0.00x,true
low-10-2,low,10,2,2,6,6_2,empty,0,0.00x,true
low-10-2,low,10,2,2,7,7_2,middle,1.65,1.65x,false
low-10-2,low,10,2,2,8,8_2,empty,0,0.00x,true
low-10-2,low,10,2,2,9,9_2,empty,0,0.00x,true
low-10-2,low,10,2,3,0,0_3,empty,0,0.00x,true
low-10-2,low,10,2,3,1,1_3,empty,0,0.00x,true
low-10-2,low,10,2,3,2,2_3,empty,0,0.00x,true
low-10-2,low,10,2,3,3,3_3,middle,1.65,1.65x,false
low-10-2,low,10,2,3,4,4_3,empty,0,0.00x,true
low-10-2,low,10,2,3,5,5_3,empty,0,0.00x,true
low-10-2,low,10,2,3,6,6_3,middle,1.65,1.65x,false
low-10-2,low,10,2,3,7,7_3,empty,0,0.00x,true
low-10-2,low,10,2,3,8,8_3,empty,0,0.00x,true
low-10-2,low,10,2,3,9,9_3,empty,0,0.00x,true
low-10-2,low,10,2,4,0,0_4,empty,0,0.00x,true
low-10-2,low,10,2,4,1,1_4,empty,0,0.00x,true
low-10-2,low,10,2,4,2,2_4,empty,0,0.00x,true
low-10-2,low,10,2,4,3,3_4,empty,0,0.00x,true
low-10-2,low,10,2,4,4,4_4,center,2.4,2.40x,false
low-10-2,low,10,2,4,5,5_4,center,2.4,2.40x,false
low-10-2,low,10,2,4,6,6_4,empty,0,0.00x,true
low-10-2,low,10,2,4,7,7_4,empty,0,0.00x,true
low-10-2,low,10,2,4,8,8_4,empty,0,0.00x,true
low-10-2,low,10,2,4,9,9_4,empty,0,0.00x,true
low-10-2,low,10,2,5,0,0_5,empty,0,0.00x,true
low-10-2,low,10,2,5,1,1_5,empty,0,0.00x,true
low-10-2,low,10,2,5,2,2_5,empty,0,0.00x,true
low-10-2,low,10,2,5,3,3_5,empty,0,0.00x,true
low-10-2,low,10,2,5,4,4_5,center,2.4,2.40x,false
low-10-2,low,10,2,5,5,5_5,center,2.4,2.40x,false
low-10-2,low,10,2,5,6,6_5,empty,0,0.00x,true
low-10-2,low,10,2,5,7,7_5,empty,0,0.00x,true
low-10-2,low,10,2,5,8,8_5,empty,0,0.00x,true
low-10-2,low,10,2,5,9,9_5,empty,0,0.00x,true
low-10-2,low,10,2,6,0,0_6,empty,0,0.00x,true
low-10-2,low,10,2,6,1,1_6,empty,0,0.00x,true
low-10-2,low,10,2,6,2,2_6,empty,0,0.00x,true
low-10-2,low,10,2,6,3,3_6,middle,1.65,1.65x,false
low-10-2,low,10,2,6,4,4_6,empty,0,0.00x,true
low-10-2,low,10,2,6,5,5_6,empty,0,0.00x,true
low-10-2,low,10,2,6,6,6_6,middle,1.65,1.65x,false
low-10-2,low,10,2,6,7,7_6,empty,0,0.00x,true
low-10-2,low,10,2,6,8,8_6,empty,0,0.00x,true
low-10-2,low,10,2,6,9,9_6,empty,0,0.00x,true
low-10-2,low,10,2,7,0,0_7,empty,0,0.00x,true
low-10-2,low,10,2,7,1,1_7,empty,0,0.00x,true
low-10-2,low,10,2,7,2,2_7,middle,1.65,1.65x,false
low-10-2,low,10,2,7,3,3_7,empty,0,0.00x,true
low-10-2,low,10,2,7,4,4_7,empty,0,0.00x,true
low-10-2,low,10,2,7,5,5_7,empty,0,0.00x,true
low-10-2,low,10,2,7,6,6_7,empty,0,0.00x,true
low-10-2,low,10,2,7,7,7_7,middle,1.65,1.65x,false
low-10-2,low,10,2,7,8,8_7,empty,0,0.00x,true
low-10-2,low,10,2,7,9,9_7,empty,0,0.00x,true
low-10-2,low,10,2,8,0,0_8,empty,0,0.00x,true
low-10-2,low,10,2,8,1,1_8,middle,1.65,1.65x,false
low-10-2,low,10,2,8,2,2_8,empty,0,0.00x,true
low-10-2,low,10,2,8,3,3_8,empty,0,0.00x,true
low-10-2,low,10,2,8,4,4_8,empty,0,0.00x,true
low-10-2,low,10,2,8,5,5_8,empty,0,0.00x,true
low-10-2,low,10,2,8,6,6_8,empty,0,0.00x,true
low-10-2,low,10,2,8,7,7_8,empty,0,0.00x,true
low-10-2,low,10,2,8,8,8_8,middle,1.65,1.65x,false
low-10-2,low,10,2,8,9,9_8,empty,0,0.00x,true
low-10-2,low,10,2,9,0,0_9,outer,1.15,1.15x,false
low-10-2,low,10,2,9,1,1_9,empty,0,0.00x,true
low-10-2,low,10,2,9,2,2_9,empty,0,0.00x,true
low-10-2,low,10,2,9,3,3_9,empty,0,0.00x,true
low-10-2,low,10,2,9,4,4_9,empty,0,0.00x,true
low-10-2,low,10,2,9,5,5_9,empty,0,0.00x,true
low-10-2,low,10,2,9,6,6_9,empty,0,0.00x,true
low-10-2,low,10,2,9,7,7_9,empty,0,0.00x,true
low-10-2,low,10,2,9,8,8_9,empty,0,0.00x,true
low-10-2,low,10,2,9,9,9_9,outer,1.15,1.15x,false
low-10-3,low,10,3,0,0,0_0,outer,1.15,1.15x,false
low-10-3,low,10,3,0,1,1_0,empty,0,0.00x,true
low-10-3,low,10,3,0,2,2_0,empty,0,0.00x,true
low-10-3,low,10,3,0,3,3_0,empty,0,0.00x,true
low-10-3,low,10,3,0,4,4_0,empty,0,0.00x,true
low-10-3,low,10,3,0,5,5_0,empty,0,0.00x,true
low-10-3,low,10,3,0,6,6_0,empty,0,0.00x,true
low-10-3,low,10,3,0,7,7_0,empty,0,0.00x,true
low-10-3,low,10,3,0,8,8_0,empty,0,0.00x,true
low-10-3,low,10,3,0,9,9_0,outer,1.15,1.15x,false
low-10-3,low,10,3,1,0,0_1,empty,0,0.00x,true
low-10-3,low,10,3,1,1,1_1,middle,1.65,1.65x,false
low-10-3,low,10,3,1,2,2_1,empty,0,0.00x,true
low-10-3,low,10,3,1,3,3_1,empty,0,0.00x,true
low-10-3,low,10,3,1,4,4_1,empty,0,0.00x,true
low-10-3,low,10,3,1,5,5_1,empty,0,0.00x,true
low-10-3,low,10,3,1,6,6_1,empty,0,0.00x,true
low-10-3,low,10,3,1,7,7_1,empty,0,0.00x,true
low-10-3,low,10,3,1,8,8_1,middle,1.65,1.65x,false
low-10-3,low,10,3,1,9,9_1,empty,0,0.00x,true
low-10-3,low,10,3,2,0,0_2,empty,0,0.00x,true
low-10-3,low,10,3,2,1,1_2,empty,0,0.00x,true
low-10-3,low,10,3,2,2,2_2,middle,1.65,1.65x,false
low-10-3,low,10,3,2,3,3_2,empty,0,0.00x,true
low-10-3,low,10,3,2,4,4_2,empty,0,0.00x,true
low-10-3,low,10,3,2,5,5_2,empty,0,0.00x,true
low-10-3,low,10,3,2,6,6_2,empty,0,0.00x,true
low-10-3,low,10,3,2,7,7_2,middle,1.65,1.65x,false
low-10-3,low,10,3,2,8,8_2,empty,0,0.00x,true
low-10-3,low,10,3,2,9,9_2,empty,0,0.00x,true
low-10-3,low,10,3,3,0,0_3,empty,0,0.00x,true
low-10-3,low,10,3,3,1,1_3,empty,0,0.00x,true
low-10-3,low,10,3,3,2,2_3,empty,0,0.00x,true
low-10-3,low,10,3,3,3,3_3,middle,1.65,1.65x,false
low-10-3,low,10,3,3,4,4_3,empty,0,0.00x,true
low-10-3,low,10,3,3,5,5_3,empty,0,0.00x,true
low-10-3,low,10,3,3,6,6_3,middle,1.65,1.65x,false
low-10-3,low,10,3,3,7,7_3,empty,0,0.00x,true
low-10-3,low,10,3,3,8,8_3,empty,0,0.00x,true
low-10-3,low,10,3,3,9,9_3,empty,0,0.00x,true
low-10-3,low,10,3,4,0,0_4,empty,0,0.00x,true
low-10-3,low,10,3,4,1,1_4,empty,0,0.00x,true
low-10-3,low,10,3,4,2,2_4,empty,0,0.00x,true
low-10-3,low,10,3,4,3,3_4,empty,0,0.00x,true
low-10-3,low,10,3,4,4,4_4,center,2.4,2.40x,false
low-10-3,low,10,3,4,5,5_4,center,2.4,2.40x,false
low-10-3,low,10,3,4,6,6_4,empty,0,0.00x,true
low-10-3,low,10,3,4,7,7_4,empty,0,0.00x,true
low-10-3,low,10,3,4,8,8_4,empty,0,0.00x,true
low-10-3,low,10,3,4,9,9_4,empty,0,0.00x,true
low-10-3,low,10,3,5,0,0_5,empty,0,0.00x,true
low-10-3,low,10,3,5,1,1_5,empty,0,0.00x,true
low-10-3,low,10,3,5,2,2_5,empty,0,0.00x,true
low-10-3,low,10,3,5,3,3_5,empty,0,0.00x,true
low-10-3,low,10,3,5,4,4_5,center,2.4,2.40x,false
low-10-3,low,10,3,5,5,5_5,center,2.4,2.40x,false
low-10-3,low,10,3,5,6,6_5,empty,0,0.00x,true
low-10-3,low,10,3,5,7,7_5,empty,0,0.00x,true
low-10-3,low,10,3,5,8,8_5,empty,0,0.00x,true
low-10-3,low,10,3,5,9,9_5,empty,0,0.00x,true
low-10-3,low,10,3,6,0,0_6,empty,0,0.00x,true
low-10-3,low,10,3,6,1,1_6,empty,0,0.00x,true
low-10-3,low,10,3,6,2,2_6,empty,0,0.00x,true
low-10-3,low,10,3,6,3,3_6,middle,1.65,1.65x,false
low-10-3,low,10,3,6,4,4_6,empty,0,0.00x,true
low-10-3,low,10,3,6,5,5_6,empty,0,0.00x,true
low-10-3,low,10,3,6,6,6_6,middle,1.65,1.65x,false
low-10-3,low,10,3,6,7,7_6,empty,0,0.00x,true
low-10-3,low,10,3,6,8,8_6,empty,0,0.00x,true
low-10-3,low,10,3,6,9,9_6,empty,0,0.00x,true
low-10-3,low,10,3,7,0,0_7,empty,0,0.00x,true
low-10-3,low,10,3,7,1,1_7,empty,0,0.00x,true
low-10-3,low,10,3,7,2,2_7,middle,1.65,1.65x,false
low-10-3,low,10,3,7,3,3_7,empty,0,0.00x,true
low-10-3,low,10,3,7,4,4_7,empty,0,0.00x,true
low-10-3,low,10,3,7,5,5_7,empty,0,0.00x,true
low-10-3,low,10,3,7,6,6_7,empty,0,0.00x,true
low-10-3,low,10,3,7,7,7_7,middle,1.65,1.65x,false
low-10-3,low,10,3,7,8,8_7,empty,0,0.00x,true
low-10-3,low,10,3,7,9,9_7,empty,0,0.00x,true
low-10-3,low,10,3,8,0,0_8,empty,0,0.00x,true
low-10-3,low,10,3,8,1,1_8,middle,1.65,1.65x,false
low-10-3,low,10,3,8,2,2_8,empty,0,0.00x,true
low-10-3,low,10,3,8,3,3_8,empty,0,0.00x,true
low-10-3,low,10,3,8,4,4_8,empty,0,0.00x,true
low-10-3,low,10,3,8,5,5_8,empty,0,0.00x,true
low-10-3,low,10,3,8,6,6_8,empty,0,0.00x,true
low-10-3,low,10,3,8,7,7_8,empty,0,0.00x,true
low-10-3,low,10,3,8,8,8_8,middle,1.65,1.65x,false
low-10-3,low,10,3,8,9,9_8,empty,0,0.00x,true
low-10-3,low,10,3,9,0,0_9,outer,1.15,1.15x,false
low-10-3,low,10,3,9,1,1_9,empty,0,0.00x,true
low-10-3,low,10,3,9,2,2_9,empty,0,0.00x,true
low-10-3,low,10,3,9,3,3_9,empty,0,0.00x,true
low-10-3,low,10,3,9,4,4_9,empty,0,0.00x,true
low-10-3,low,10,3,9,5,5_9,empty,0,0.00x,true
low-10-3,low,10,3,9,6,6_9,empty,0,0.00x,true
low-10-3,low,10,3,9,7,7_9,empty,0,0.00x,true
low-10-3,low,10,3,9,8,8_9,empty,0,0.00x,true
low-10-3,low,10,3,9,9,9_9,outer,1.15,1.15x,false
normal-5-1,normal,5,1,0,0,0_0,outer,0.8,0.80x,false
normal-5-1,normal,5,1,0,1,1_0,empty,0,0.00x,true
normal-5-1,normal,5,1,0,2,2_0,empty,0,0.00x,true
normal-5-1,normal,5,1,0,3,3_0,empty,0,0.00x,true
normal-5-1,normal,5,1,0,4,4_0,outer,0.8,0.80x,false
normal-5-1,normal,5,1,1,0,0_1,empty,0,0.00x,true
normal-5-1,normal,5,1,1,1,1_1,middle,1.8,1.80x,false
normal-5-1,normal,5,1,1,2,2_1,empty,0,0.00x,true
normal-5-1,normal,5,1,1,3,3_1,middle,1.8,1.80x,false
normal-5-1,normal,5,1,1,4,4_1,empty,0,0.00x,true
normal-5-1,normal,5,1,2,0,0_2,empty,0,0.00x,true
normal-5-1,normal,5,1,2,1,1_2,empty,0,0.00x,true
normal-5-1,normal,5,1,2,2,2_2,center,5.5,5.50x,false
normal-5-1,normal,5,1,2,3,3_2,empty,0,0.00x,true
normal-5-1,normal,5,1,2,4,4_2,empty,0,0.00x,true
normal-5-1,normal,5,1,3,0,0_3,empty,0,0.00x,true
normal-5-1,normal,5,1,3,1,1_3,middle,1.8,1.80x,false
normal-5-1,normal,5,1,3,2,2_3,empty,0,0.00x,true
normal-5-1,normal,5,1,3,3,3_3,middle,1.8,1.80x,false
normal-5-1,normal,5,1,3,4,4_3,empty,0,0.00x,true
normal-5-1,normal,5,1,4,0,0_4,outer,0.8,0.80x,false
normal-5-1,normal,5,1,4,1,1_4,empty,0,0.00x,true
normal-5-1,normal,5,1,4,2,2_4,empty,0,0.00x,true
normal-5-1,normal,5,1,4,3,3_4,empty,0,0.00x,true
normal-5-1,normal,5,1,4,4,4_4,outer,0.8,0.80x,false
normal-5-2,normal,5,2,0,0,0_0,outer,0.8,0.80x,false
normal-5-2,normal,5,2,0,1,1_0,empty,0,0.00x,true
normal-5-2,normal,5,2,0,2,2_0,empty,0,0.00x,true
normal-5-2,normal,5,2,0,3,3_0,empty,0,0.00x,true
normal-5-2,normal,5,2,0,4,4_0,outer,0.8,0.80x,false
normal-5-2,normal,5,2,1,0,0_1,empty,0,0.00x,true
normal-5-2,normal,5,2,1,1,1_1,middle,1.8,1.80x,false
normal-5-2,normal,5,2,1,2,2_1,empty,0,0.00x,true
normal-5-2,normal,5,2,1,3,3_1,middle,1.8,1.80x,false
normal-5-2,normal,5,2,1,4,4_1,empty,0,0.00x,true
normal-5-2,normal,5,2,2,0,0_2,empty,0,0.00x,true
normal-5-2,normal,5,2,2,1,1_2,empty,0,0.00x,true
normal-5-2,normal,5,2,2,2,2_2,center,5.5,5.50x,false
normal-5-2,normal,5,2,2,3,3_2,empty,0,0.00x,true
normal-5-2,normal,5,2,2,4,4_2,empty,0,0.00x,true
normal-5-2,normal,5,2,3,0,0_3,empty,0,0.00x,true
normal-5-2,normal,5,2,3,1,1_3,middle,1.8,1.80x,false
normal-5-2,normal,5,2,3,2,2_3,empty,0,0.00x,true
normal-5-2,normal,5,2,3,3,3_3,middle,1.8,1.80x,false
normal-5-2,normal,5,2,3,4,4_3,empty,0,0.00x,true
normal-5-2,normal,5,2,4,0,0_4,outer,0.8,0.80x,false
normal-5-2,normal,5,2,4,1,1_4,empty,0,0.00x,true
normal-5-2,normal,5,2,4,2,2_4,empty,0,0.00x,true
normal-5-2,normal,5,2,4,3,3_4,empty,0,0.00x,true
normal-5-2,normal,5,2,4,4,4_4,outer,0.8,0.80x,false
normal-5-3,normal,5,3,0,0,0_0,outer,0.8,0.80x,false
normal-5-3,normal,5,3,0,1,1_0,empty,0,0.00x,true
normal-5-3,normal,5,3,0,2,2_0,empty,0,0.00x,true
normal-5-3,normal,5,3,0,3,3_0,empty,0,0.00x,true
normal-5-3,normal,5,3,0,4,4_0,outer,0.8,0.80x,false
normal-5-3,normal,5,3,1,0,0_1,empty,0,0.00x,true
normal-5-3,normal,5,3,1,1,1_1,middle,1.8,1.80x,false
normal-5-3,normal,5,3,1,2,2_1,empty,0,0.00x,true
normal-5-3,normal,5,3,1,3,3_1,middle,1.8,1.80x,false
normal-5-3,normal,5,3,1,4,4_1,empty,0,0.00x,true
normal-5-3,normal,5,3,2,0,0_2,empty,0,0.00x,true
normal-5-3,normal,5,3,2,1,1_2,empty,0,0.00x,true
normal-5-3,normal,5,3,2,2,2_2,center,5.5,5.50x,false
normal-5-3,normal,5,3,2,3,3_2,empty,0,0.00x,true
normal-5-3,normal,5,3,2,4,4_2,empty,0,0.00x,true
normal-5-3,normal,5,3,3,0,0_3,empty,0,0.00x,true
normal-5-3,normal,5,3,3,1,1_3,middle,1.8,1.80x,false
normal-5-3,normal,5,3,3,2,2_3,empty,0,0.00x,true
normal-5-3,normal,5,3,3,3,3_3,middle,1.8,1.80x,false
normal-5-3,normal,5,3,3,4,4_3,empty,0,0.00x,true
normal-5-3,normal,5,3,4,0,0_4,outer,0.8,0.80x,false
normal-5-3,normal,5,3,4,1,1_4,empty,0,0.00x,true
normal-5-3,normal,5,3,4,2,2_4,empty,0,0.00x,true
normal-5-3,normal,5,3,4,3,3_4,empty,0,0.00x,true
normal-5-3,normal,5,3,4,4,4_4,outer,0.8,0.80x,false
normal-6-1,normal,6,1,0,0,0_0,outer,0.8,0.80x,false
normal-6-1,normal,6,1,0,1,1_0,empty,0,0.00x,true
normal-6-1,normal,6,1,0,2,2_0,empty,0,0.00x,true
normal-6-1,normal,6,1,0,3,3_0,empty,0,0.00x,true
normal-6-1,normal,6,1,0,4,4_0,empty,0,0.00x,true
normal-6-1,normal,6,1,0,5,5_0,outer,0.8,0.80x,false
normal-6-1,normal,6,1,1,0,0_1,empty,0,0.00x,true
normal-6-1,normal,6,1,1,1,1_1,middle,1.8,1.80x,false
normal-6-1,normal,6,1,1,2,2_1,empty,0,0.00x,true
normal-6-1,normal,6,1,1,3,3_1,empty,0,0.00x,true
normal-6-1,normal,6,1,1,4,4_1,middle,1.8,1.80x,false
normal-6-1,normal,6,1,1,5,5_1,empty,0,0.00x,true
normal-6-1,normal,6,1,2,0,0_2,empty,0,0.00x,true
normal-6-1,normal,6,1,2,1,1_2,empty,0,0.00x,true
normal-6-1,normal,6,1,2,2,2_2,center,5.5,5.50x,false
normal-6-1,normal,6,1,2,3,3_2,center,5.5,5.50x,false
normal-6-1,normal,6,1,2,4,4_2,empty,0,0.00x,true
normal-6-1,normal,6,1,2,5,5_2,empty,0,0.00x,true
normal-6-1,normal,6,1,3,0,0_3,empty,0,0.00x,true
normal-6-1,normal,6,1,3,1,1_3,empty,0,0.00x,true
normal-6-1,normal,6,1,3,2,2_3,center,5.5,5.50x,false
normal-6-1,normal,6,1,3,3,3_3,center,5.5,5.50x,false
normal-6-1,normal,6,1,3,4,4_3,empty,0,0.00x,true
normal-6-1,normal,6,1,3,5,5_3,empty,0,0.00x,true
normal-6-1,normal,6,1,4,0,0_4,empty,0,0.00x,true
normal-6-1,normal,6,1,4,1,1_4,middle,1.8,1.80x,false
normal-6-1,normal,6,1,4,2,2_4,empty,0,0.00x,true
normal-6-1,normal,6,1,4,3,3_4,empty,0,0.00x,true
normal-6-1,normal,6,1,4,4,4_4,middle,1.8,1.80x,false
normal-6-1,normal,6,1,4,5,5_4,empty,0,0.00x,true
normal-6-1,normal,6,1,5,0,0_5,outer,0.8,0.80x,false
normal-6-1,normal,6,1,5,1,1_5,empty,0,0.00x,true
normal-6-1,normal,6,1,5,2,2_5,empty,0,0.00x,true
normal-6-1,normal,6,1,5,3,3_5,empty,0,0.00x,true
normal-6-1,normal,6,1,5,4,4_5,empty,0,0.00x,true
normal-6-1,normal,6,1,5,5,5_5,outer,0.8,0.80x,false
normal-6-2,normal,6,2,0,0,0_0,outer,0.8,0.80x,false
normal-6-2,normal,6,2,0,1,1_0,empty,0,0.00x,true
normal-6-2,normal,6,2,0,2,2_0,empty,0,0.00x,true
normal-6-2,normal,6,2,0,3,3_0,empty,0,0.00x,true
normal-6-2,normal,6,2,0,4,4_0,empty,0,0.00x,true
normal-6-2,normal,6,2,0,5,5_0,outer,0.8,0.80x,false
normal-6-2,normal,6,2,1,0,0_1,empty,0,0.00x,true
normal-6-2,normal,6,2,1,1,1_1,middle,1.8,1.80x,false
normal-6-2,normal,6,2,1,2,2_1,empty,0,0.00x,true
normal-6-2,normal,6,2,1,3,3_1,empty,0,0.00x,true
normal-6-2,normal,6,2,1,4,4_1,middle,1.8,1.80x,false
normal-6-2,normal,6,2,1,5,5_1,empty,0,0.00x,true
normal-6-2,normal,6,2,2,0,0_2,empty,0,0.00x,true
normal-6-2,normal,6,2,2,1,1_2,empty,0,0.00x,true
normal-6-2,normal,6,2,2,2,2_2,center,5.5,5.50x,false
normal-6-2,normal,6,2,2,3,3_2,center,5.5,5.50x,false
normal-6-2,normal,6,2,2,4,4_2,empty,0,0.00x,true
normal-6-2,normal,6,2,2,5,5_2,empty,0,0.00x,true
normal-6-2,normal,6,2,3,0,0_3,empty,0,0.00x,true
normal-6-2,normal,6,2,3,1,1_3,empty,0,0.00x,true
normal-6-2,normal,6,2,3,2,2_3,center,5.5,5.50x,false
normal-6-2,normal,6,2,3,3,3_3,center,5.5,5.50x,false
normal-6-2,normal,6,2,3,4,4_3,empty,0,0.00x,true
normal-6-2,normal,6,2,3,5,5_3,empty,0,0.00x,true
normal-6-2,normal,6,2,4,0,0_4,empty,0,0.00x,true
normal-6-2,normal,6,2,4,1,1_4,middle,1.8,1.80x,false
normal-6-2,normal,6,2,4,2,2_4,empty,0,0.00x,true
normal-6-2,normal,6,2,4,3,3_4,empty,0,0.00x,true
normal-6-2,normal,6,2,4,4,4_4,middle,1.8,1.80x,false
normal-6-2,normal,6,2,4,5,5_4,empty,0,0.00x,true
normal-6-2,normal,6,2,5,0,0_5,outer,0.8,0.80x,false
normal-6-2,normal,6,2,5,1,1_5,empty,0,0.00x,true
normal-6-2,normal,6,2,5,2,2_5,empty,0,0.00x,true
normal-6-2,normal,6,2,5,3,3_5,empty,0,0.00x,true
normal-6-2,normal,6,2,5,4,4_5,empty,0,0.00x,true
normal-6-2,normal,6,2,5,5,5_5,outer,0.8,0.80x,false
normal-6-3,normal,6,3,0,0,0_0,outer,0.8,0.80x,false
normal-6-3,normal,6,3,0,1,1_0,empty,0,0.00x,true
normal-6-3,normal,6,3,0,2,2_0,empty,0,0.00x,true
normal-6-3,normal,6,3,0,3,3_0,empty,0,0.00x,true
normal-6-3,normal,6,3,0,4,4_0,empty,0,0.00x,true
normal-6-3,normal,6,3,0,5,5_0,outer,0.8,0.80x,false
normal-6-3,normal,6,3,1,0,0_1,empty,0,0.00x,true
normal-6-3,normal,6,3,1,1,1_1,middle,1.8,1.80x,false
normal-6-3,normal,6,3,1,2,2_1,empty,0,0.00x,true
normal-6-3,normal,6,3,1,3,3_1,empty,0,0.00x,true
normal-6-3,normal,6,3,1,4,4_1,middle,1.8,1.80x,false
normal-6-3,normal,6,3,1,5,5_1,empty,0,0.00x,true
normal-6-3,normal,6,3,2,0,0_2,empty,0,0.00x,true
normal-6-3,normal,6,3,2,1,1_2,empty,0,0.00x,true
normal-6-3,normal,6,3,2,2,2_2,center,5.5,5.50x,false
normal-6-3,normal,6,3,2,3,3_2,center,5.5,5.50x,false
normal-6-3,normal,6,3,2,4,4_2,empty,0,0.00x,true
normal-6-3,normal,6,3,2,5,5_2,empty,0,0.00x,true
normal-6-3,normal,6,3,3,0,0_3,empty,0,0.00x,true
normal-6-3,normal,6,3,3,1,1_3,empty,0,0.00x,true
normal-6-3,normal,6,3,3,2,2_3,center,5.5,5.50x,false
normal-6-3,normal,6,3,3,3,3_3,center,5.5,5.50x,false
normal-6-3,normal,6,3,3,4,4_3,empty,0,0.00x,true
normal-6-3,normal,6,3,3,5,5_3,empty,0,0.00x,true
normal-6-3,normal,6,3,4,0,0_4,empty,0,0.00x,true
normal-6-3,normal,6,3,4,1,1_4,middle,1.8,1.80x,false
normal-6-3,normal,6,3,4,2,2_4,empty,0,0.00x,true
normal-6-3,normal,6,3,4,3,3_4,empty,0,0.00x,true
normal-6-3,normal,6,3,4,4,4_4,middle,1.8,1.80x,false
normal-6-3,normal,6,3,4,5,5_4,empty,0,0.00x,true
normal-6-3,normal,6,3,5,0,0_5,outer,0.8,0.80x,false
normal-6-3,normal,6,3,5,1,1_5,empty,0,0.00x,true
normal-6-3,normal,6,3,5,2,2_5,empty,0,0.00x,true
normal-6-3,normal,6,3,5,3,3_5,empty,0,0.00x,true
normal-6-3,normal,6,3,5,4,4_5,empty,0,0.00x,true
normal-6-3,normal,6,3,5,5,5_5,outer,0.8,0.80x,false
normal-7-1,normal,7,1,0,0,0_0,outer,0.8,0.80x,false
normal-7-1,normal,7,1,0,1,1_0,empty,0,0.00x,true
normal-7-1,normal,7,1,0,2,2_0,empty,0,0.00x,true
normal-7-1,normal,7,1,0,3,3_0,empty,0,0.00x,true
normal-7-1,normal,7,1,0,4,4_0,empty,0,0.00x,true
normal-7-1,normal,7,1,0,5,5_0,empty,0,0.00x,true
normal-7-1,normal,7,1,0,6,6_0,outer,0.8,0.80x,false
normal-7-1,normal,7,1,1,0,0_1,empty,0,0.00x,true
normal-7-1,normal,7,1,1,1,1_1,middle,1.8,1.80x,false
normal-7-1,normal,7,1,1,2,2_1,empty,0,0.00x,true
normal-7-1,normal,7,1,1,3,3_1,empty,0,0.00x,true
normal-7-1,normal,7,1,1,4,4_1,empty,0,0.00x,true
normal-7-1,normal,7,1,1,5,5_1,middle,1.8,1.80x,false
normal-7-1,normal,7,1,1,6,6_1,empty,0,0.00x,true
normal-7-1,normal,7,1,2,0,0_2,empty,0,0.00x,true
normal-7-1,normal,7,1,2,1,1_2,empty,0,0.00x,true
normal-7-1,normal,7,1,2,2,2_2,middle,1.8,1.80x,false
normal-7-1,normal,7,1,2,3,3_2,empty,0,0.00x,true
normal-7-1,normal,7,1,2,4,4_2,middle,1.8,1.80x,false
normal-7-1,normal,7,1,2,5,5_2,empty,0,0.00x,true
normal-7-1,normal,7,1,2,6,6_2,empty,0,0.00x,true
normal-7-1,normal,7,1,3,0,0_3,empty,0,0.00x,true
normal-7-1,normal,7,1,3,1,1_3,empty,0,0.00x,true
normal-7-1,normal,7,1,3,2,2_3,empty,0,0.00x,true
normal-7-1,normal,7,1,3,3,3_3,center,5.5,5.50x,false
normal-7-1,normal,7,1,3,4,4_3,empty,0,0.00x,true
normal-7-1,normal,7,1,3,5,5_3,empty,0,0.00x,true
normal-7-1,normal,7,1,3,6,6_3,empty,0,0.00x,true
normal-7-1,normal,7,1,4,0,0_4,empty,0,0.00x,true
normal-7-1,normal,7,1,4,1,1_4,empty,0,0.00x,true
normal-7-1,normal,7,1,4,2,2_4,middle,1.8,1.80x,false
normal-7-1,normal,7,1,4,3,3_4,empty,0,0.00x,true
normal-7-1,normal,7,1,4,4,4_4,middle,1.8,1.80x,false
normal-7-1,normal,7,1,4,5,5_4,empty,0,0.00x,true
normal-7-1,normal,7,1,4,6,6_4,empty,0,0.00x,true
normal-7-1,normal,7,1,5,0,0_5,empty,0,0.00x,true
normal-7-1,normal,7,1,5,1,1_5,middle,1.8,1.80x,false
normal-7-1,normal,7,1,5,2,2_5,empty,0,0.00x,true
normal-7-1,normal,7,1,5,3,3_5,empty,0,0.00x,true
normal-7-1,normal,7,1,5,4,4_5,empty,0,0.00x,true
normal-7-1,normal,7,1,5,5,5_5,middle,1.8,1.80x,false
normal-7-1,normal,7,1,5,6,6_5,empty,0,0.00x,true
normal-7-1,normal,7,1,6,0,0_6,outer,0.8,0.80x,false
normal-7-1,normal,7,1,6,1,1_6,empty,0,0.00x,true
normal-7-1,normal,7,1,6,2,2_6,empty,0,0.00x,true
normal-7-1,normal,7,1,6,3,3_6,empty,0,0.00x,true
normal-7-1,normal,7,1,6,4,4_6,empty,0,0.00x,true
normal-7-1,normal,7,1,6,5,5_6,empty,0,0.00x,true
normal-7-1,normal,7,1,6,6,6_6,outer,0.8,0.80x,false
normal-7-2,normal,7,2,0,0,0_0,outer,0.8,0.80x,false
normal-7-2,normal,7,2,0,1,1_0,empty,0,0.00x,true
normal-7-2,normal,7,2,0,2,2_0,empty,0,0.00x,true
normal-7-2,normal,7,2,0,3,3_0,empty,0,0.00x,true
normal-7-2,normal,7,2,0,4,4_0,empty,0,0.00x,true
normal-7-2,normal,7,2,0,5,5_0,empty,0,0.00x,true
normal-7-2,normal,7,2,0,6,6_0,outer,0.8,0.80x,false
normal-7-2,normal,7,2,1,0,0_1,empty,0,0.00x,true
normal-7-2,normal,7,2,1,1,1_1,middle,1.8,1.80x,false
normal-7-2,normal,7,2,1,2,2_1,empty,0,0.00x,true
normal-7-2,normal,7,2,1,3,3_1,empty,0,0.00x,true
normal-7-2,normal,7,2,1,4,4_1,empty,0,0.00x,true
normal-7-2,normal,7,2,1,5,5_1,middle,1.8,1.80x,false
normal-7-2,normal,7,2,1,6,6_1,empty,0,0.00x,true
normal-7-2,normal,7,2,2,0,0_2,empty,0,0.00x,true
normal-7-2,normal,7,2,2,1,1_2,empty,0,0.00x,true
normal-7-2,normal,7,2,2,2,2_2,middle,1.8,1.80x,false
normal-7-2,normal,7,2,2,3,3_2,empty,0,0.00x,true
normal-7-2,normal,7,2,2,4,4_2,middle,1.8,1.80x,false
normal-7-2,normal,7,2,2,5,5_2,empty,0,0.00x,true
normal-7-2,normal,7,2,2,6,6_2,empty,0,0.00x,true
normal-7-2,normal,7,2,3,0,0_3,empty,0,0.00x,true
normal-7-2,normal,7,2,3,1,1_3,empty,0,0.00x,true
normal-7-2,normal,7,2,3,2,2_3,empty,0,0.00x,true
normal-7-2,normal,7,2,3,3,3_3,center,5.5,5.50x,false
normal-7-2,normal,7,2,3,4,4_3,empty,0,0.00x,true
normal-7-2,normal,7,2,3,5,5_3,empty,0,0.00x,true
normal-7-2,normal,7,2,3,6,6_3,empty,0,0.00x,true
normal-7-2,normal,7,2,4,0,0_4,empty,0,0.00x,true
normal-7-2,normal,7,2,4,1,1_4,empty,0,0.00x,true
normal-7-2,normal,7,2,4,2,2_4,middle,1.8,1.80x,false
normal-7-2,normal,7,2,4,3,3_4,empty,0,0.00x,true
normal-7-2,normal,7,2,4,4,4_4,middle,1.8,1.80x,false
normal-7-2,normal,7,2,4,5,5_4,empty,0,0.00x,true
normal-7-2,normal,7,2,4,6,6_4,empty,0,0.00x,true
normal-7-2,normal,7,2,5,0,0_5,empty,0,0.00x,true
normal-7-2,normal,7,2,5,1,1_5,middle,1.8,1.80x,false
normal-7-2,normal,7,2,5,2,2_5,empty,0,0.00x,true
normal-7-2,normal,7,2,5,3,3_5,empty,0,0.00x,true
normal-7-2,normal,7,2,5,4,4_5,empty,0,0.00x,true
normal-7-2,normal,7,2,5,5,5_5,middle,1.8,1.80x,false
normal-7-2,normal,7,2,5,6,6_5,empty,0,0.00x,true
normal-7-2,normal,7,2,6,0,0_6,outer,0.8,0.80x,false
normal-7-2,normal,7,2,6,1,1_6,empty,0,0.00x,true
normal-7-2,normal,7,2,6,2,2_6,empty,0,0.00x,true
normal-7-2,normal,7,2,6,3,3_6,empty,0,0.00x,true
normal-7-2,normal,7,2,6,4,4_6,empty,0,0.00x,true
normal-7-2,normal,7,2,6,5,5_6,empty,0,0.00x,true
normal-7-2,normal,7,2,6,6,6_6,outer,0.8,0.80x,false
normal-7-3,normal,7,3,0,0,0_0,outer,0.8,0.80x,false
normal-7-3,normal,7,3,0,1,1_0,empty,0,0.00x,true
normal-7-3,normal,7,3,0,2,2_0,empty,0,0.00x,true
normal-7-3,normal,7,3,0,3,3_0,empty,0,0.00x,true
normal-7-3,normal,7,3,0,4,4_0,empty,0,0.00x,true
normal-7-3,normal,7,3,0,5,5_0,empty,0,0.00x,true
normal-7-3,normal,7,3,0,6,6_0,outer,0.8,0.80x,false
normal-7-3,normal,7,3,1,0,0_1,empty,0,0.00x,true
normal-7-3,normal,7,3,1,1,1_1,middle,1.8,1.80x,false
normal-7-3,normal,7,3,1,2,2_1,empty,0,0.00x,true
normal-7-3,normal,7,3,1,3,3_1,empty,0,0.00x,true
normal-7-3,normal,7,3,1,4,4_1,empty,0,0.00x,true
normal-7-3,normal,7,3,1,5,5_1,middle,1.8,1.80x,false
normal-7-3,normal,7,3,1,6,6_1,empty,0,0.00x,true
normal-7-3,normal,7,3,2,0,0_2,empty,0,0.00x,true
normal-7-3,normal,7,3,2,1,1_2,empty,0,0.00x,true
normal-7-3,normal,7,3,2,2,2_2,middle,1.8,1.80x,false
normal-7-3,normal,7,3,2,3,3_2,empty,0,0.00x,true
normal-7-3,normal,7,3,2,4,4_2,middle,1.8,1.80x,false
normal-7-3,normal,7,3,2,5,5_2,empty,0,0.00x,true
normal-7-3,normal,7,3,2,6,6_2,empty,0,0.00x,true
normal-7-3,normal,7,3,3,0,0_3,empty,0,0.00x,true
normal-7-3,normal,7,3,3,1,1_3,empty,0,0.00x,true
normal-7-3,normal,7,3,3,2,2_3,empty,0,0.00x,true
normal-7-3,normal,7,3,3,3,3_3,center,5.5,5.50x,false
normal-7-3,normal,7,3,3,4,4_3,empty,0,0.00x,true
normal-7-3,normal,7,3,3,5,5_3,empty,0,0.00x,true
normal-7-3,normal,7,3,3,6,6_3,empty,0,0.00x,true
normal-7-3,normal,7,3,4,0,0_4,empty,0,0.00x,true
normal-7-3,normal,7,3,4,1,1_4,empty,0,0.00x,true
normal-7-3,normal,7,3,4,2,2_4,middle,1.8,1.80x,false
normal-7-3,normal,7,3,4,3,3_4,empty,0,0.00x,true
normal-7-3,normal,7,3,4,4,4_4,middle,1.8,1.80x,false
normal-7-3,normal,7,3,4,5,5_4,empty,0,0.00x,true
normal-7-3,normal,7,3,4,6,6_4,empty,0,0.00x,true
normal-7-3,normal,7,3,5,0,0_5,empty,0,0.00x,true
normal-7-3,normal,7,3,5,1,1_5,middle,1.8,1.80x,false
normal-7-3,normal,7,3,5,2,2_5,empty,0,0.00x,true
normal-7-3,normal,7,3,5,3,3_5,empty,0,0.00x,true
normal-7-3,normal,7,3,5,4,4_5,empty,0,0.00x,true
normal-7-3,normal,7,3,5,5,5_5,middle,1.8,1.80x,false
normal-7-3,normal,7,3,5,6,6_5,empty,0,0.00x,true
normal-7-3,normal,7,3,6,0,0_6,outer,0.8,0.80x,false
normal-7-3,normal,7,3,6,1,1_6,empty,0,0.00x,true
normal-7-3,normal,7,3,6,2,2_6,empty,0,0.00x,true
normal-7-3,normal,7,3,6,3,3_6,empty,0,0.00x,true
normal-7-3,normal,7,3,6,4,4_6,empty,0,0.00x,true
normal-7-3,normal,7,3,6,5,5_6,empty,0,0.00x,true
normal-7-3,normal,7,3,6,6,6_6,outer,0.8,0.80x,false
normal-8-1,normal,8,1,0,0,0_0,outer,0.8,0.80x,false
normal-8-1,normal,8,1,0,1,1_0,empty,0,0.00x,true
normal-8-1,normal,8,1,0,2,2_0,empty,0,0.00x,true
normal-8-1,normal,8,1,0,3,3_0,empty,0,0.00x,true
normal-8-1,normal,8,1,0,4,4_0,empty,0,0.00x,true
normal-8-1,normal,8,1,0,5,5_0,empty,0,0.00x,true
normal-8-1,normal,8,1,0,6,6_0,empty,0,0.00x,true
normal-8-1,normal,8,1,0,7,7_0,outer,0.8,0.80x,false
normal-8-1,normal,8,1,1,0,0_1,empty,0,0.00x,true
normal-8-1,normal,8,1,1,1,1_1,middle,1.8,1.80x,false
normal-8-1,normal,8,1,1,2,2_1,empty,0,0.00x,true
normal-8-1,normal,8,1,1,3,3_1,empty,0,0.00x,true
normal-8-1,normal,8,1,1,4,4_1,empty,0,0.00x,true
normal-8-1,normal,8,1,1,5,5_1,empty,0,0.00x,true
normal-8-1,normal,8,1,1,6,6_1,middle,1.8,1.80x,false
normal-8-1,normal,8,1,1,7,7_1,empty,0,0.00x,true
normal-8-1,normal,8,1,2,0,0_2,empty,0,0.00x,true
normal-8-1,normal,8,1,2,1,1_2,empty,0,0.00x,true
normal-8-1,normal,8,1,2,2,2_2,middle,1.8,1.80x,false
normal-8-1,normal,8,1,2,3,3_2,empty,0,0.00x,true
normal-8-1,normal,8,1,2,4,4_2,empty,0,0.00x,true
normal-8-1,normal,8,1,2,5,5_2,middle,1.8,1.80x,false
normal-8-1,normal,8,1,2,6,6_2,empty,0,0.00x,true
normal-8-1,normal,8,1,2,7,7_2,empty,0,0.00x,true
normal-8-1,normal,8,1,3,0,0_3,empty,0,0.00x,true
normal-8-1,normal,8,1,3,1,1_3,empty,0,0.00x,true
normal-8-1,normal,8,1,3,2,2_3,empty,0,0.00x,true
normal-8-1,normal,8,1,3,3,3_3,center,5.5,5.50x,false
normal-8-1,normal,8,1,3,4,4_3,center,5.5,5.50x,false
normal-8-1,normal,8,1,3,5,5_3,empty,0,0.00x,true
normal-8-1,normal,8,1,3,6,6_3,empty,0,0.00x,true
normal-8-1,normal,8,1,3,7,7_3,empty,0,0.00x,true
normal-8-1,normal,8,1,4,0,0_4,empty,0,0.00x,true
normal-8-1,normal,8,1,4,1,1_4,empty,0,0.00x,true
normal-8-1,normal,8,1,4,2,2_4,empty,0,0.00x,true
normal-8-1,normal,8,1,4,3,3_4,center,5.5,5.50x,false
normal-8-1,normal,8,1,4,4,4_4,center,5.5,5.50x,false
normal-8-1,normal,8,1,4,5,5_4,empty,0,0.00x,true
normal-8-1,normal,8,1,4,6,6_4,empty,0,0.00x,true
normal-8-1,normal,8,1,4,7,7_4,empty,0,0.00x,true
normal-8-1,normal,8,1,5,0,0_5,empty,0,0.00x,true
normal-8-1,normal,8,1,5,1,1_5,empty,0,0.00x,true
normal-8-1,normal,8,1,5,2,2_5,middle,1.8,1.80x,false
normal-8-1,normal,8,1,5,3,3_5,empty,0,0.00x,true
normal-8-1,normal,8,1,5,4,4_5,empty,0,0.00x,true
normal-8-1,normal,8,1,5,5,5_5,middle,1.8,1.80x,false
normal-8-1,normal,8,1,5,6,6_5,empty,0,0.00x,true
normal-8-1,normal,8,1,5,7,7_5,empty,0,0.00x,true
normal-8-1,normal,8,1,6,0,0_6,empty,0,0.00x,true
normal-8-1,normal,8,1,6,1,1_6,middle,1.8,1.80x,false
normal-8-1,normal,8,1,6,2,2_6,empty,0,0.00x,true
normal-8-1,normal,8,1,6,3,3_6,empty,0,0.00x,true
normal-8-1,normal,8,1,6,4,4_6,empty,0,0.00x,true
normal-8-1,normal,8,1,6,5,5_6,empty,0,0.00x,true
normal-8-1,normal,8,1,6,6,6_6,middle,1.8,1.80x,false
normal-8-1,normal,8,1,6,7,7_6,empty,0,0.00x,true
normal-8-1,normal,8,1,7,0,0_7,outer,0.8,0.80x,false
normal-8-1,normal,8,1,7,1,1_7,empty,0,0.00x,true
normal-8-1,normal,8,1,7,2,2_7,empty,0,0.00x,true
normal-8-1,normal,8,1,7,3,3_7,empty,0,0.00x,true
normal-8-1,normal,8,1,7,4,4_7,empty,0,0.00x,true
normal-8-1,normal,8,1,7,5,5_7,empty,0,0.00x,true
normal-8-1,normal,8,1,7,6,6_7,empty,0,0.00x,true
normal-8-1,normal,8,1,7,7,7_7,outer,0.8,0.80x,false
normal-8-2,normal,8,2,0,0,0_0,outer,0.8,0.80x,false
normal-8-2,normal,8,2,0,1,1_0,empty,0,0.00x,true
normal-8-2,normal,8,2,0,2,2_0,empty,0,0.00x,true
normal-8-2,normal,8,2,0,3,3_0,empty,0,0.00x,true
normal-8-2,normal,8,2,0,4,4_0,empty,0,0.00x,true
normal-8-2,normal,8,2,0,5,5_0,empty,0,0.00x,true
normal-8-2,normal,8,2,0,6,6_0,empty,0,0.00x,true
normal-8-2,normal,8,2,0,7,7_0,outer,0.8,0.80x,false
normal-8-2,normal,8,2,1,0,0_1,empty,0,0.00x,true
normal-8-2,normal,8,2,1,1,1_1,middle,1.8,1.80x,false
normal-8-2,normal,8,2,1,2,2_1,empty,0,0.00x,true
normal-8-2,normal,8,2,1,3,3_1,empty,0,0.00x,true
normal-8-2,normal,8,2,1,4,4_1,empty,0,0.00x,true
normal-8-2,normal,8,2,1,5,5_1,empty,0,0.00x,true
normal-8-2,normal,8,2,1,6,6_1,middle,1.8,1.80x,false
normal-8-2,normal,8,2,1,7,7_1,empty,0,0.00x,true
normal-8-2,normal,8,2,2,0,0_2,empty,0,0.00x,true
normal-8-2,normal,8,2,2,1,1_2,empty,0,0.00x,true
normal-8-2,normal,8,2,2,2,2_2,middle,1.8,1.80x,false
normal-8-2,normal,8,2,2,3,3_2,empty,0,0.00x,true
normal-8-2,normal,8,2,2,4,4_2,empty,0,0.00x,true
normal-8-2,normal,8,2,2,5,5_2,middle,1.8,1.80x,false
normal-8-2,normal,8,2,2,6,6_2,empty,0,0.00x,true
normal-8-2,normal,8,2,2,7,7_2,empty,0,0.00x,true
normal-8-2,normal,8,2,3,0,0_3,empty,0,0.00x,true
normal-8-2,normal,8,2,3,1,1_3,empty,0,0.00x,true
normal-8-2,normal,8,2,3,2,2_3,empty,0,0.00x,true
normal-8-2,normal,8,2,3,3,3_3,center,5.5,5.50x,false
normal-8-2,normal,8,2,3,4,4_3,center,5.5,5.50x,false
normal-8-2,normal,8,2,3,5,5_3,empty,0,0.00x,true
normal-8-2,normal,8,2,3,6,6_3,empty,0,0.00x,true
normal-8-2,normal,8,2,3,7,7_3,empty,0,0.00x,true
normal-8-2,normal,8,2,4,0,0_4,empty,0,0.00x,true
normal-8-2,normal,8,2,4,1,1_4,empty,0,0.00x,true
normal-8-2,normal,8,2,4,2,2_4,empty,0,0.00x,true
normal-8-2,normal,8,2,4,3,3_4,center,5.5,5.50x,false
normal-8-2,normal,8,2,4,4,4_4,center,5.5,5.50x,false
normal-8-2,normal,8,2,4,5,5_4,empty,0,0.00x,true
normal-8-2,normal,8,2,4,6,6_4,empty,0,0.00x,true
normal-8-2,normal,8,2,4,7,7_4,empty,0,0.00x,true
normal-8-2,normal,8,2,5,0,0_5,empty,0,0.00x,true
normal-8-2,normal,8,2,5,1,1_5,empty,0,0.00x,true
normal-8-2,normal,8,2,5,2,2_5,middle,1.8,1.80x,false
normal-8-2,normal,8,2,5,3,3_5,empty,0,0.00x,true
normal-8-2,normal,8,2,5,4,4_5,empty,0,0.00x,true
normal-8-2,normal,8,2,5,5,5_5,middle,1.8,1.80x,false
normal-8-2,normal,8,2,5,6,6_5,empty,0,0.00x,true
normal-8-2,normal,8,2,5,7,7_5,empty,0,0.00x,true
normal-8-2,normal,8,2,6,0,0_6,empty,0,0.00x,true
normal-8-2,normal,8,2,6,1,1_6,middle,1.8,1.80x,false
normal-8-2,normal,8,2,6,2,2_6,empty,0,0.00x,true
normal-8-2,normal,8,2,6,3,3_6,empty,0,0.00x,true
normal-8-2,normal,8,2,6,4,4_6,empty,0,0.00x,true
normal-8-2,normal,8,2,6,5,5_6,empty,0,0.00x,true
normal-8-2,normal,8,2,6,6,6_6,middle,1.8,1.80x,false
normal-8-2,normal,8,2,6,7,7_6,empty,0,0.00x,true
normal-8-2,normal,8,2,7,0,0_7,outer,0.8,0.80x,false
normal-8-2,normal,8,2,7,1,1_7,empty,0,0.00x,true
normal-8-2,normal,8,2,7,2,2_7,empty,0,0.00x,true
normal-8-2,normal,8,2,7,3,3_7,empty,0,0.00x,true
normal-8-2,normal,8,2,7,4,4_7,empty,0,0.00x,true
normal-8-2,normal,8,2,7,5,5_7,empty,0,0.00x,true
normal-8-2,normal,8,2,7,6,6_7,empty,0,0.00x,true
normal-8-2,normal,8,2,7,7,7_7,outer,0.8,0.80x,false
normal-8-3,normal,8,3,0,0,0_0,outer,0.8,0.80x,false
normal-8-3,normal,8,3,0,1,1_0,empty,0,0.00x,true
normal-8-3,normal,8,3,0,2,2_0,empty,0,0.00x,true
normal-8-3,normal,8,3,0,3,3_0,empty,0,0.00x,true
normal-8-3,normal,8,3,0,4,4_0,empty,0,0.00x,true
normal-8-3,normal,8,3,0,5,5_0,empty,0,0.00x,true
normal-8-3,normal,8,3,0,6,6_0,empty,0,0.00x,true
normal-8-3,normal,8,3,0,7,7_0,outer,0.8,0.80x,false
normal-8-3,normal,8,3,1,0,0_1,empty,0,0.00x,true
normal-8-3,normal,8,3,1,1,1_1,middle,1.8,1.80x,false
normal-8-3,normal,8,3,1,2,2_1,empty,0,0.00x,true
normal-8-3,normal,8,3,1,3,3_1,empty,0,0.00x,true
normal-8-3,normal,8,3,1,4,4_1,empty,0,0.00x,true
normal-8-3,normal,8,3,1,5,5_1,empty,0,0.00x,true
normal-8-3,normal,8,3,1,6,6_1,middle,1.8,1.80x,false
normal-8-3,normal,8,3,1,7,7_1,empty,0,0.00x,true
normal-8-3,normal,8,3,2,0,0_2,empty,0,0.00x,true
normal-8-3,normal,8,3,2,1,1_2,empty,0,0.00x,true
normal-8-3,normal,8,3,2,2,2_2,middle,1.8,1.80x,false
normal-8-3,normal,8,3,2,3,3_2,empty,0,0.00x,true
normal-8-3,normal,8,3,2,4,4_2,empty,0,0.00x,true
normal-8-3,normal,8,3,2,5,5_2,middle,1.8,1.80x,false
normal-8-3,normal,8,3,2,6,6_2,empty,0,0.00x,true
normal-8-3,normal,8,3,2,7,7_2,empty,0,0.00x,true
normal-8-3,normal,8,3,3,0,0_3,empty,0,0.00x,true
normal-8-3,normal,8,3,3,1,1_3,empty,0,0.00x,true
normal-8-3,normal,8,3,3,2,2_3,empty,0,0.00x,true
normal-8-3,normal,8,3,3,3,3_3,center,5.5,5.50x,false
normal-8-3,normal,8,3,3,4,4_3,center,5.5,5.50x,false
normal-8-3,normal,8,3,3,5,5_3,empty,0,0.00x,true
normal-8-3,normal,8,3,3,6,6_3,empty,0,0.00x,true
normal-8-3,normal,8,3,3,7,7_3,empty,0,0.00x,true
normal-8-3,normal,8,3,4,0,0_4,empty,0,0.00x,true
normal-8-3,normal,8,3,4,1,1_4,empty,0,0.00x,true
normal-8-3,normal,8,3,4,2,2_4,empty,0,0.00x,true
normal-8-3,normal,8,3,4,3,3_4,center,5.5,5.50x,false
normal-8-3,normal,8,3,4,4,4_4,center,5.5,5.50x,false
normal-8-3,normal,8,3,4,5,5_4,empty,0,0.00x,true
normal-8-3,normal,8,3,4,6,6_4,empty,0,0.00x,true
normal-8-3,normal,8,3,4,7,7_4,empty,0,0.00x,true
normal-8-3,normal,8,3,5,0,0_5,empty,0,0.00x,true
normal-8-3,normal,8,3,5,1,1_5,empty,0,0.00x,true
normal-8-3,normal,8,3,5,2,2_5,middle,1.8,1.80x,false
normal-8-3,normal,8,3,5,3,3_5,empty,0,0.00x,true
normal-8-3,normal,8,3,5,4,4_5,empty,0,0.00x,true
normal-8-3,normal,8,3,5,5,5_5,middle,1.8,1.80x,false
normal-8-3,normal,8,3,5,6,6_5,empty,0,0.00x,true
normal-8-3,normal,8,3,5,7,7_5,empty,0,0.00x,true
normal-8-3,normal,8,3,6,0,0_6,empty,0,0.00x,true
normal-8-3,normal,8,3,6,1,1_6,middle,1.8,1.80x,false
normal-8-3,normal,8,3,6,2,2_6,empty,0,0.00x,true
normal-8-3,normal,8,3,6,3,3_6,empty,0,0.00x,true
normal-8-3,normal,8,3,6,4,4_6,empty,0,0.00x,true
normal-8-3,normal,8,3,6,5,5_6,empty,0,0.00x,true
normal-8-3,normal,8,3,6,6,6_6,middle,1.8,1.80x,false
normal-8-3,normal,8,3,6,7,7_6,empty,0,0.00x,true
normal-8-3,normal,8,3,7,0,0_7,outer,0.8,0.80x,false
normal-8-3,normal,8,3,7,1,1_7,empty,0,0.00x,true
normal-8-3,normal,8,3,7,2,2_7,empty,0,0.00x,true
normal-8-3,normal,8,3,7,3,3_7,empty,0,0.00x,true
normal-8-3,normal,8,3,7,4,4_7,empty,0,0.00x,true
normal-8-3,normal,8,3,7,5,5_7,empty,0,0.00x,true
normal-8-3,normal,8,3,7,6,6_7,empty,0,0.00x,true
normal-8-3,normal,8,3,7,7,7_7,outer,0.8,0.80x,false
normal-9-1,normal,9,1,0,0,0_0,outer,0.8,0.80x,false
normal-9-1,normal,9,1,0,1,1_0,empty,0,0.00x,true
normal-9-1,normal,9,1,0,2,2_0,empty,0,0.00x,true
normal-9-1,normal,9,1,0,3,3_0,empty,0,0.00x,true
normal-9-1,normal,9,1,0,4,4_0,empty,0,0.00x,true
normal-9-1,normal,9,1,0,5,5_0,empty,0,0.00x,true
normal-9-1,normal,9,1,0,6,6_0,empty,0,0.00x,true
normal-9-1,normal,9,1,0,7,7_0,empty,0,0.00x,true
normal-9-1,normal,9,1,0,8,8_0,outer,0.8,0.80x,false
normal-9-1,normal,9,1,1,0,0_1,empty,0,0.00x,true
normal-9-1,normal,9,1,1,1,1_1,middle,1.8,1.80x,false
normal-9-1,normal,9,1,1,2,2_1,empty,0,0.00x,true
normal-9-1,normal,9,1,1,3,3_1,empty,0,0.00x,true
normal-9-1,normal,9,1,1,4,4_1,empty,0,0.00x,true
normal-9-1,normal,9,1,1,5,5_1,empty,0,0.00x,true
normal-9-1,normal,9,1,1,6,6_1,empty,0,0.00x,true
normal-9-1,normal,9,1,1,7,7_1,middle,1.8,1.80x,false
normal-9-1,normal,9,1,1,8,8_1,empty,0,0.00x,true
normal-9-1,normal,9,1,2,0,0_2,empty,0,0.00x,true
normal-9-1,normal,9,1,2,1,1_2,empty,0,0.00x,true
normal-9-1,normal,9,1,2,2,2_2,middle,1.8,1.80x,false
normal-9-1,normal,9,1,2,3,3_2,empty,0,0.00x,true
normal-9-1,normal,9,1,2,4,4_2,empty,0,0.00x,true
normal-9-1,normal,9,1,2,5,5_2,empty,0,0.00x,true
normal-9-1,normal,9,1,2,6,6_2,middle,1.8,1.80x,false
normal-9-1,normal,9,1,2,7,7_2,empty,0,0.00x,true
normal-9-1,normal,9,1,2,8,8_2,empty,0,0.00x,true
normal-9-1,normal,9,1,3,0,0_3,empty,0,0.00x,true
normal-9-1,normal,9,1,3,1,1_3,empty,0,0.00x,true
normal-9-1,normal,9,1,3,2,2_3,empty,0,0.00x,true
normal-9-1,normal,9,1,3,3,3_3,middle,1.8,1.80x,false
normal-9-1,normal,9,1,3,4,4_3,empty,0,0.00x,true
normal-9-1,normal,9,1,3,5,5_3,middle,1.8,1.80x,false
normal-9-1,normal,9,1,3,6,6_3,empty,0,0.00x,true
normal-9-1,normal,9,1,3,7,7_3,empty,0,0.00x,true
normal-9-1,normal,9,1,3,8,8_3,empty,0,0.00x,true
normal-9-1,normal,9,1,4,0,0_4,empty,0,0.00x,true
normal-9-1,normal,9,1,4,1,1_4,empty,0,0.00x,true
normal-9-1,normal,9,1,4,2,2_4,empty,0,0.00x,true
normal-9-1,normal,9,1,4,3,3_4,empty,0,0.00x,true
normal-9-1,normal,9,1,4,4,4_4,center,5.5,5.50x,false
normal-9-1,normal,9,1,4,5,5_4,empty,0,0.00x,true
normal-9-1,normal,9,1,4,6,6_4,empty,0,0.00x,true
normal-9-1,normal,9,1,4,7,7_4,empty,0,0.00x,true
normal-9-1,normal,9,1,4,8,8_4,empty,0,0.00x,true
normal-9-1,normal,9,1,5,0,0_5,empty,0,0.00x,true
normal-9-1,normal,9,1,5,1,1_5,empty,0,0.00x,true
normal-9-1,normal,9,1,5,2,2_5,empty,0,0.00x,true
normal-9-1,normal,9,1,5,3,3_5,middle,1.8,1.80x,false
normal-9-1,normal,9,1,5,4,4_5,empty,0,0.00x,true
normal-9-1,normal,9,1,5,5,5_5,middle,1.8,1.80x,false
normal-9-1,normal,9,1,5,6,6_5,empty,0,0.00x,true
normal-9-1,normal,9,1,5,7,7_5,empty,0,0.00x,true
normal-9-1,normal,9,1,5,8,8_5,empty,0,0.00x,true
normal-9-1,normal,9,1,6,0,0_6,empty,0,0.00x,true
normal-9-1,normal,9,1,6,1,1_6,empty,0,0.00x,true
normal-9-1,normal,9,1,6,2,2_6,middle,1.8,1.80x,false
normal-9-1,normal,9,1,6,3,3_6,empty,0,0.00x,true
normal-9-1,normal,9,1,6,4,4_6,empty,0,0.00x,true
normal-9-1,normal,9,1,6,5,5_6,empty,0,0.00x,true
normal-9-1,normal,9,1,6,6,6_6,middle,1.8,1.80x,false
normal-9-1,normal,9,1,6,7,7_6,empty,0,0.00x,true
normal-9-1,normal,9,1,6,8,8_6,empty,0,0.00x,true
normal-9-1,normal,9,1,7,0,0_7,empty,0,0.00x,true
normal-9-1,normal,9,1,7,1,1_7,middle,1.8,1.80x,false
normal-9-1,normal,9,1,7,2,2_7,empty,0,0.00x,true
normal-9-1,normal,9,1,7,3,3_7,empty,0,0.00x,true
normal-9-1,normal,9,1,7,4,4_7,empty,0,0.00x,true
normal-9-1,normal,9,1,7,5,5_7,empty,0,0.00x,true
normal-9-1,normal,9,1,7,6,6_7,empty,0,0.00x,true
normal-9-1,normal,9,1,7,7,7_7,middle,1.8,1.80x,false
normal-9-1,normal,9,1,7,8,8_7,empty,0,0.00x,true
normal-9-1,normal,9,1,8,0,0_8,outer,0.8,0.80x,false
normal-9-1,normal,9,1,8,1,1_8,empty,0,0.00x,true
normal-9-1,normal,9,1,8,2,2_8,empty,0,0.00x,true
normal-9-1,normal,9,1,8,3,3_8,empty,0,0.00x,true
normal-9-1,normal,9,1,8,4,4_8,empty,0,0.00x,true
normal-9-1,normal,9,1,8,5,5_8,empty,0,0.00x,true
normal-9-1,normal,9,1,8,6,6_8,empty,0,0.00x,true
normal-9-1,normal,9,1,8,7,7_8,empty,0,0.00x,true
normal-9-1,normal,9,1,8,8,8_8,outer,0.8,0.80x,false
normal-9-2,normal,9,2,0,0,0_0,outer,0.8,0.80x,false
normal-9-2,normal,9,2,0,1,1_0,empty,0,0.00x,true
normal-9-2,normal,9,2,0,2,2_0,empty,0,0.00x,true
normal-9-2,normal,9,2,0,3,3_0,empty,0,0.00x,true
normal-9-2,normal,9,2,0,4,4_0,empty,0,0.00x,true
normal-9-2,normal,9,2,0,5,5_0,empty,0,0.00x,true
normal-9-2,normal,9,2,0,6,6_0,empty,0,0.00x,true
normal-9-2,normal,9,2,0,7,7_0,empty,0,0.00x,true
normal-9-2,normal,9,2,0,8,8_0,outer,0.8,0.80x,false
normal-9-2,normal,9,2,1,0,0_1,empty,0,0.00x,true
normal-9-2,normal,9,2,1,1,1_1,middle,1.8,1.80x,false
normal-9-2,normal,9,2,1,2,2_1,empty,0,0.00x,true
normal-9-2,normal,9,2,1,3,3_1,empty,0,0.00x,true
normal-9-2,normal,9,2,1,4,4_1,empty,0,0.00x,true
normal-9-2,normal,9,2,1,5,5_1,empty,0,0.00x,true
normal-9-2,normal,9,2,1,6,6_1,empty,0,0.00x,true
normal-9-2,normal,9,2,1,7,7_1,middle,1.8,1.80x,false
normal-9-2,normal,9,2,1,8,8_1,empty,0,0.00x,true
normal-9-2,normal,9,2,2,0,0_2,empty,0,0.00x,true
normal-9-2,normal,9,2,2,1,1_2,empty,0,0.00x,true
normal-9-2,normal,9,2,2,2,2_2,middle,1.8,1.80x,false
normal-9-2,normal,9,2,2,3,3_2,empty,0,0.00x,true
normal-9-2,normal,9,2,2,4,4_2,empty,0,0.00x,true
normal-9-2,normal,9,2,2,5,5_2,empty,0,0.00x,true
normal-9-2,normal,9,2,2,6,6_2,middle,1.8,1.80x,false
normal-9-2,normal,9,2,2,7,7_2,empty,0,0.00x,true
normal-9-2,normal,9,2,2,8,8_2,empty,0,0.00x,true
normal-9-2,normal,9,2,3,0,0_3,empty,0,0.00x,true
normal-9-2,normal,9,2,3,1,1_3,empty,0,0.00x,true
normal-9-2,normal,9,2,3,2,2_3,empty,0,0.00x,true
normal-9-2,normal,9,2,3,3,3_3,middle,1.8,1.80x,false
normal-9-2,normal,9,2,3,4,4_3,empty,0,0.00x,true
normal-9-2,normal,9,2,3,5,5_3,middle,1.8,1.80x,false
normal-9-2,normal,9,2,3,6,6_3,empty,0,0.00x,true
normal-9-2,normal,9,2,3,7,7_3,empty,0,0.00x,true
normal-9-2,normal,9,2,3,8,8_3,empty,0,0.00x,true
normal-9-2,normal,9,2,4,0,0_4,empty,0,0.00x,true
normal-9-2,normal,9,2,4,1,1_4,empty,0,0.00x,true
normal-9-2,normal,9,2,4,2,2_4,empty,0,0.00x,true
normal-9-2,normal,9,2,4,3,3_4,empty,0,0.00x,true
normal-9-2,normal,9,2,4,4,4_4,center,5.5,5.50x,false
normal-9-2,normal,9,2,4,5,5_4,empty,0,0.00x,true
normal-9-2,normal,9,2,4,6,6_4,empty,0,0.00x,true
normal-9-2,normal,9,2,4,7,7_4,empty,0,0.00x,true
normal-9-2,normal,9,2,4,8,8_4,empty,0,0.00x,true
normal-9-2,normal,9,2,5,0,0_5,empty,0,0.00x,true
normal-9-2,normal,9,2,5,1,1_5,empty,0,0.00x,true
normal-9-2,normal,9,2,5,2,2_5,empty,0,0.00x,true
normal-9-2,normal,9,2,5,3,3_5,middle,1.8,1.80x,false
normal-9-2,normal,9,2,5,4,4_5,empty,0,0.00x,true
normal-9-2,normal,9,2,5,5,5_5,middle,1.8,1.80x,false
normal-9-2,normal,9,2,5,6,6_5,empty,0,0.00x,true
normal-9-2,normal,9,2,5,7,7_5,empty,0,0.00x,true
normal-9-2,normal,9,2,5,8,8_5,empty,0,0.00x,true
normal-9-2,normal,9,2,6,0,0_6,empty,0,0.00x,true
normal-9-2,normal,9,2,6,1,1_6,empty,0,0.00x,true
normal-9-2,normal,9,2,6,2,2_6,middle,1.8,1.80x,false
normal-9-2,normal,9,2,6,3,3_6,empty,0,0.00x,true
normal-9-2,normal,9,2,6,4,4_6,empty,0,0.00x,true
normal-9-2,normal,9,2,6,5,5_6,empty,0,0.00x,true
normal-9-2,normal,9,2,6,6,6_6,middle,1.8,1.80x,false
normal-9-2,normal,9,2,6,7,7_6,empty,0,0.00x,true
normal-9-2,normal,9,2,6,8,8_6,empty,0,0.00x,true
normal-9-2,normal,9,2,7,0,0_7,empty,0,0.00x,true
normal-9-2,normal,9,2,7,1,1_7,middle,1.8,1.80x,false
normal-9-2,normal,9,2,7,2,2_7,empty,0,0.00x,true
normal-9-2,normal,9,2,7,3,3_7,empty,0,0.00x,true
normal-9-2,normal,9,2,7,4,4_7,empty,0,0.00x,true
normal-9-2,normal,9,2,7,5,5_7,empty,0,0.00x,true
normal-9-2,normal,9,2,7,6,6_7,empty,0,0.00x,true
normal-9-2,normal,9,2,7,7,7_7,middle,1.8,1.80x,false
normal-9-2,normal,9,2,7,8,8_7,empty,0,0.00x,true
normal-9-2,normal,9,2,8,0,0_8,outer,0.8,0.80x,false
normal-9-2,normal,9,2,8,1,1_8,empty,0,0.00x,true
normal-9-2,normal,9,2,8,2,2_8,empty,0,0.00x,true
normal-9-2,normal,9,2,8,3,3_8,empty,0,0.00x,true
normal-9-2,normal,9,2,8,4,4_8,empty,0,0.00x,true
normal-9-2,normal,9,2,8,5,5_8,empty,0,0.00x,true
normal-9-2,normal,9,2,8,6,6_8,empty,0,0.00x,true
normal-9-2,normal,9,2,8,7,7_8,empty,0,0.00x,true
normal-9-2,normal,9,2,8,8,8_8,outer,0.8,0.80x,false
normal-9-3,normal,9,3,0,0,0_0,outer,0.8,0.80x,false
normal-9-3,normal,9,3,0,1,1_0,empty,0,0.00x,true
normal-9-3,normal,9,3,0,2,2_0,empty,0,0.00x,true
normal-9-3,normal,9,3,0,3,3_0,empty,0,0.00x,true
normal-9-3,normal,9,3,0,4,4_0,empty,0,0.00x,true
normal-9-3,normal,9,3,0,5,5_0,empty,0,0.00x,true
normal-9-3,normal,9,3,0,6,6_0,empty,0,0.00x,true
normal-9-3,normal,9,3,0,7,7_0,empty,0,0.00x,true
normal-9-3,normal,9,3,0,8,8_0,outer,0.8,0.80x,false
normal-9-3,normal,9,3,1,0,0_1,empty,0,0.00x,true
normal-9-3,normal,9,3,1,1,1_1,middle,1.8,1.80x,false
normal-9-3,normal,9,3,1,2,2_1,empty,0,0.00x,true
normal-9-3,normal,9,3,1,3,3_1,empty,0,0.00x,true
normal-9-3,normal,9,3,1,4,4_1,empty,0,0.00x,true
normal-9-3,normal,9,3,1,5,5_1,empty,0,0.00x,true
normal-9-3,normal,9,3,1,6,6_1,empty,0,0.00x,true
normal-9-3,normal,9,3,1,7,7_1,middle,1.8,1.80x,false
normal-9-3,normal,9,3,1,8,8_1,empty,0,0.00x,true
normal-9-3,normal,9,3,2,0,0_2,empty,0,0.00x,true
normal-9-3,normal,9,3,2,1,1_2,empty,0,0.00x,true
normal-9-3,normal,9,3,2,2,2_2,middle,1.8,1.80x,false
normal-9-3,normal,9,3,2,3,3_2,empty,0,0.00x,true
normal-9-3,normal,9,3,2,4,4_2,empty,0,0.00x,true
normal-9-3,normal,9,3,2,5,5_2,empty,0,0.00x,true
normal-9-3,normal,9,3,2,6,6_2,middle,1.8,1.80x,false
normal-9-3,normal,9,3,2,7,7_2,empty,0,0.00x,true
normal-9-3,normal,9,3,2,8,8_2,empty,0,0.00x,true
normal-9-3,normal,9,3,3,0,0_3,empty,0,0.00x,true
normal-9-3,normal,9,3,3,1,1_3,empty,0,0.00x,true
normal-9-3,normal,9,3,3,2,2_3,empty,0,0.00x,true
normal-9-3,normal,9,3,3,3,3_3,middle,1.8,1.80x,false
normal-9-3,normal,9,3,3,4,4_3,empty,0,0.00x,true
normal-9-3,normal,9,3,3,5,5_3,middle,1.8,1.80x,false
normal-9-3,normal,9,3,3,6,6_3,empty,0,0.00x,true
normal-9-3,normal,9,3,3,7,7_3,empty,0,0.00x,true
normal-9-3,normal,9,3,3,8,8_3,empty,0,0.00x,true
normal-9-3,normal,9,3,4,0,0_4,empty,0,0.00x,true
normal-9-3,normal,9,3,4,1,1_4,empty,0,0.00x,true
normal-9-3,normal,9,3,4,2,2_4,empty,0,0.00x,true
normal-9-3,normal,9,3,4,3,3_4,empty,0,0.00x,true
normal-9-3,normal,9,3,4,4,4_4,center,5.5,5.50x,false
normal-9-3,normal,9,3,4,5,5_4,empty,0,0.00x,true
normal-9-3,normal,9,3,4,6,6_4,empty,0,0.00x,true
normal-9-3,normal,9,3,4,7,7_4,empty,0,0.00x,true
normal-9-3,normal,9,3,4,8,8_4,empty,0,0.00x,true
normal-9-3,normal,9,3,5,0,0_5,empty,0,0.00x,true
normal-9-3,normal,9,3,5,1,1_5,empty,0,0.00x,true
normal-9-3,normal,9,3,5,2,2_5,empty,0,0.00x,true
normal-9-3,normal,9,3,5,3,3_5,middle,1.8,1.80x,false
normal-9-3,normal,9,3,5,4,4_5,empty,0,0.00x,true
normal-9-3,normal,9,3,5,5,5_5,middle,1.8,1.80x,false
normal-9-3,normal,9,3,5,6,6_5,empty,0,0.00x,true
normal-9-3,normal,9,3,5,7,7_5,empty,0,0.00x,true
normal-9-3,normal,9,3,5,8,8_5,empty,0,0.00x,true
normal-9-3,normal,9,3,6,0,0_6,empty,0,0.00x,true
normal-9-3,normal,9,3,6,1,1_6,empty,0,0.00x,true
normal-9-3,normal,9,3,6,2,2_6,middle,1.8,1.80x,false
normal-9-3,normal,9,3,6,3,3_6,empty,0,0.00x,true
normal-9-3,normal,9,3,6,4,4_6,empty,0,0.00x,true
normal-9-3,normal,9,3,6,5,5_6,empty,0,0.00x,true
normal-9-3,normal,9,3,6,6,6_6,middle,1.8,1.80x,false
normal-9-3,normal,9,3,6,7,7_6,empty,0,0.00x,true
normal-9-3,normal,9,3,6,8,8_6,empty,0,0.00x,true
normal-9-3,normal,9,3,7,0,0_7,empty,0,0.00x,true
normal-9-3,normal,9,3,7,1,1_7,middle,1.8,1.80x,false
normal-9-3,normal,9,3,7,2,2_7,empty,0,0.00x,true
normal-9-3,normal,9,3,7,3,3_7,empty,0,0.00x,true
normal-9-3,normal,9,3,7,4,4_7,empty,0,0.00x,true
normal-9-3,normal,9,3,7,5,5_7,empty,0,0.00x,true
normal-9-3,normal,9,3,7,6,6_7,empty,0,0.00x,true
normal-9-3,normal,9,3,7,7,7_7,middle,1.8,1.80x,false
normal-9-3,normal,9,3,7,8,8_7,empty,0,0.00x,true
normal-9-3,normal,9,3,8,0,0_8,outer,0.8,0.80x,false
normal-9-3,normal,9,3,8,1,1_8,empty,0,0.00x,true
normal-9-3,normal,9,3,8,2,2_8,empty,0,0.00x,true
normal-9-3,normal,9,3,8,3,3_8,empty,0,0.00x,true
normal-9-3,normal,9,3,8,4,4_8,empty,0,0.00x,true
normal-9-3,normal,9,3,8,5,5_8,empty,0,0.00x,true
normal-9-3,normal,9,3,8,6,6_8,empty,0,0.00x,true
normal-9-3,normal,9,3,8,7,7_8,empty,0,0.00x,true
normal-9-3,normal,9,3,8,8,8_8,outer,0.8,0.80x,false
normal-10-1,normal,10,1,0,0,0_0,outer,0.8,0.80x,false
normal-10-1,normal,10,1,0,1,1_0,empty,0,0.00x,true
normal-10-1,normal,10,1,0,2,2_0,empty,0,0.00x,true
normal-10-1,normal,10,1,0,3,3_0,empty,0,0.00x,true
normal-10-1,normal,10,1,0,4,4_0,empty,0,0.00x,true
normal-10-1,normal,10,1,0,5,5_0,empty,0,0.00x,true
normal-10-1,normal,10,1,0,6,6_0,empty,0,0.00x,true
normal-10-1,normal,10,1,0,7,7_0,empty,0,0.00x,true
normal-10-1,normal,10,1,0,8,8_0,empty,0,0.00x,true
normal-10-1,normal,10,1,0,9,9_0,outer,0.8,0.80x,false
normal-10-1,normal,10,1,1,0,0_1,empty,0,0.00x,true
normal-10-1,normal,10,1,1,1,1_1,middle,1.8,1.80x,false
normal-10-1,normal,10,1,1,2,2_1,empty,0,0.00x,true
normal-10-1,normal,10,1,1,3,3_1,empty,0,0.00x,true
normal-10-1,normal,10,1,1,4,4_1,empty,0,0.00x,true
normal-10-1,normal,10,1,1,5,5_1,empty,0,0.00x,true
normal-10-1,normal,10,1,1,6,6_1,empty,0,0.00x,true
normal-10-1,normal,10,1,1,7,7_1,empty,0,0.00x,true
normal-10-1,normal,10,1,1,8,8_1,middle,1.8,1.80x,false
normal-10-1,normal,10,1,1,9,9_1,empty,0,0.00x,true
normal-10-1,normal,10,1,2,0,0_2,empty,0,0.00x,true
normal-10-1,normal,10,1,2,1,1_2,empty,0,0.00x,true
normal-10-1,normal,10,1,2,2,2_2,middle,1.8,1.80x,false
normal-10-1,normal,10,1,2,3,3_2,empty,0,0.00x,true
normal-10-1,normal,10,1,2,4,4_2,empty,0,0.00x,true
normal-10-1,normal,10,1,2,5,5_2,empty,0,0.00x,true
normal-10-1,normal,10,1,2,6,6_2,empty,0,0.00x,true
normal-10-1,normal,10,1,2,7,7_2,middle,1.8,1.80x,false
normal-10-1,normal,10,1,2,8,8_2,empty,0,0.00x,true
normal-10-1,normal,10,1,2,9,9_2,empty,0,0.00x,true
normal-10-1,normal,10,1,3,0,0_3,empty,0,0.00x,true
normal-10-1,normal,10,1,3,1,1_3,empty,0,0.00x,true
normal-10-1,normal,10,1,3,2,2_3,empty,0,0.00x,true
normal-10-1,normal,10,1,3,3,3_3,middle,1.8,1.80x,false
normal-10-1,normal,10,1,3,4,4_3,empty,0,0.00x,true
normal-10-1,normal,10,1,3,5,5_3,empty,0,0.00x,true
normal-10-1,normal,10,1,3,6,6_3,middle,1.8,1.80x,false
normal-10-1,normal,10,1,3,7,7_3,empty,0,0.00x,true
normal-10-1,normal,10,1,3,8,8_3,empty,0,0.00x,true
normal-10-1,normal,10,1,3,9,9_3,empty,0,0.00x,true
normal-10-1,normal,10,1,4,0,0_4,empty,0,0.00x,true
normal-10-1,normal,10,1,4,1,1_4,empty,0,0.00x,true
normal-10-1,normal,10,1,4,2,2_4,empty,0,0.00x,true
normal-10-1,normal,10,1,4,3,3_4,empty,0,0.00x,true
normal-10-1,normal,10,1,4,4,4_4,center,5.5,5.50x,false
normal-10-1,normal,10,1,4,5,5_4,center,5.5,5.50x,false
normal-10-1,normal,10,1,4,6,6_4,empty,0,0.00x,true
normal-10-1,normal,10,1,4,7,7_4,empty,0,0.00x,true
normal-10-1,normal,10,1,4,8,8_4,empty,0,0.00x,true
normal-10-1,normal,10,1,4,9,9_4,empty,0,0.00x,true
normal-10-1,normal,10,1,5,0,0_5,empty,0,0.00x,true
normal-10-1,normal,10,1,5,1,1_5,empty,0,0.00x,true
normal-10-1,normal,10,1,5,2,2_5,empty,0,0.00x,true
normal-10-1,normal,10,1,5,3,3_5,empty,0,0.00x,true
normal-10-1,normal,10,1,5,4,4_5,center,5.5,5.50x,false
normal-10-1,normal,10,1,5,5,5_5,center,5.5,5.50x,false
normal-10-1,normal,10,1,5,6,6_5,empty,0,0.00x,true
normal-10-1,normal,10,1,5,7,7_5,empty,0,0.00x,true
normal-10-1,normal,10,1,5,8,8_5,empty,0,0.00x,true
normal-10-1,normal,10,1,5,9,9_5,empty,0,0.00x,true
normal-10-1,normal,10,1,6,0,0_6,empty,0,0.00x,true
normal-10-1,normal,10,1,6,1,1_6,empty,0,0.00x,true
normal-10-1,normal,10,1,6,2,2_6,empty,0,0.00x,true
normal-10-1,normal,10,1,6,3,3_6,middle,1.8,1.80x,false
normal-10-1,normal,10,1,6,4,4_6,empty,0,0.00x,true
normal-10-1,normal,10,1,6,5,5_6,empty,0,0.00x,true
normal-10-1,normal,10,1,6,6,6_6,middle,1.8,1.80x,false
normal-10-1,normal,10,1,6,7,7_6,empty,0,0.00x,true
normal-10-1,normal,10,1,6,8,8_6,empty,0,0.00x,true
normal-10-1,normal,10,1,6,9,9_6,empty,0,0.00x,true
normal-10-1,normal,10,1,7,0,0_7,empty,0,0.00x,true
normal-10-1,normal,10,1,7,1,1_7,empty,0,0.00x,true
normal-10-1,normal,10,1,7,2,2_7,middle,1.8,1.80x,false
normal-10-1,normal,10,1,7,3,3_7,empty,0,0.00x,true
normal-10-1,normal,10,1,7,4,4_7,empty,0,0.00x,true
normal-10-1,normal,10,1,7,5,5_7,empty,0,0.00x,true
normal-10-1,normal,10,1,7,6,6_7,empty,0,0.00x,true
normal-10-1,normal,10,1,7,7,7_7,middle,1.8,1.80x,false
normal-10-1,normal,10,1,7,8,8_7,empty,0,0.00x,true
normal-10-1,normal,10,1,7,9,9_7,empty,0,0.00x,true
normal-10-1,normal,10,1,8,0,0_8,empty,0,0.00x,true
normal-10-1,normal,10,1,8,1,1_8,middle,1.8,1.80x,false
normal-10-1,normal,10,1,8,2,2_8,empty,0,0.00x,true
normal-10-1,normal,10,1,8,3,3_8,empty,0,0.00x,true
normal-10-1,normal,10,1,8,4,4_8,empty,0,0.00x,true
normal-10-1,normal,10,1,8,5,5_8,empty,0,0.00x,true
normal-10-1,normal,10,1,8,6,6_8,empty,0,0.00x,true
normal-10-1,normal,10,1,8,7,7_8,empty,0,0.00x,true
normal-10-1,normal,10,1,8,8,8_8,middle,1.8,1.80x,false
normal-10-1,normal,10,1,8,9,9_8,empty,0,0.00x,true
normal-10-1,normal,10,1,9,0,0_9,outer,0.8,0.80x,false
normal-10-1,normal,10,1,9,1,1_9,empty,0,0.00x,true
normal-10-1,normal,10,1,9,2,2_9,empty,0,0.00x,true
normal-10-1,normal,10,1,9,3,3_9,empty,0,0.00x,true
normal-10-1,normal,10,1,9,4,4_9,empty,0,0.00x,true
normal-10-1,normal,10,1,9,5,5_9,empty,0,0.00x,true
normal-10-1,normal,10,1,9,6,6_9,empty,0,0.00x,true
normal-10-1,normal,10,1,9,7,7_9,empty,0,0.00x,true
normal-10-1,normal,10,1,9,8,8_9,empty,0,0.00x,true
normal-10-1,normal,10,1,9,9,9_9,outer,0.8,0.80x,false
normal-10-2,normal,10,2,0,0,0_0,outer,0.8,0.80x,false
normal-10-2,normal,10,2,0,1,1_0,empty,0,0.00x,true
normal-10-2,normal,10,2,0,2,2_0,empty,0,0.00x,true
normal-10-2,normal,10,2,0,3,3_0,empty,0,0.00x,true
normal-10-2,normal,10,2,0,4,4_0,empty,0,0.00x,true
normal-10-2,normal,10,2,0,5,5_0,empty,0,0.00x,true
normal-10-2,normal,10,2,0,6,6_0,empty,0,0.00x,true
normal-10-2,normal,10,2,0,7,7_0,empty,0,0.00x,true
normal-10-2,normal,10,2,0,8,8_0,empty,0,0.00x,true
normal-10-2,normal,10,2,0,9,9_0,outer,0.8,0.80x,false
normal-10-2,normal,10,2,1,0,0_1,empty,0,0.00x,true
normal-10-2,normal,10,2,1,1,1_1,middle,1.8,1.80x,false
normal-10-2,normal,10,2,1,2,2_1,empty,0,0.00x,true
normal-10-2,normal,10,2,1,3,3_1,empty,0,0.00x,true
normal-10-2,normal,10,2,1,4,4_1,empty,0,0.00x,true
normal-10-2,normal,10,2,1,5,5_1,empty,0,0.00x,true
normal-10-2,normal,10,2,1,6,6_1,empty,0,0.00x,true
normal-10-2,normal,10,2,1,7,7_1,empty,0,0.00x,true
normal-10-2,normal,10,2,1,8,8_1,middle,1.8,1.80x,false
normal-10-2,normal,10,2,1,9,9_1,empty,0,0.00x,true
normal-10-2,normal,10,2,2,0,0_2,empty,0,0.00x,true
normal-10-2,normal,10,2,2,1,1_2,empty,0,0.00x,true
normal-10-2,normal,10,2,2,2,2_2,middle,1.8,1.80x,false
normal-10-2,normal,10,2,2,3,3_2,empty,0,0.00x,true
normal-10-2,normal,10,2,2,4,4_2,empty,0,0.00x,true
normal-10-2,normal,10,2,2,5,5_2,empty,0,0.00x,true
normal-10-2,normal,10,2,2,6,6_2,empty,0,0.00x,true
normal-10-2,normal,10,2,2,7,7_2,middle,1.8,1.80x,false
normal-10-2,normal,10,2,2,8,8_2,empty,0,0.00x,true
normal-10-2,normal,10,2,2,9,9_2,empty,0,0.00x,true
normal-10-2,normal,10,2,3,0,0_3,empty,0,0.00x,true
normal-10-2,normal,10,2,3,1,1_3,empty,0,0.00x,true
normal-10-2,normal,10,2,3,2,2_3,empty,0,0.00x,true
normal-10-2,normal,10,2,3,3,3_3,middle,1.8,1.80x,false
normal-10-2,normal,10,2,3,4,4_3,empty,0,0.00x,true
normal-10-2,normal,10,2,3,5,5_3,empty,0,0.00x,true
normal-10-2,normal,10,2,3,6,6_3,middle,1.8,1.80x,false
normal-10-2,normal,10,2,3,7,7_3,empty,0,0.00x,true
normal-10-2,normal,10,2,3,8,8_3,empty,0,0.00x,true
normal-10-2,normal,10,2,3,9,9_3,empty,0,0.00x,true
normal-10-2,normal,10,2,4,0,0_4,empty,0,0.00x,true
normal-10-2,normal,10,2,4,1,1_4,empty,0,0.00x,true
normal-10-2,normal,10,2,4,2,2_4,empty,0,0.00x,true
normal-10-2,normal,10,2,4,3,3_4,empty,0,0.00x,true
normal-10-2,normal,10,2,4,4,4_4,center,5.5,5.50x,false
normal-10-2,normal,10,2,4,5,5_4,center,5.5,5.50x,false
normal-10-2,normal,10,2,4,6,6_4,empty,0,0.00x,true
normal-10-2,normal,10,2,4,7,7_4,empty,0,0.00x,true
normal-10-2,normal,10,2,4,8,8_4,empty,0,0.00x,true
normal-10-2,normal,10,2,4,9,9_4,empty,0,0.00x,true
normal-10-2,normal,10,2,5,0,0_5,empty,0,0.00x,true
normal-10-2,normal,10,2,5,1,1_5,empty,0,0.00x,true
normal-10-2,normal,10,2,5,2,2_5,empty,0,0.00x,true
normal-10-2,normal,10,2,5,3,3_5,empty,0,0.00x,true
normal-10-2,normal,10,2,5,4,4_5,center,5.5,5.50x,false
normal-10-2,normal,10,2,5,5,5_5,center,5.5,5.50x,false
normal-10-2,normal,10,2,5,6,6_5,empty,0,0.00x,true
normal-10-2,normal,10,2,5,7,7_5,empty,0,0.00x,true
normal-10-2,normal,10,2,5,8,8_5,empty,0,0.00x,true
normal-10-2,normal,10,2,5,9,9_5,empty,0,0.00x,true
normal-10-2,normal,10,2,6,0,0_6,empty,0,0.00x,true
normal-10-2,normal,10,2,6,1,1_6,empty,0,0.00x,true
normal-10-2,normal,10,2,6,2,2_6,empty,0,0.00x,true
normal-10-2,normal,10,2,6,3,3_6,middle,1.8,1.80x,false
normal-10-2,normal,10,2,6,4,4_6,empty,0,0.00x,true
normal-10-2,normal,10,2,6,5,5_6,empty,0,0.00x,true
normal-10-2,normal,10,2,6,6,6_6,middle,1.8,1.80x,false
normal-10-2,normal,10,2,6,7,7_6,empty,0,0.00x,true
normal-10-2,normal,10,2,6,8,8_6,empty,0,0.00x,true
normal-10-2,normal,10,2,6,9,9_6,empty,0,0.00x,true
normal-10-2,normal,10,2,7,0,0_7,empty,0,0.00x,true
normal-10-2,normal,10,2,7,1,1_7,empty,0,0.00x,true
normal-10-2,normal,10,2,7,2,2_7,middle,1.8,1.80x,false
normal-10-2,normal,10,2,7,3,3_7,empty,0,0.00x,true
normal-10-2,normal,10,2,7,4,4_7,empty,0,0.00x,true
normal-10-2,normal,10,2,7,5,5_7,empty,0,0.00x,true
normal-10-2,normal,10,2,7,6,6_7,empty,0,0.00x,true
normal-10-2,normal,10,2,7,7,7_7,middle,1.8,1.80x,false
normal-10-2,normal,10,2,7,8,8_7,empty,0,0.00x,true
normal-10-2,normal,10,2,7,9,9_7,empty,0,0.00x,true
normal-10-2,normal,10,2,8,0,0_8,empty,0,0.00x,true
normal-10-2,normal,10,2,8,1,1_8,middle,1.8,1.80x,false
normal-10-2,normal,10,2,8,2,2_8,empty,0,0.00x,true
normal-10-2,normal,10,2,8,3,3_8,empty,0,0.00x,true
normal-10-2,normal,10,2,8,4,4_8,empty,0,0.00x,true
normal-10-2,normal,10,2,8,5,5_8,empty,0,0.00x,true
normal-10-2,normal,10,2,8,6,6_8,empty,0,0.00x,true
normal-10-2,normal,10,2,8,7,7_8,empty,0,0.00x,true
normal-10-2,normal,10,2,8,8,8_8,middle,1.8,1.80x,false
normal-10-2,normal,10,2,8,9,9_8,empty,0,0.00x,true
normal-10-2,normal,10,2,9,0,0_9,outer,0.8,0.80x,false
normal-10-2,normal,10,2,9,1,1_9,empty,0,0.00x,true
normal-10-2,normal,10,2,9,2,2_9,empty,0,0.00x,true
normal-10-2,normal,10,2,9,3,3_9,empty,0,0.00x,true
normal-10-2,normal,10,2,9,4,4_9,empty,0,0.00x,true
normal-10-2,normal,10,2,9,5,5_9,empty,0,0.00x,true
normal-10-2,normal,10,2,9,6,6_9,empty,0,0.00x,true
normal-10-2,normal,10,2,9,7,7_9,empty,0,0.00x,true
normal-10-2,normal,10,2,9,8,8_9,empty,0,0.00x,true
normal-10-2,normal,10,2,9,9,9_9,outer,0.8,0.80x,false
normal-10-3,normal,10,3,0,0,0_0,outer,0.8,0.80x,false
normal-10-3,normal,10,3,0,1,1_0,empty,0,0.00x,true
normal-10-3,normal,10,3,0,2,2_0,empty,0,0.00x,true
normal-10-3,normal,10,3,0,3,3_0,empty,0,0.00x,true
normal-10-3,normal,10,3,0,4,4_0,empty,0,0.00x,true
normal-10-3,normal,10,3,0,5,5_0,empty,0,0.00x,true
normal-10-3,normal,10,3,0,6,6_0,empty,0,0.00x,true
normal-10-3,normal,10,3,0,7,7_0,empty,0,0.00x,true
normal-10-3,normal,10,3,0,8,8_0,empty,0,0.00x,true
normal-10-3,normal,10,3,0,9,9_0,outer,0.8,0.80x,false
normal-10-3,normal,10,3,1,0,0_1,empty,0,0.00x,true
normal-10-3,normal,10,3,1,1,1_1,middle,1.8,1.80x,false
normal-10-3,normal,10,3,1,2,2_1,empty,0,0.00x,true
normal-10-3,normal,10,3,1,3,3_1,empty,0,0.00x,true
normal-10-3,normal,10,3,1,4,4_1,empty,0,0.00x,true
normal-10-3,normal,10,3,1,5,5_1,empty,0,0.00x,true
normal-10-3,normal,10,3,1,6,6_1,empty,0,0.00x,true
normal-10-3,normal,10,3,1,7,7_1,empty,0,0.00x,true
normal-10-3,normal,10,3,1,8,8_1,middle,1.8,1.80x,false
normal-10-3,normal,10,3,1,9,9_1,empty,0,0.00x,true
normal-10-3,normal,10,3,2,0,0_2,empty,0,0.00x,true
normal-10-3,normal,10,3,2,1,1_2,empty,0,0.00x,true
normal-10-3,normal,10,3,2,2,2_2,middle,1.8,1.80x,false
normal-10-3,normal,10,3,2,3,3_2,empty,0,0.00x,true
normal-10-3,normal,10,3,2,4,4_2,empty,0,0.00x,true
normal-10-3,normal,10,3,2,5,5_2,empty,0,0.00x,true
normal-10-3,normal,10,3,2,6,6_2,empty,0,0.00x,true
normal-10-3,normal,10,3,2,7,7_2,middle,1.8,1.80x,false
normal-10-3,normal,10,3,2,8,8_2,empty,0,0.00x,true
normal-10-3,normal,10,3,2,9,9_2,empty,0,0.00x,true
normal-10-3,normal,10,3,3,0,0_3,empty,0,0.00x,true
normal-10-3,normal,10,3,3,1,1_3,empty,0,0.00x,true
normal-10-3,normal,10,3,3,2,2_3,empty,0,0.00x,true
normal-10-3,normal,10,3,3,3,3_3,middle,1.8,1.80x,false
normal-10-3,normal,10,3,3,4,4_3,empty,0,0.00x,true
normal-10-3,normal,10,3,3,5,5_3,empty,0,0.00x,true
normal-10-3,normal,10,3,3,6,6_3,middle,1.8,1.80x,false
normal-10-3,normal,10,3,3,7,7_3,empty,0,0.00x,true
normal-10-3,normal,10,3,3,8,8_3,empty,0,0.00x,true
normal-10-3,normal,10,3,3,9,9_3,empty,0,0.00x,true
normal-10-3,normal,10,3,4,0,0_4,empty,0,0.00x,true
normal-10-3,normal,10,3,4,1,1_4,empty,0,0.00x,true
normal-10-3,normal,10,3,4,2,2_4,empty,0,0.00x,true
normal-10-3,normal,10,3,4,3,3_4,empty,0,0.00x,true
normal-10-3,normal,10,3,4,4,4_4,center,5.5,5.50x,false
normal-10-3,normal,10,3,4,5,5_4,center,5.5,5.50x,false
normal-10-3,normal,10,3,4,6,6_4,empty,0,0.00x,true
normal-10-3,normal,10,3,4,7,7_4,empty,0,0.00x,true
normal-10-3,normal,10,3,4,8,8_4,empty,0,0.00x,true
normal-10-3,normal,10,3,4,9,9_4,empty,0,0.00x,true
normal-10-3,normal,10,3,5,0,0_5,empty,0,0.00x,true
normal-10-3,normal,10,3,5,1,1_5,empty,0,0.00x,true
normal-10-3,normal,10,3,5,2,2_5,empty,0,0.00x,true
normal-10-3,normal,10,3,5,3,3_5,empty,0,0.00x,true
normal-10-3,normal,10,3,5,4,4_5,center,5.5,5.50x,false
normal-10-3,normal,10,3,5,5,5_5,center,5.5,5.50x,false
normal-10-3,normal,10,3,5,6,6_5,empty,0,0.00x,true
normal-10-3,normal,10,3,5,7,7_5,empty,0,0.00x,true
normal-10-3,normal,10,3,5,8,8_5,empty,0,0.00x,true
normal-10-3,normal,10,3,5,9,9_5,empty,0,0.00x,true
normal-10-3,normal,10,3,6,0,0_6,empty,0,0.00x,true
normal-10-3,normal,10,3,6,1,1_6,empty,0,0.00x,true
normal-10-3,normal,10,3,6,2,2_6,empty,0,0.00x,true
normal-10-3,normal,10,3,6,3,3_6,middle,1.8,1.80x,false
normal-10-3,normal,10,3,6,4,4_6,empty,0,0.00x,true
normal-10-3,normal,10,3,6,5,5_6,empty,0,0.00x,true
normal-10-3,normal,10,3,6,6,6_6,middle,1.8,1.80x,false
normal-10-3,normal,10,3,6,7,7_6,empty,0,0.00x,true
normal-10-3,normal,10,3,6,8,8_6,empty,0,0.00x,true
normal-10-3,normal,10,3,6,9,9_6,empty,0,0.00x,true
normal-10-3,normal,10,3,7,0,0_7,empty,0,0.00x,true
normal-10-3,normal,10,3,7,1,1_7,empty,0,0.00x,true
normal-10-3,normal,10,3,7,2,2_7,middle,1.8,1.80x,false
normal-10-3,normal,10,3,7,3,3_7,empty,0,0.00x,true
normal-10-3,normal,10,3,7,4,4_7,empty,0,0.00x,true
normal-10-3,normal,10,3,7,5,5_7,empty,0,0.00x,true
normal-10-3,normal,10,3,7,6,6_7,empty,0,0.00x,true
normal-10-3,normal,10,3,7,7,7_7,middle,1.8,1.80x,false
normal-10-3,normal,10,3,7,8,8_7,empty,0,0.00x,true
normal-10-3,normal,10,3,7,9,9_7,empty,0,0.00x,true
normal-10-3,normal,10,3,8,0,0_8,empty,0,0.00x,true
normal-10-3,normal,10,3,8,1,1_8,middle,1.8,1.80x,false
normal-10-3,normal,10,3,8,2,2_8,empty,0,0.00x,true
normal-10-3,normal,10,3,8,3,3_8,empty,0,0.00x,true
normal-10-3,normal,10,3,8,4,4_8,empty,0,0.00x,true
normal-10-3,normal,10,3,8,5,5_8,empty,0,0.00x,true
normal-10-3,normal,10,3,8,6,6_8,empty,0,0.00x,true
normal-10-3,normal,10,3,8,7,7_8,empty,0,0.00x,true
normal-10-3,normal,10,3,8,8,8_8,middle,1.8,1.80x,false
normal-10-3,normal,10,3,8,9,9_8,empty,0,0.00x,true
normal-10-3,normal,10,3,9,0,0_9,outer,0.8,0.80x,false
normal-10-3,normal,10,3,9,1,1_9,empty,0,0.00x,true
normal-10-3,normal,10,3,9,2,2_9,empty,0,0.00x,true
normal-10-3,normal,10,3,9,3,3_9,empty,0,0.00x,true
normal-10-3,normal,10,3,9,4,4_9,empty,0,0.00x,true
normal-10-3,normal,10,3,9,5,5_9,empty,0,0.00x,true
normal-10-3,normal,10,3,9,6,6_9,empty,0,0.00x,true
normal-10-3,normal,10,3,9,7,7_9,empty,0,0.00x,true
normal-10-3,normal,10,3,9,8,8_9,empty,0,0.00x,true
normal-10-3,normal,10,3,9,9,9_9,outer,0.8,0.80x,false
high-5-1,high,5,1,0,0,0_0,outer,0.45,0.45x,false
high-5-1,high,5,1,0,1,1_0,empty,0,0.00x,true
high-5-1,high,5,1,0,2,2_0,empty,0,0.00x,true
high-5-1,high,5,1,0,3,3_0,empty,0,0.00x,true
high-5-1,high,5,1,0,4,4_0,outer,0.45,0.45x,false
high-5-1,high,5,1,1,0,0_1,empty,0,0.00x,true
high-5-1,high,5,1,1,1,1_1,middle,1.8,1.80x,false
high-5-1,high,5,1,1,2,2_1,empty,0,0.00x,true
high-5-1,high,5,1,1,3,3_1,middle,1.8,1.80x,false
high-5-1,high,5,1,1,4,4_1,empty,0,0.00x,true
high-5-1,high,5,1,2,0,0_2,empty,0,0.00x,true
high-5-1,high,5,1,2,1,1_2,empty,0,0.00x,true
high-5-1,high,5,1,2,2,2_2,center,10,10.00x,false
high-5-1,high,5,1,2,3,3_2,empty,0,0.00x,true
high-5-1,high,5,1,2,4,4_2,empty,0,0.00x,true
high-5-1,high,5,1,3,0,0_3,empty,0,0.00x,true
high-5-1,high,5,1,3,1,1_3,middle,1.8,1.80x,false
high-5-1,high,5,1,3,2,2_3,empty,0,0.00x,true
high-5-1,high,5,1,3,3,3_3,middle,1.8,1.80x,false
high-5-1,high,5,1,3,4,4_3,empty,0,0.00x,true
high-5-1,high,5,1,4,0,0_4,outer,0.45,0.45x,false
high-5-1,high,5,1,4,1,1_4,empty,0,0.00x,true
high-5-1,high,5,1,4,2,2_4,empty,0,0.00x,true
high-5-1,high,5,1,4,3,3_4,empty,0,0.00x,true
high-5-1,high,5,1,4,4,4_4,outer,0.45,0.45x,false
high-5-2,high,5,2,0,0,0_0,outer,0.45,0.45x,false
high-5-2,high,5,2,0,1,1_0,empty,0,0.00x,true
high-5-2,high,5,2,0,2,2_0,empty,0,0.00x,true
high-5-2,high,5,2,0,3,3_0,empty,0,0.00x,true
high-5-2,high,5,2,0,4,4_0,outer,0.45,0.45x,false
high-5-2,high,5,2,1,0,0_1,empty,0,0.00x,true
high-5-2,high,5,2,1,1,1_1,middle,1.8,1.80x,false
high-5-2,high,5,2,1,2,2_1,empty,0,0.00x,true
high-5-2,high,5,2,1,3,3_1,middle,1.8,1.80x,false
high-5-2,high,5,2,1,4,4_1,empty,0,0.00x,true
high-5-2,high,5,2,2,0,0_2,empty,0,0.00x,true
high-5-2,high,5,2,2,1,1_2,empty,0,0.00x,true
high-5-2,high,5,2,2,2,2_2,center,10,10.00x,false
high-5-2,high,5,2,2,3,3_2,empty,0,0.00x,true
high-5-2,high,5,2,2,4,4_2,empty,0,0.00x,true
high-5-2,high,5,2,3,0,0_3,empty,0,0.00x,true
high-5-2,high,5,2,3,1,1_3,middle,1.8,1.80x,false
high-5-2,high,5,2,3,2,2_3,empty,0,0.00x,true
high-5-2,high,5,2,3,3,3_3,middle,1.8,1.80x,false
high-5-2,high,5,2,3,4,4_3,empty,0,0.00x,true
high-5-2,high,5,2,4,0,0_4,outer,0.45,0.45x,false
high-5-2,high,5,2,4,1,1_4,empty,0,0.00x,true
high-5-2,high,5,2,4,2,2_4,empty,0,0.00x,true
high-5-2,high,5,2,4,3,3_4,empty,0,0.00x,true
high-5-2,high,5,2,4,4,4_4,outer,0.45,0.45x,false
high-5-3,high,5,3,0,0,0_0,outer,0.45,0.45x,false
high-5-3,high,5,3,0,1,1_0,empty,0,0.00x,true
high-5-3,high,5,3,0,2,2_0,empty,0,0.00x,true
high-5-3,high,5,3,0,3,3_0,empty,0,0.00x,true
high-5-3,high,5,3,0,4,4_0,outer,0.45,0.45x,false
high-5-3,high,5,3,1,0,0_1,empty,0,0.00x,true
high-5-3,high,5,3,1,1,1_1,middle,1.8,1.80x,false
high-5-3,high,5,3,1,2,2_1,empty,0,0.00x,true
high-5-3,high,5,3,1,3,3_1,middle,1.8,1.80x,false
high-5-3,high,5,3,1,4,4_1,empty,0,0.00x,true
high-5-3,high,5,3,2,0,0_2,empty,0,0.00x,true
high-5-3,high,5,3,2,1,1_2,empty,0,0.00x,true
high-5-3,high,5,3,2,2,2_2,center,10,10.00x,false
high-5-3,high,5,3,2,3,3_2,empty,0,0.00x,true
high-5-3,high,5,3,2,4,4_2,empty,0,0.00x,true
high-5-3,high,5,3,3,0,0_3,empty,0,0.00x,true
high-5-3,high,5,3,3,1,1_3,middle,1.8,1.80x,false
high-5-3,high,5,3,3,2,2_3,empty,0,0.00x,true
high-5-3,high,5,3,3,3,3_3,middle,1.8,1.80x,false
high-5-3,high,5,3,3,4,4_3,empty,0,0.00x,true
high-5-3,high,5,3,4,0,0_4,outer,0.45,0.45x,false
high-5-3,high,5,3,4,1,1_4,empty,0,0.00x,true
high-5-3,high,5,3,4,2,2_4,empty,0,0.00x,true
high-5-3,high,5,3,4,3,3_4,empty,0,0.00x,true
high-5-3,high,5,3,4,4,4_4,outer,0.45,0.45x,false
high-6-1,high,6,1,0,0,0_0,outer,0.45,0.45x,false
high-6-1,high,6,1,0,1,1_0,empty,0,0.00x,true
high-6-1,high,6,1,0,2,2_0,empty,0,0.00x,true
high-6-1,high,6,1,0,3,3_0,empty,0,0.00x,true
high-6-1,high,6,1,0,4,4_0,empty,0,0.00x,true
high-6-1,high,6,1,0,5,5_0,outer,0.45,0.45x,false
high-6-1,high,6,1,1,0,0_1,empty,0,0.00x,true
high-6-1,high,6,1,1,1,1_1,middle,1.8,1.80x,false
high-6-1,high,6,1,1,2,2_1,empty,0,0.00x,true
high-6-1,high,6,1,1,3,3_1,empty,0,0.00x,true
high-6-1,high,6,1,1,4,4_1,middle,1.8,1.80x,false
high-6-1,high,6,1,1,5,5_1,empty,0,0.00x,true
high-6-1,high,6,1,2,0,0_2,empty,0,0.00x,true
high-6-1,high,6,1,2,1,1_2,empty,0,0.00x,true
high-6-1,high,6,1,2,2,2_2,center,10,10.00x,false
high-6-1,high,6,1,2,3,3_2,center,10,10.00x,false
high-6-1,high,6,1,2,4,4_2,empty,0,0.00x,true
high-6-1,high,6,1,2,5,5_2,empty,0,0.00x,true
high-6-1,high,6,1,3,0,0_3,empty,0,0.00x,true
high-6-1,high,6,1,3,1,1_3,empty,0,0.00x,true
high-6-1,high,6,1,3,2,2_3,center,10,10.00x,false
high-6-1,high,6,1,3,3,3_3,center,10,10.00x,false
high-6-1,high,6,1,3,4,4_3,empty,0,0.00x,true
high-6-1,high,6,1,3,5,5_3,empty,0,0.00x,true
high-6-1,high,6,1,4,0,0_4,empty,0,0.00x,true
high-6-1,high,6,1,4,1,1_4,middle,1.8,1.80x,false
high-6-1,high,6,1,4,2,2_4,empty,0,0.00x,true
high-6-1,high,6,1,4,3,3_4,empty,0,0.00x,true
high-6-1,high,6,1,4,4,4_4,middle,1.8,1.80x,false
high-6-1,high,6,1,4,5,5_4,empty,0,0.00x,true
high-6-1,high,6,1,5,0,0_5,outer,0.45,0.45x,false
high-6-1,high,6,1,5,1,1_5,empty,0,0.00x,true
high-6-1,high,6,1,5,2,2_5,empty,0,0.00x,true
high-6-1,high,6,1,5,3,3_5,empty,0,0.00x,true
high-6-1,high,6,1,5,4,4_5,empty,0,0.00x,true
high-6-1,high,6,1,5,5,5_5,outer,0.45,0.45x,false
high-6-2,high,6,2,0,0,0_0,outer,0.45,0.45x,false
high-6-2,high,6,2,0,1,1_0,empty,0,0.00x,true
high-6-2,high,6,2,0,2,2_0,empty,0,0.00x,true
high-6-2,high,6,2,0,3,3_0,empty,0,0.00x,true
high-6-2,high,6,2,0,4,4_0,empty,0,0.00x,true
high-6-2,high,6,2,0,5,5_0,outer,0.45,0.45x,false
high-6-2,high,6,2,1,0,0_1,empty,0,0.00x,true
high-6-2,high,6,2,1,1,1_1,middle,1.8,1.80x,false
high-6-2,high,6,2,1,2,2_1,empty,0,0.00x,true
high-6-2,high,6,2,1,3,3_1,empty,0,0.00x,true
high-6-2,high,6,2,1,4,4_1,middle,1.8,1.80x,false
high-6-2,high,6,2,1,5,5_1,empty,0,0.00x,true
high-6-2,high,6,2,2,0,0_2,empty,0,0.00x,true
high-6-2,high,6,2,2,1,1_2,empty,0,0.00x,true
high-6-2,high,6,2,2,2,2_2,center,10,10.00x,false
high-6-2,high,6,2,2,3,3_2,center,10,10.00x,false
high-6-2,high,6,2,2,4,4_2,empty,0,0.00x,true
high-6-2,high,6,2,2,5,5_2,empty,0,0.00x,true
high-6-2,high,6,2,3,0,0_3,empty,0,0.00x,true
high-6-2,high,6,2,3,1,1_3,empty,0,0.00x,true
high-6-2,high,6,2,3,2,2_3,center,10,10.00x,false
high-6-2,high,6,2,3,3,3_3,center,10,10.00x,false
high-6-2,high,6,2,3,4,4_3,empty,0,0.00x,true
high-6-2,high,6,2,3,5,5_3,empty,0,0.00x,true
high-6-2,high,6,2,4,0,0_4,empty,0,0.00x,true
high-6-2,high,6,2,4,1,1_4,middle,1.8,1.80x,false
high-6-2,high,6,2,4,2,2_4,empty,0,0.00x,true
high-6-2,high,6,2,4,3,3_4,empty,0,0.00x,true
high-6-2,high,6,2,4,4,4_4,middle,1.8,1.80x,false
high-6-2,high,6,2,4,5,5_4,empty,0,0.00x,true
high-6-2,high,6,2,5,0,0_5,outer,0.45,0.45x,false
high-6-2,high,6,2,5,1,1_5,empty,0,0.00x,true
high-6-2,high,6,2,5,2,2_5,empty,0,0.00x,true
high-6-2,high,6,2,5,3,3_5,empty,0,0.00x,true
high-6-2,high,6,2,5,4,4_5,empty,0,0.00x,true
high-6-2,high,6,2,5,5,5_5,outer,0.45,0.45x,false
high-6-3,high,6,3,0,0,0_0,outer,0.45,0.45x,false
high-6-3,high,6,3,0,1,1_0,empty,0,0.00x,true
high-6-3,high,6,3,0,2,2_0,empty,0,0.00x,true
high-6-3,high,6,3,0,3,3_0,empty,0,0.00x,true
high-6-3,high,6,3,0,4,4_0,empty,0,0.00x,true
high-6-3,high,6,3,0,5,5_0,outer,0.45,0.45x,false
high-6-3,high,6,3,1,0,0_1,empty,0,0.00x,true
high-6-3,high,6,3,1,1,1_1,middle,1.8,1.80x,false
high-6-3,high,6,3,1,2,2_1,empty,0,0.00x,true
high-6-3,high,6,3,1,3,3_1,empty,0,0.00x,true
high-6-3,high,6,3,1,4,4_1,middle,1.8,1.80x,false
high-6-3,high,6,3,1,5,5_1,empty,0,0.00x,true
high-6-3,high,6,3,2,0,0_2,empty,0,0.00x,true
high-6-3,high,6,3,2,1,1_2,empty,0,0.00x,true
high-6-3,high,6,3,2,2,2_2,center,10,10.00x,false
high-6-3,high,6,3,2,3,3_2,center,10,10.00x,false
high-6-3,high,6,3,2,4,4_2,empty,0,0.00x,true
high-6-3,high,6,3,2,5,5_2,empty,0,0.00x,true
high-6-3,high,6,3,3,0,0_3,empty,0,0.00x,true
high-6-3,high,6,3,3,1,1_3,empty,0,0.00x,true
high-6-3,high,6,3,3,2,2_3,center,10,10.00x,false
high-6-3,high,6,3,3,3,3_3,center,10,10.00x,false
high-6-3,high,6,3,3,4,4_3,empty,0,0.00x,true
high-6-3,high,6,3,3,5,5_3,empty,0,0.00x,true
high-6-3,high,6,3,4,0,0_4,empty,0,0.00x,true
high-6-3,high,6,3,4,1,1_4,middle,1.8,1.80x,false
high-6-3,high,6,3,4,2,2_4,empty,0,0.00x,true
high-6-3,high,6,3,4,3,3_4,empty,0,0.00x,true
high-6-3,high,6,3,4,4,4_4,middle,1.8,1.80x,false
high-6-3,high,6,3,4,5,5_4,empty,0,0.00x,true
high-6-3,high,6,3,5,0,0_5,outer,0.45,0.45x,false
high-6-3,high,6,3,5,1,1_5,empty,0,0.00x,true
high-6-3,high,6,3,5,2,2_5,empty,0,0.00x,true
high-6-3,high,6,3,5,3,3_5,empty,0,0.00x,true
high-6-3,high,6,3,5,4,4_5,empty,0,0.00x,true
high-6-3,high,6,3,5,5,5_5,outer,0.45,0.45x,false
high-7-1,high,7,1,0,0,0_0,outer,0.45,0.45x,false
high-7-1,high,7,1,0,1,1_0,empty,0,0.00x,true
high-7-1,high,7,1,0,2,2_0,empty,0,0.00x,true
high-7-1,high,7,1,0,3,3_0,empty,0,0.00x,true
high-7-1,high,7,1,0,4,4_0,empty,0,0.00x,true
high-7-1,high,7,1,0,5,5_0,empty,0,0.00x,true
high-7-1,high,7,1,0,6,6_0,outer,0.45,0.45x,false
high-7-1,high,7,1,1,0,0_1,empty,0,0.00x,true
high-7-1,high,7,1,1,1,1_1,middle,1.8,1.80x,false
high-7-1,high,7,1,1,2,2_1,empty,0,0.00x,true
high-7-1,high,7,1,1,3,3_1,empty,0,0.00x,true
high-7-1,high,7,1,1,4,4_1,empty,0,0.00x,true
high-7-1,high,7,1,1,5,5_1,middle,1.8,1.80x,false
high-7-1,high,7,1,1,6,6_1,empty,0,0.00x,true
high-7-1,high,7,1,2,0,0_2,empty,0,0.00x,true
high-7-1,high,7,1,2,1,1_2,empty,0,0.00x,true
high-7-1,high,7,1,2,2,2_2,middle,1.8,1.80x,false
high-7-1,high,7,1,2,3,3_2,empty,0,0.00x,true
high-7-1,high,7,1,2,4,4_2,middle,1.8,1.80x,false
high-7-1,high,7,1,2,5,5_2,empty,0,0.00x,true
high-7-1,high,7,1,2,6,6_2,empty,0,0.00x,true
high-7-1,high,7,1,3,0,0_3,empty,0,0.00x,true
high-7-1,high,7,1,3,1,1_3,empty,0,0.00x,true
high-7-1,high,7,1,3,2,2_3,empty,0,0.00x,true
high-7-1,high,7,1,3,3,3_3,center,10,10.00x,false
high-7-1,high,7,1,3,4,4_3,empty,0,0.00x,true
high-7-1,high,7,1,3,5,5_3,empty,0,0.00x,true
high-7-1,high,7,1,3,6,6_3,empty,0,0.00x,true
high-7-1,high,7,1,4,0,0_4,empty,0,0.00x,true
high-7-1,high,7,1,4,1,1_4,empty,0,0.00x,true
high-7-1,high,7,1,4,2,2_4,middle,1.8,1.80x,false
high-7-1,high,7,1,4,3,3_4,empty,0,0.00x,true
high-7-1,high,7,1,4,4,4_4,middle,1.8,1.80x,false
high-7-1,high,7,1,4,5,5_4,empty,0,0.00x,true
high-7-1,high,7,1,4,6,6_4,empty,0,0.00x,true
high-7-1,high,7,1,5,0,0_5,empty,0,0.00x,true
high-7-1,high,7,1,5,1,1_5,middle,1.8,1.80x,false
high-7-1,high,7,1,5,2,2_5,empty,0,0.00x,true
high-7-1,high,7,1,5,3,3_5,empty,0,0.00x,true
high-7-1,high,7,1,5,4,4_5,empty,0,0.00x,true
high-7-1,high,7,1,5,5,5_5,middle,1.8,1.80x,false
high-7-1,high,7,1,5,6,6_5,empty,0,0.00x,true
high-7-1,high,7,1,6,0,0_6,outer,0.45,0.45x,false
high-7-1,high,7,1,6,1,1_6,empty,0,0.00x,true
high-7-1,high,7,1,6,2,2_6,empty,0,0.00x,true
high-7-1,high,7,1,6,3,3_6,empty,0,0.00x,true
high-7-1,high,7,1,6,4,4_6,empty,0,0.00x,true
high-7-1,high,7,1,6,5,5_6,empty,0,0.00x,true
high-7-1,high,7,1,6,6,6_6,outer,0.45,0.45x,false
high-7-2,high,7,2,0,0,0_0,outer,0.45,0.45x,false
high-7-2,high,7,2,0,1,1_0,empty,0,0.00x,true
high-7-2,high,7,2,0,2,2_0,empty,0,0.00x,true
high-7-2,high,7,2,0,3,3_0,empty,0,0.00x,true
high-7-2,high,7,2,0,4,4_0,empty,0,0.00x,true
high-7-2,high,7,2,0,5,5_0,empty,0,0.00x,true
high-7-2,high,7,2,0,6,6_0,outer,0.45,0.45x,false
high-7-2,high,7,2,1,0,0_1,empty,0,0.00x,true
high-7-2,high,7,2,1,1,1_1,middle,1.8,1.80x,false
high-7-2,high,7,2,1,2,2_1,empty,0,0.00x,true
high-7-2,high,7,2,1,3,3_1,empty,0,0.00x,true
high-7-2,high,7,2,1,4,4_1,empty,0,0.00x,true
high-7-2,high,7,2,1,5,5_1,middle,1.8,1.80x,false
high-7-2,high,7,2,1,6,6_1,empty,0,0.00x,true
high-7-2,high,7,2,2,0,0_2,empty,0,0.00x,true
high-7-2,high,7,2,2,1,1_2,empty,0,0.00x,true
high-7-2,high,7,2,2,2,2_2,middle,1.8,1.80x,false
high-7-2,high,7,2,2,3,3_2,empty,0,0.00x,true
high-7-2,high,7,2,2,4,4_2,middle,1.8,1.80x,false
high-7-2,high,7,2,2,5,5_2,empty,0,0.00x,true
high-7-2,high,7,2,2,6,6_2,empty,0,0.00x,true
high-7-2,high,7,2,3,0,0_3,empty,0,0.00x,true
high-7-2,high,7,2,3,1,1_3,empty,0,0.00x,true
high-7-2,high,7,2,3,2,2_3,empty,0,0.00x,true
high-7-2,high,7,2,3,3,3_3,center,10,10.00x,false
high-7-2,high,7,2,3,4,4_3,empty,0,0.00x,true
high-7-2,high,7,2,3,5,5_3,empty,0,0.00x,true
high-7-2,high,7,2,3,6,6_3,empty,0,0.00x,true
high-7-2,high,7,2,4,0,0_4,empty,0,0.00x,true
high-7-2,high,7,2,4,1,1_4,empty,0,0.00x,true
high-7-2,high,7,2,4,2,2_4,middle,1.8,1.80x,false
high-7-2,high,7,2,4,3,3_4,empty,0,0.00x,true
high-7-2,high,7,2,4,4,4_4,middle,1.8,1.80x,false
high-7-2,high,7,2,4,5,5_4,empty,0,0.00x,true
high-7-2,high,7,2,4,6,6_4,empty,0,0.00x,true
high-7-2,high,7,2,5,0,0_5,empty,0,0.00x,true
high-7-2,high,7,2,5,1,1_5,middle,1.8,1.80x,false
high-7-2,high,7,2,5,2,2_5,empty,0,0.00x,true
high-7-2,high,7,2,5,3,3_5,empty,0,0.00x,true
high-7-2,high,7,2,5,4,4_5,empty,0,0.00x,true
high-7-2,high,7,2,5,5,5_5,middle,1.8,1.80x,false
high-7-2,high,7,2,5,6,6_5,empty,0,0.00x,true
high-7-2,high,7,2,6,0,0_6,outer,0.45,0.45x,false
high-7-2,high,7,2,6,1,1_6,empty,0,0.00x,true
high-7-2,high,7,2,6,2,2_6,empty,0,0.00x,true
high-7-2,high,7,2,6,3,3_6,empty,0,0.00x,true
high-7-2,high,7,2,6,4,4_6,empty,0,0.00x,true
high-7-2,high,7,2,6,5,5_6,empty,0,0.00x,true
high-7-2,high,7,2,6,6,6_6,outer,0.45,0.45x,false
high-7-3,high,7,3,0,0,0_0,outer,0.45,0.45x,false
high-7-3,high,7,3,0,1,1_0,empty,0,0.00x,true
high-7-3,high,7,3,0,2,2_0,empty,0,0.00x,true
high-7-3,high,7,3,0,3,3_0,empty,0,0.00x,true
high-7-3,high,7,3,0,4,4_0,empty,0,0.00x,true
high-7-3,high,7,3,0,5,5_0,empty,0,0.00x,true
high-7-3,high,7,3,0,6,6_0,outer,0.45,0.45x,false
high-7-3,high,7,3,1,0,0_1,empty,0,0.00x,true
high-7-3,high,7,3,1,1,1_1,middle,1.8,1.80x,false
high-7-3,high,7,3,1,2,2_1,empty,0,0.00x,true
high-7-3,high,7,3,1,3,3_1,empty,0,0.00x,true
high-7-3,high,7,3,1,4,4_1,empty,0,0.00x,true
high-7-3,high,7,3,1,5,5_1,middle,1.8,1.80x,false
high-7-3,high,7,3,1,6,6_1,empty,0,0.00x,true
high-7-3,high,7,3,2,0,0_2,empty,0,0.00x,true
high-7-3,high,7,3,2,1,1_2,empty,0,0.00x,true
high-7-3,high,7,3,2,2,2_2,middle,1.8,1.80x,false
high-7-3,high,7,3,2,3,3_2,empty,0,0.00x,true
high-7-3,high,7,3,2,4,4_2,middle,1.8,1.80x,false
high-7-3,high,7,3,2,5,5_2,empty,0,0.00x,true
high-7-3,high,7,3,2,6,6_2,empty,0,0.00x,true
high-7-3,high,7,3,3,0,0_3,empty,0,0.00x,true
high-7-3,high,7,3,3,1,1_3,empty,0,0.00x,true
high-7-3,high,7,3,3,2,2_3,empty,0,0.00x,true
high-7-3,high,7,3,3,3,3_3,center,10,10.00x,false
high-7-3,high,7,3,3,4,4_3,empty,0,0.00x,true
high-7-3,high,7,3,3,5,5_3,empty,0,0.00x,true
high-7-3,high,7,3,3,6,6_3,empty,0,0.00x,true
high-7-3,high,7,3,4,0,0_4,empty,0,0.00x,true
high-7-3,high,7,3,4,1,1_4,empty,0,0.00x,true
high-7-3,high,7,3,4,2,2_4,middle,1.8,1.80x,false
high-7-3,high,7,3,4,3,3_4,empty,0,0.00x,true
high-7-3,high,7,3,4,4,4_4,middle,1.8,1.80x,false
high-7-3,high,7,3,4,5,5_4,empty,0,0.00x,true
high-7-3,high,7,3,4,6,6_4,empty,0,0.00x,true
high-7-3,high,7,3,5,0,0_5,empty,0,0.00x,true
high-7-3,high,7,3,5,1,1_5,middle,1.8,1.80x,false
high-7-3,high,7,3,5,2,2_5,empty,0,0.00x,true
high-7-3,high,7,3,5,3,3_5,empty,0,0.00x,true
high-7-3,high,7,3,5,4,4_5,empty,0,0.00x,true
high-7-3,high,7,3,5,5,5_5,middle,1.8,1.80x,false
high-7-3,high,7,3,5,6,6_5,empty,0,0.00x,true
high-7-3,high,7,3,6,0,0_6,outer,0.45,0.45x,false
high-7-3,high,7,3,6,1,1_6,empty,0,0.00x,true
high-7-3,high,7,3,6,2,2_6,empty,0,0.00x,true
high-7-3,high,7,3,6,3,3_6,empty,0,0.00x,true
high-7-3,high,7,3,6,4,4_6,empty,0,0.00x,true
high-7-3,high,7,3,6,5,5_6,empty,0,0.00x,true
high-7-3,high,7,3,6,6,6_6,outer,0.45,0.45x,false
high-8-1,high,8,1,0,0,0_0,outer,0.45,0.45x,false
high-8-1,high,8,1,0,1,1_0,empty,0,0.00x,true
high-8-1,high,8,1,0,2,2_0,empty,0,0.00x,true
high-8-1,high,8,1,0,3,3_0,empty,0,0.00x,true
high-8-1,high,8,1,0,4,4_0,empty,0,0.00x,true
high-8-1,high,8,1,0,5,5_0,empty,0,0.00x,true
high-8-1,high,8,1,0,6,6_0,empty,0,0.00x,true
high-8-1,high,8,1,0,7,7_0,outer,0.45,0.45x,false
high-8-1,high,8,1,1,0,0_1,empty,0,0.00x,true
high-8-1,high,8,1,1,1,1_1,middle,1.8,1.80x,false
high-8-1,high,8,1,1,2,2_1,empty,0,0.00x,true
high-8-1,high,8,1,1,3,3_1,empty,0,0.00x,true
high-8-1,high,8,1,1,4,4_1,empty,0,0.00x,true
high-8-1,high,8,1,1,5,5_1,empty,0,0.00x,true
high-8-1,high,8,1,1,6,6_1,middle,1.8,1.80x,false
high-8-1,high,8,1,1,7,7_1,empty,0,0.00x,true
high-8-1,high,8,1,2,0,0_2,empty,0,0.00x,true
high-8-1,high,8,1,2,1,1_2,empty,0,0.00x,true
high-8-1,high,8,1,2,2,2_2,middle,1.8,1.80x,false
high-8-1,high,8,1,2,3,3_2,empty,0,0.00x,true
high-8-1,high,8,1,2,4,4_2,empty,0,0.00x,true
high-8-1,high,8,1,2,5,5_2,middle,1.8,1.80x,false
high-8-1,high,8,1,2,6,6_2,empty,0,0.00x,true
high-8-1,high,8,1,2,7,7_2,empty,0,0.00x,true
high-8-1,high,8,1,3,0,0_3,empty,0,0.00x,true
high-8-1,high,8,1,3,1,1_3,empty,0,0.00x,true
high-8-1,high,8,1,3,2,2_3,empty,0,0.00x,true
high-8-1,high,8,1,3,3,3_3,center,10,10.00x,false
high-8-1,high,8,1,3,4,4_3,center,10,10.00x,false
high-8-1,high,8,1,3,5,5_3,empty,0,0.00x,true
high-8-1,high,8,1,3,6,6_3,empty,0,0.00x,true
high-8-1,high,8,1,3,7,7_3,empty,0,0.00x,true
high-8-1,high,8,1,4,0,0_4,empty,0,0.00x,true
high-8-1,high,8,1,4,1,1_4,empty,0,0.00x,true
high-8-1,high,8,1,4,2,2_4,empty,0,0.00x,true
high-8-1,high,8,1,4,3,3_4,center,10,10.00x,false
high-8-1,high,8,1,4,4,4_4,center,10,10.00x,false
high-8-1,high,8,1,4,5,5_4,empty,0,0.00x,true
high-8-1,high,8,1,4,6,6_4,empty,0,0.00x,true
high-8-1,high,8,1,4,7,7_4,empty,0,0.00x,true
high-8-1,high,8,1,5,0,0_5,empty,0,0.00x,true
high-8-1,high,8,1,5,1,1_5,empty,0,0.00x,true
high-8-1,high,8,1,5,2,2_5,middle,1.8,1.80x,false
high-8-1,high,8,1,5,3,3_5,empty,0,0.00x,true
high-8-1,high,8,1,5,4,4_5,empty,0,0.00x,true
high-8-1,high,8,1,5,5,5_5,middle,1.8,1.80x,false
high-8-1,high,8,1,5,6,6_5,empty,0,0.00x,true
high-8-1,high,8,1,5,7,7_5,empty,0,0.00x,true
high-8-1,high,8,1,6,0,0_6,empty,0,0.00x,true
high-8-1,high,8,1,6,1,1_6,middle,1.8,1.80x,false
high-8-1,high,8,1,6,2,2_6,empty,0,0.00x,true
high-8-1,high,8,1,6,3,3_6,empty,0,0.00x,true
high-8-1,high,8,1,6,4,4_6,empty,0,0.00x,true
high-8-1,high,8,1,6,5,5_6,empty,0,0.00x,true
high-8-1,high,8,1,6,6,6_6,middle,1.8,1.80x,false
high-8-1,high,8,1,6,7,7_6,empty,0,0.00x,true
high-8-1,high,8,1,7,0,0_7,outer,0.45,0.45x,false
high-8-1,high,8,1,7,1,1_7,empty,0,0.00x,true
high-8-1,high,8,1,7,2,2_7,empty,0,0.00x,true
high-8-1,high,8,1,7,3,3_7,empty,0,0.00x,true
high-8-1,high,8,1,7,4,4_7,empty,0,0.00x,true
high-8-1,high,8,1,7,5,5_7,empty,0,0.00x,true
high-8-1,high,8,1,7,6,6_7,empty,0,0.00x,true
high-8-1,high,8,1,7,7,7_7,outer,0.45,0.45x,false
high-8-2,high,8,2,0,0,0_0,outer,0.45,0.45x,false
high-8-2,high,8,2,0,1,1_0,empty,0,0.00x,true
high-8-2,high,8,2,0,2,2_0,empty,0,0.00x,true
high-8-2,high,8,2,0,3,3_0,empty,0,0.00x,true
high-8-2,high,8,2,0,4,4_0,empty,0,0.00x,true
high-8-2,high,8,2,0,5,5_0,empty,0,0.00x,true
high-8-2,high,8,2,0,6,6_0,empty,0,0.00x,true
high-8-2,high,8,2,0,7,7_0,outer,0.45,0.45x,false
high-8-2,high,8,2,1,0,0_1,empty,0,0.00x,true
high-8-2,high,8,2,1,1,1_1,middle,1.8,1.80x,false
high-8-2,high,8,2,1,2,2_1,empty,0,0.00x,true
high-8-2,high,8,2,1,3,3_1,empty,0,0.00x,true
high-8-2,high,8,2,1,4,4_1,empty,0,0.00x,true
high-8-2,high,8,2,1,5,5_1,empty,0,0.00x,true
high-8-2,high,8,2,1,6,6_1,middle,1.8,1.80x,false
high-8-2,high,8,2,1,7,7_1,empty,0,0.00x,true
high-8-2,high,8,2,2,0,0_2,empty,0,0.00x,true
high-8-2,high,8,2,2,1,1_2,empty,0,0.00x,true
high-8-2,high,8,2,2,2,2_2,middle,1.8,1.80x,false
high-8-2,high,8,2,2,3,3_2,empty,0,0.00x,true
high-8-2,high,8,2,2,4,4_2,empty,0,0.00x,true
high-8-2,high,8,2,2,5,5_2,middle,1.8,1.80x,false
high-8-2,high,8,2,2,6,6_2,empty,0,0.00x,true
high-8-2,high,8,2,2,7,7_2,empty,0,0.00x,true
high-8-2,high,8,2,3,0,0_3,empty,0,0.00x,true
high-8-2,high,8,2,3,1,1_3,empty,0,0.00x,true
high-8-2,high,8,2,3,2,2_3,empty,0,0.00x,true
high-8-2,high,8,2,3,3,3_3,center,10,10.00x,false
high-8-2,high,8,2,3,4,4_3,center,10,10.00x,false
high-8-2,high,8,2,3,5,5_3,empty,0,0.00x,true
high-8-2,high,8,2,3,6,6_3,empty,0,0.00x,true
high-8-2,high,8,2,3,7,7_3,empty,0,0.00x,true
high-8-2,high,8,2,4,0,0_4,empty,0,0.00x,true
high-8-2,high,8,2,4,1,1_4,empty,0,0.00x,true
high-8-2,high,8,2,4,2,2_4,empty,0,0.00x,true
high-8-2,high,8,2,4,3,3_4,center,10,10.00x,false
high-8-2,high,8,2,4,4,4_4,center,10,10.00x,false
high-8-2,high,8,2,4,5,5_4,empty,0,0.00x,true
high-8-2,high,8,2,4,6,6_4,empty,0,0.00x,true
high-8-2,high,8,2,4,7,7_4,empty,0,0.00x,true
high-8-2,high,8,2,5,0,0_5,empty,0,0.00x,true
high-8-2,high,8,2,5,1,1_5,empty,0,0.00x,true
high-8-2,high,8,2,5,2,2_5,middle,1.8,1.80x,false
high-8-2,high,8,2,5,3,3_5,empty,0,0.00x,true
high-8-2,high,8,2,5,4,4_5,empty,0,0.00x,true
high-8-2,high,8,2,5,5,5_5,middle,1.8,1.80x,false
high-8-2,high,8,2,5,6,6_5,empty,0,0.00x,true
high-8-2,high,8,2,5,7,7_5,empty,0,0.00x,true
high-8-2,high,8,2,6,0,0_6,empty,0,0.00x,true
high-8-2,high,8,2,6,1,1_6,middle,1.8,1.80x,false
high-8-2,high,8,2,6,2,2_6,empty,0,0.00x,true
high-8-2,high,8,2,6,3,3_6,empty,0,0.00x,true
high-8-2,high,8,2,6,4,4_6,empty,0,0.00x,true
high-8-2,high,8,2,6,5,5_6,empty,0,0.00x,true
high-8-2,high,8,2,6,6,6_6,middle,1.8,1.80x,false
high-8-2,high,8,2,6,7,7_6,empty,0,0.00x,true
high-8-2,high,8,2,7,0,0_7,outer,0.45,0.45x,false
high-8-2,high,8,2,7,1,1_7,empty,0,0.00x,true
high-8-2,high,8,2,7,2,2_7,empty,0,0.00x,true
high-8-2,high,8,2,7,3,3_7,empty,0,0.00x,true
high-8-2,high,8,2,7,4,4_7,empty,0,0.00x,true
high-8-2,high,8,2,7,5,5_7,empty,0,0.00x,true
high-8-2,high,8,2,7,6,6_7,empty,0,0.00x,true
high-8-2,high,8,2,7,7,7_7,outer,0.45,0.45x,false
high-8-3,high,8,3,0,0,0_0,outer,0.45,0.45x,false
high-8-3,high,8,3,0,1,1_0,empty,0,0.00x,true
high-8-3,high,8,3,0,2,2_0,empty,0,0.00x,true
high-8-3,high,8,3,0,3,3_0,empty,0,0.00x,true
high-8-3,high,8,3,0,4,4_0,empty,0,0.00x,true
high-8-3,high,8,3,0,5,5_0,empty,0,0.00x,true
high-8-3,high,8,3,0,6,6_0,empty,0,0.00x,true
high-8-3,high,8,3,0,7,7_0,outer,0.45,0.45x,false
high-8-3,high,8,3,1,0,0_1,empty,0,0.00x,true
high-8-3,high,8,3,1,1,1_1,middle,1.8,1.80x,false
high-8-3,high,8,3,1,2,2_1,empty,0,0.00x,true
high-8-3,high,8,3,1,3,3_1,empty,0,0.00x,true
high-8-3,high,8,3,1,4,4_1,empty,0,0.00x,true
high-8-3,high,8,3,1,5,5_1,empty,0,0.00x,true
high-8-3,high,8,3,1,6,6_1,middle,1.8,1.80x,false
high-8-3,high,8,3,1,7,7_1,empty,0,0.00x,true
high-8-3,high,8,3,2,0,0_2,empty,0,0.00x,true
high-8-3,high,8,3,2,1,1_2,empty,0,0.00x,true
high-8-3,high,8,3,2,2,2_2,middle,1.8,1.80x,false
high-8-3,high,8,3,2,3,3_2,empty,0,0.00x,true
high-8-3,high,8,3,2,4,4_2,empty,0,0.00x,true
high-8-3,high,8,3,2,5,5_2,middle,1.8,1.80x,false
high-8-3,high,8,3,2,6,6_2,empty,0,0.00x,true
high-8-3,high,8,3,2,7,7_2,empty,0,0.00x,true
high-8-3,high,8,3,3,0,0_3,empty,0,0.00x,true
high-8-3,high,8,3,3,1,1_3,empty,0,0.00x,true
high-8-3,high,8,3,3,2,2_3,empty,0,0.00x,true
high-8-3,high,8,3,3,3,3_3,center,10,10.00x,false
high-8-3,high,8,3,3,4,4_3,center,10,10.00x,false
high-8-3,high,8,3,3,5,5_3,empty,0,0.00x,true
high-8-3,high,8,3,3,6,6_3,empty,0,0.00x,true
high-8-3,high,8,3,3,7,7_3,empty,0,0.00x,true
high-8-3,high,8,3,4,0,0_4,empty,0,0.00x,true
high-8-3,high,8,3,4,1,1_4,empty,0,0.00x,true
high-8-3,high,8,3,4,2,2_4,empty,0,0.00x,true
high-8-3,high,8,3,4,3,3_4,center,10,10.00x,false
high-8-3,high,8,3,4,4,4_4,center,10,10.00x,false
high-8-3,high,8,3,4,5,5_4,empty,0,0.00x,true
high-8-3,high,8,3,4,6,6_4,empty,0,0.00x,true
high-8-3,high,8,3,4,7,7_4,empty,0,0.00x,true
high-8-3,high,8,3,5,0,0_5,empty,0,0.00x,true
high-8-3,high,8,3,5,1,1_5,empty,0,0.00x,true
high-8-3,high,8,3,5,2,2_5,middle,1.8,1.80x,false
high-8-3,high,8,3,5,3,3_5,empty,0,0.00x,true
high-8-3,high,8,3,5,4,4_5,empty,0,0.00x,true
high-8-3,high,8,3,5,5,5_5,middle,1.8,1.80x,false
high-8-3,high,8,3,5,6,6_5,empty,0,0.00x,true
high-8-3,high,8,3,5,7,7_5,empty,0,0.00x,true
high-8-3,high,8,3,6,0,0_6,empty,0,0.00x,true
high-8-3,high,8,3,6,1,1_6,middle,1.8,1.80x,false
high-8-3,high,8,3,6,2,2_6,empty,0,0.00x,true
high-8-3,high,8,3,6,3,3_6,empty,0,0.00x,true
high-8-3,high,8,3,6,4,4_6,empty,0,0.00x,true
high-8-3,high,8,3,6,5,5_6,empty,0,0.00x,true
high-8-3,high,8,3,6,6,6_6,middle,1.8,1.80x,false
high-8-3,high,8,3,6,7,7_6,empty,0,0.00x,true
high-8-3,high,8,3,7,0,0_7,outer,0.45,0.45x,false
high-8-3,high,8,3,7,1,1_7,empty,0,0.00x,true
high-8-3,high,8,3,7,2,2_7,empty,0,0.00x,true
high-8-3,high,8,3,7,3,3_7,empty,0,0.00x,true
high-8-3,high,8,3,7,4,4_7,empty,0,0.00x,true
high-8-3,high,8,3,7,5,5_7,empty,0,0.00x,true
high-8-3,high,8,3,7,6,6_7,empty,0,0.00x,true
high-8-3,high,8,3,7,7,7_7,outer,0.45,0.45x,false
high-9-1,high,9,1,0,0,0_0,outer,0.45,0.45x,false
high-9-1,high,9,1,0,1,1_0,empty,0,0.00x,true
high-9-1,high,9,1,0,2,2_0,empty,0,0.00x,true
high-9-1,high,9,1,0,3,3_0,empty,0,0.00x,true
high-9-1,high,9,1,0,4,4_0,empty,0,0.00x,true
high-9-1,high,9,1,0,5,5_0,empty,0,0.00x,true
high-9-1,high,9,1,0,6,6_0,empty,0,0.00x,true
high-9-1,high,9,1,0,7,7_0,empty,0,0.00x,true
high-9-1,high,9,1,0,8,8_0,outer,0.45,0.45x,false
high-9-1,high,9,1,1,0,0_1,empty,0,0.00x,true
high-9-1,high,9,1,1,1,1_1,middle,1.8,1.80x,false
high-9-1,high,9,1,1,2,2_1,empty,0,0.00x,true
high-9-1,high,9,1,1,3,3_1,empty,0,0.00x,true
high-9-1,high,9,1,1,4,4_1,empty,0,0.00x,true
high-9-1,high,9,1,1,5,5_1,empty,0,0.00x,true
high-9-1,high,9,1,1,6,6_1,empty,0,0.00x,true
high-9-1,high,9,1,1,7,7_1,middle,1.8,1.80x,false
high-9-1,high,9,1,1,8,8_1,empty,0,0.00x,true
high-9-1,high,9,1,2,0,0_2,empty,0,0.00x,true
high-9-1,high,9,1,2,1,1_2,empty,0,0.00x,true
high-9-1,high,9,1,2,2,2_2,middle,1.8,1.80x,false
high-9-1,high,9,1,2,3,3_2,empty,0,0.00x,true
high-9-1,high,9,1,2,4,4_2,empty,0,0.00x,true
high-9-1,high,9,1,2,5,5_2,empty,0,0.00x,true
high-9-1,high,9,1,2,6,6_2,middle,1.8,1.80x,false
high-9-1,high,9,1,2,7,7_2,empty,0,0.00x,true
high-9-1,high,9,1,2,8,8_2,empty,0,0.00x,true
high-9-1,high,9,1,3,0,0_3,empty,0,0.00x,true
high-9-1,high,9,1,3,1,1_3,empty,0,0.00x,true
high-9-1,high,9,1,3,2,2_3,empty,0,0.00x,true
high-9-1,high,9,1,3,3,3_3,middle,1.8,1.80x,false
high-9-1,high,9,1,3,4,4_3,empty,0,0.00x,true
high-9-1,high,9,1,3,5,5_3,middle,1.8,1.80x,false
high-9-1,high,9,1,3,6,6_3,empty,0,0.00x,true
high-9-1,high,9,1,3,7,7_3,empty,0,0.00x,true
high-9-1,high,9,1,3,8,8_3,empty,0,0.00x,true
high-9-1,high,9,1,4,0,0_4,empty,0,0.00x,true
high-9-1,high,9,1,4,1,1_4,empty,0,0.00x,true
high-9-1,high,9,1,4,2,2_4,empty,0,0.00x,true
high-9-1,high,9,1,4,3,3_4,empty,0,0.00x,true
high-9-1,high,9,1,4,4,4_4,center,10,10.00x,false
high-9-1,high,9,1,4,5,5_4,empty,0,0.00x,true
high-9-1,high,9,1,4,6,6_4,empty,0,0.00x,true
high-9-1,high,9,1,4,7,7_4,empty,0,0.00x,true
high-9-1,high,9,1,4,8,8_4,empty,0,0.00x,true
high-9-1,high,9,1,5,0,0_5,empty,0,0.00x,true
high-9-1,high,9,1,5,1,1_5,empty,0,0.00x,true
high-9-1,high,9,1,5,2,2_5,empty,0,0.00x,true
high-9-1,high,9,1,5,3,3_5,middle,1.8,1.80x,false
high-9-1,high,9,1,5,4,4_5,empty,0,0.00x,true
high-9-1,high,9,1,5,5,5_5,middle,1.8,1.80x,false
high-9-1,high,9,1,5,6,6_5,empty,0,0.00x,true
high-9-1,high,9,1,5,7,7_5,empty,0,0.00x,true
high-9-1,high,9,1,5,8,8_5,empty,0,0.00x,true
high-9-1,high,9,1,6,0,0_6,empty,0,0.00x,true
high-9-1,high,9,1,6,1,1_6,empty,0,0.00x,true
high-9-1,high,9,1,6,2,2_6,middle,1.8,1.80x,false
high-9-1,high,9,1,6,3,3_6,empty,0,0.00x,true
high-9-1,high,9,1,6,4,4_6,empty,0,0.00x,true
high-9-1,high,9,1,6,5,5_6,empty,0,0.00x,true
high-9-1,high,9,1,6,6,6_6,middle,1.8,1.80x,false
high-9-1,high,9,1,6,7,7_6,empty,0,0.00x,true
high-9-1,high,9,1,6,8,8_6,empty,0,0.00x,true
high-9-1,high,9,1,7,0,0_7,empty,0,0.00x,true
high-9-1,high,9,1,7,1,1_7,middle,1.8,1.80x,false
high-9-1,high,9,1,7,2,2_7,empty,0,0.00x,true
high-9-1,high,9,1,7,3,3_7,empty,0,0.00x,true
high-9-1,high,9,1,7,4,4_7,empty,0,0.00x,true
high-9-1,high,9,1,7,5,5_7,empty,0,0.00x,true
high-9-1,high,9,1,7,6,6_7,empty,0,0.00x,true
high-9-1,high,9,1,7,7,7_7,middle,1.8,1.80x,false
high-9-1,high,9,1,7,8,8_7,empty,0,0.00x,true
high-9-1,high,9,1,8,0,0_8,outer,0.45,0.45x,false
high-9-1,high,9,1,8,1,1_8,empty,0,0.00x,true
high-9-1,high,9,1,8,2,2_8,empty,0,0.00x,true
high-9-1,high,9,1,8,3,3_8,empty,0,0.00x,true
high-9-1,high,9,1,8,4,4_8,empty,0,0.00x,true
high-9-1,high,9,1,8,5,5_8,empty,0,0.00x,true
high-9-1,high,9,1,8,6,6_8,empty,0,0.00x,true
high-9-1,high,9,1,8,7,7_8,empty,0,0.00x,true
high-9-1,high,9,1,8,8,8_8,outer,0.45,0.45x,false
high-9-2,high,9,2,0,0,0_0,outer,0.45,0.45x,false
high-9-2,high,9,2,0,1,1_0,empty,0,0.00x,true
high-9-2,high,9,2,0,2,2_0,empty,0,0.00x,true
high-9-2,high,9,2,0,3,3_0,empty,0,0.00x,true
high-9-2,high,9,2,0,4,4_0,empty,0,0.00x,true
high-9-2,high,9,2,0,5,5_0,empty,0,0.00x,true
high-9-2,high,9,2,0,6,6_0,empty,0,0.00x,true
high-9-2,high,9,2,0,7,7_0,empty,0,0.00x,true
high-9-2,high,9,2,0,8,8_0,outer,0.45,0.45x,false
high-9-2,high,9,2,1,0,0_1,empty,0,0.00x,true
high-9-2,high,9,2,1,1,1_1,middle,1.8,1.80x,false
high-9-2,high,9,2,1,2,2_1,empty,0,0.00x,true
high-9-2,high,9,2,1,3,3_1,empty,0,0.00x,true
high-9-2,high,9,2,1,4,4_1,empty,0,0.00x,true
high-9-2,high,9,2,1,5,5_1,empty,0,0.00x,true
high-9-2,high,9,2,1,6,6_1,empty,0,0.00x,true
high-9-2,high,9,2,1,7,7_1,middle,1.8,1.80x,false
high-9-2,high,9,2,1,8,8_1,empty,0,0.00x,true
high-9-2,high,9,2,2,0,0_2,empty,0,0.00x,true
high-9-2,high,9,2,2,1,1_2,empty,0,0.00x,true
high-9-2,high,9,2,2,2,2_2,middle,1.8,1.80x,false
high-9-2,high,9,2,2,3,3_2,empty,0,0.00x,true
high-9-2,high,9,2,2,4,4_2,empty,0,0.00x,true
high-9-2,high,9,2,2,5,5_2,empty,0,0.00x,true
high-9-2,high,9,2,2,6,6_2,middle,1.8,1.80x,false
high-9-2,high,9,2,2,7,7_2,empty,0,0.00x,true
high-9-2,high,9,2,2,8,8_2,empty,0,0.00x,true
high-9-2,high,9,2,3,0,0_3,empty,0,0.00x,true
high-9-2,high,9,2,3,1,1_3,empty,0,0.00x,true
high-9-2,high,9,2,3,2,2_3,empty,0,0.00x,true
high-9-2,high,9,2,3,3,3_3,middle,1.8,1.80x,false
high-9-2,high,9,2,3,4,4_3,empty,0,0.00x,true
high-9-2,high,9,2,3,5,5_3,middle,1.8,1.80x,false
high-9-2,high,9,2,3,6,6_3,empty,0,0.00x,true
high-9-2,high,9,2,3,7,7_3,empty,0,0.00x,true
high-9-2,high,9,2,3,8,8_3,empty,0,0.00x,true
high-9-2,high,9,2,4,0,0_4,empty,0,0.00x,true
high-9-2,high,9,2,4,1,1_4,empty,0,0.00x,true
high-9-2,high,9,2,4,2,2_4,empty,0,0.00x,true
high-9-2,high,9,2,4,3,3_4,empty,0,0.00x,true
high-9-2,high,9,2,4,4,4_4,center,10,10.00x,false
high-9-2,high,9,2,4,5,5_4,empty,0,0.00x,true
high-9-2,high,9,2,4,6,6_4,empty,0,0.00x,true
high-9-2,high,9,2,4,7,7_4,empty,0,0.00x,true
high-9-2,high,9,2,4,8,8_4,empty,0,0.00x,true
high-9-2,high,9,2,5,0,0_5,empty,0,0.00x,true
high-9-2,high,9,2,5,1,1_5,empty,0,0.00x,true
high-9-2,high,9,2,5,2,2_5,empty,0,0.00x,true
high-9-2,high,9,2,5,3,3_5,middle,1.8,1.80x,false
high-9-2,high,9,2,5,4,4_5,empty,0,0.00x,true
high-9-2,high,9,2,5,5,5_5,middle,1.8,1.80x,false
high-9-2,high,9,2,5,6,6_5,empty,0,0.00x,true
high-9-2,high,9,2,5,7,7_5,empty,0,0.00x,true
high-9-2,high,9,2,5,8,8_5,empty,0,0.00x,true
high-9-2,high,9,2,6,0,0_6,empty,0,0.00x,true
high-9-2,high,9,2,6,1,1_6,empty,0,0.00x,true
high-9-2,high,9,2,6,2,2_6,middle,1.8,1.80x,false
high-9-2,high,9,2,6,3,3_6,empty,0,0.00x,true
high-9-2,high,9,2,6,4,4_6,empty,0,0.00x,true
high-9-2,high,9,2,6,5,5_6,empty,0,0.00x,true
high-9-2,high,9,2,6,6,6_6,middle,1.8,1.80x,false
high-9-2,high,9,2,6,7,7_6,empty,0,0.00x,true
high-9-2,high,9,2,6,8,8_6,empty,0,0.00x,true
high-9-2,high,9,2,7,0,0_7,empty,0,0.00x,true
high-9-2,high,9,2,7,1,1_7,middle,1.8,1.80x,false
high-9-2,high,9,2,7,2,2_7,empty,0,0.00x,true
high-9-2,high,9,2,7,3,3_7,empty,0,0.00x,true
high-9-2,high,9,2,7,4,4_7,empty,0,0.00x,true
high-9-2,high,9,2,7,5,5_7,empty,0,0.00x,true
high-9-2,high,9,2,7,6,6_7,empty,0,0.00x,true
high-9-2,high,9,2,7,7,7_7,middle,1.8,1.80x,false
high-9-2,high,9,2,7,8,8_7,empty,0,0.00x,true
high-9-2,high,9,2,8,0,0_8,outer,0.45,0.45x,false
high-9-2,high,9,2,8,1,1_8,empty,0,0.00x,true
high-9-2,high,9,2,8,2,2_8,empty,0,0.00x,true
high-9-2,high,9,2,8,3,3_8,empty,0,0.00x,true
high-9-2,high,9,2,8,4,4_8,empty,0,0.00x,true
high-9-2,high,9,2,8,5,5_8,empty,0,0.00x,true
high-9-2,high,9,2,8,6,6_8,empty,0,0.00x,true
high-9-2,high,9,2,8,7,7_8,empty,0,0.00x,true
high-9-2,high,9,2,8,8,8_8,outer,0.45,0.45x,false
high-9-3,high,9,3,0,0,0_0,outer,0.45,0.45x,false
high-9-3,high,9,3,0,1,1_0,empty,0,0.00x,true
high-9-3,high,9,3,0,2,2_0,empty,0,0.00x,true
high-9-3,high,9,3,0,3,3_0,empty,0,0.00x,true
high-9-3,high,9,3,0,4,4_0,empty,0,0.00x,true
high-9-3,high,9,3,0,5,5_0,empty,0,0.00x,true
high-9-3,high,9,3,0,6,6_0,empty,0,0.00x,true
high-9-3,high,9,3,0,7,7_0,empty,0,0.00x,true
high-9-3,high,9,3,0,8,8_0,outer,0.45,0.45x,false
high-9-3,high,9,3,1,0,0_1,empty,0,0.00x,true
high-9-3,high,9,3,1,1,1_1,middle,1.8,1.80x,false
high-9-3,high,9,3,1,2,2_1,empty,0,0.00x,true
high-9-3,high,9,3,1,3,3_1,empty,0,0.00x,true
high-9-3,high,9,3,1,4,4_1,empty,0,0.00x,true
high-9-3,high,9,3,1,5,5_1,empty,0,0.00x,true
high-9-3,high,9,3,1,6,6_1,empty,0,0.00x,true
high-9-3,high,9,3,1,7,7_1,middle,1.8,1.80x,false
high-9-3,high,9,3,1,8,8_1,empty,0,0.00x,true
high-9-3,high,9,3,2,0,0_2,empty,0,0.00x,true
high-9-3,high,9,3,2,1,1_2,empty,0,0.00x,true
high-9-3,high,9,3,2,2,2_2,middle,1.8,1.80x,false
high-9-3,high,9,3,2,3,3_2,empty,0,0.00x,true
high-9-3,high,9,3,2,4,4_2,empty,0,0.00x,true
high-9-3,high,9,3,2,5,5_2,empty,0,0.00x,true
high-9-3,high,9,3,2,6,6_2,middle,1.8,1.80x,false
high-9-3,high,9,3,2,7,7_2,empty,0,0.00x,true
high-9-3,high,9,3,2,8,8_2,empty,0,0.00x,true
high-9-3,high,9,3,3,0,0_3,empty,0,0.00x,true
high-9-3,high,9,3,3,1,1_3,empty,0,0.00x,true
high-9-3,high,9,3,3,2,2_3,empty,0,0.00x,true
high-9-3,high,9,3,3,3,3_3,middle,1.8,1.80x,false
high-9-3,high,9,3,3,4,4_3,empty,0,0.00x,true
high-9-3,high,9,3,3,5,5_3,middle,1.8,1.80x,false
high-9-3,high,9,3,3,6,6_3,empty,0,0.00x,true
high-9-3,high,9,3,3,7,7_3,empty,0,0.00x,true
high-9-3,high,9,3,3,8,8_3,empty,0,0.00x,true
high-9-3,high,9,3,4,0,0_4,empty,0,0.00x,true
high-9-3,high,9,3,4,1,1_4,empty,0,0.00x,true
high-9-3,high,9,3,4,2,2_4,empty,0,0.00x,true
high-9-3,high,9,3,4,3,3_4,empty,0,0.00x,true
high-9-3,high,9,3,4,4,4_4,center,10,10.00x,false
high-9-3,high,9,3,4,5,5_4,empty,0,0.00x,true
high-9-3,high,9,3,4,6,6_4,empty,0,0.00x,true
high-9-3,high,9,3,4,7,7_4,empty,0,0.00x,true
high-9-3,high,9,3,4,8,8_4,empty,0,0.00x,true
high-9-3,high,9,3,5,0,0_5,empty,0,0.00x,true
high-9-3,high,9,3,5,1,1_5,empty,0,0.00x,true
high-9-3,high,9,3,5,2,2_5,empty,0,0.00x,true
high-9-3,high,9,3,5,3,3_5,middle,1.8,1.80x,false
high-9-3,high,9,3,5,4,4_5,empty,0,0.00x,true
high-9-3,high,9,3,5,5,5_5,middle,1.8,1.80x,false
high-9-3,high,9,3,5,6,6_5,empty,0,0.00x,true
high-9-3,high,9,3,5,7,7_5,empty,0,0.00x,true
high-9-3,high,9,3,5,8,8_5,empty,0,0.00x,true
high-9-3,high,9,3,6,0,0_6,empty,0,0.00x,true
high-9-3,high,9,3,6,1,1_6,empty,0,0.00x,true
high-9-3,high,9,3,6,2,2_6,middle,1.8,1.80x,false
high-9-3,high,9,3,6,3,3_6,empty,0,0.00x,true
high-9-3,high,9,3,6,4,4_6,empty,0,0.00x,true
high-9-3,high,9,3,6,5,5_6,empty,0,0.00x,true
high-9-3,high,9,3,6,6,6_6,middle,1.8,1.80x,false
high-9-3,high,9,3,6,7,7_6,empty,0,0.00x,true
high-9-3,high,9,3,6,8,8_6,empty,0,0.00x,true
high-9-3,high,9,3,7,0,0_7,empty,0,0.00x,true
high-9-3,high,9,3,7,1,1_7,middle,1.8,1.80x,false
high-9-3,high,9,3,7,2,2_7,empty,0,0.00x,true
high-9-3,high,9,3,7,3,3_7,empty,0,0.00x,true
high-9-3,high,9,3,7,4,4_7,empty,0,0.00x,true
high-9-3,high,9,3,7,5,5_7,empty,0,0.00x,true
high-9-3,high,9,3,7,6,6_7,empty,0,0.00x,true
high-9-3,high,9,3,7,7,7_7,middle,1.8,1.80x,false
high-9-3,high,9,3,7,8,8_7,empty,0,0.00x,true
high-9-3,high,9,3,8,0,0_8,outer,0.45,0.45x,false
high-9-3,high,9,3,8,1,1_8,empty,0,0.00x,true
high-9-3,high,9,3,8,2,2_8,empty,0,0.00x,true
high-9-3,high,9,3,8,3,3_8,empty,0,0.00x,true
high-9-3,high,9,3,8,4,4_8,empty,0,0.00x,true
high-9-3,high,9,3,8,5,5_8,empty,0,0.00x,true
high-9-3,high,9,3,8,6,6_8,empty,0,0.00x,true
high-9-3,high,9,3,8,7,7_8,empty,0,0.00x,true
high-9-3,high,9,3,8,8,8_8,outer,0.45,0.45x,false
high-10-1,high,10,1,0,0,0_0,outer,0.45,0.45x,false
high-10-1,high,10,1,0,1,1_0,empty,0,0.00x,true
high-10-1,high,10,1,0,2,2_0,empty,0,0.00x,true
high-10-1,high,10,1,0,3,3_0,empty,0,0.00x,true
high-10-1,high,10,1,0,4,4_0,empty,0,0.00x,true
high-10-1,high,10,1,0,5,5_0,empty,0,0.00x,true
high-10-1,high,10,1,0,6,6_0,empty,0,0.00x,true
high-10-1,high,10,1,0,7,7_0,empty,0,0.00x,true
high-10-1,high,10,1,0,8,8_0,empty,0,0.00x,true
high-10-1,high,10,1,0,9,9_0,outer,0.45,0.45x,false
high-10-1,high,10,1,1,0,0_1,empty,0,0.00x,true
high-10-1,high,10,1,1,1,1_1,middle,1.8,1.80x,false
high-10-1,high,10,1,1,2,2_1,empty,0,0.00x,true
high-10-1,high,10,1,1,3,3_1,empty,0,0.00x,true
high-10-1,high,10,1,1,4,4_1,empty,0,0.00x,true
high-10-1,high,10,1,1,5,5_1,empty,0,0.00x,true
high-10-1,high,10,1,1,6,6_1,empty,0,0.00x,true
high-10-1,high,10,1,1,7,7_1,empty,0,0.00x,true
high-10-1,high,10,1,1,8,8_1,middle,1.8,1.80x,false
high-10-1,high,10,1,1,9,9_1,empty,0,0.00x,true
high-10-1,high,10,1,2,0,0_2,empty,0,0.00x,true
high-10-1,high,10,1,2,1,1_2,empty,0,0.00x,true
high-10-1,high,10,1,2,2,2_2,middle,1.8,1.80x,false
high-10-1,high,10,1,2,3,3_2,empty,0,0.00x,true
high-10-1,high,10,1,2,4,4_2,empty,0,0.00x,true
high-10-1,high,10,1,2,5,5_2,empty,0,0.00x,true
high-10-1,high,10,1,2,6,6_2,empty,0,0.00x,true
high-10-1,high,10,1,2,7,7_2,middle,1.8,1.80x,false
high-10-1,high,10,1,2,8,8_2,empty,0,0.00x,true
high-10-1,high,10,1,2,9,9_2,empty,0,0.00x,true
high-10-1,high,10,1,3,0,0_3,empty,0,0.00x,true
high-10-1,high,10,1,3,1,1_3,empty,0,0.00x,true
high-10-1,high,10,1,3,2,2_3,empty,0,0.00x,true
high-10-1,high,10,1,3,3,3_3,middle,1.8,1.80x,false
high-10-1,high,10,1,3,4,4_3,empty,0,0.00x,true
high-10-1,high,10,1,3,5,5_3,empty,0,0.00x,true
high-10-1,high,10,1,3,6,6_3,middle,1.8,1.80x,false
high-10-1,high,10,1,3,7,7_3,empty,0,0.00x,true
high-10-1,high,10,1,3,8,8_3,empty,0,0.00x,true
high-10-1,high,10,1,3,9,9_3,empty,0,0.00x,true
high-10-1,high,10,1,4,0,0_4,empty,0,0.00x,true
high-10-1,high,10,1,4,1,1_4,empty,0,0.00x,true
high-10-1,high,10,1,4,2,2_4,empty,0,0.00x,true
high-10-1,high,10,1,4,3,3_4,empty,0,0.00x,true
high-10-1,high,10,1,4,4,4_4,center,10,10.00x,false
high-10-1,high,10,1,4,5,5_4,center,10,10.00x,false
high-10-1,high,10,1,4,6,6_4,empty,0,0.00x,true
high-10-1,high,10,1,4,7,7_4,empty,0,0.00x,true
high-10-1,high,10,1,4,8,8_4,empty,0,0.00x,true
high-10-1,high,10,1,4,9,9_4,empty,0,0.00x,true
high-10-1,high,10,1,5,0,0_5,empty,0,0.00x,true
high-10-1,high,10,1,5,1,1_5,empty,0,0.00x,true
high-10-1,high,10,1,5,2,2_5,empty,0,0.00x,true
high-10-1,high,10,1,5,3,3_5,empty,0,0.00x,true
high-10-1,high,10,1,5,4,4_5,center,10,10.00x,false
high-10-1,high,10,1,5,5,5_5,center,10,10.00x,false
high-10-1,high,10,1,5,6,6_5,empty,0,0.00x,true
high-10-1,high,10,1,5,7,7_5,empty,0,0.00x,true
high-10-1,high,10,1,5,8,8_5,empty,0,0.00x,true
high-10-1,high,10,1,5,9,9_5,empty,0,0.00x,true
high-10-1,high,10,1,6,0,0_6,empty,0,0.00x,true
high-10-1,high,10,1,6,1,1_6,empty,0,0.00x,true
high-10-1,high,10,1,6,2,2_6,empty,0,0.00x,true
high-10-1,high,10,1,6,3,3_6,middle,1.8,1.80x,false
high-10-1,high,10,1,6,4,4_6,empty,0,0.00x,true
high-10-1,high,10,1,6,5,5_6,empty,0,0.00x,true
high-10-1,high,10,1,6,6,6_6,middle,1.8,1.80x,false
high-10-1,high,10,1,6,7,7_6,empty,0,0.00x,true
high-10-1,high,10,1,6,8,8_6,empty,0,0.00x,true
high-10-1,high,10,1,6,9,9_6,empty,0,0.00x,true
high-10-1,high,10,1,7,0,0_7,empty,0,0.00x,true
high-10-1,high,10,1,7,1,1_7,empty,0,0.00x,true
high-10-1,high,10,1,7,2,2_7,middle,1.8,1.80x,false
high-10-1,high,10,1,7,3,3_7,empty,0,0.00x,true
high-10-1,high,10,1,7,4,4_7,empty,0,0.00x,true
high-10-1,high,10,1,7,5,5_7,empty,0,0.00x,true
high-10-1,high,10,1,7,6,6_7,empty,0,0.00x,true
high-10-1,high,10,1,7,7,7_7,middle,1.8,1.80x,false
high-10-1,high,10,1,7,8,8_7,empty,0,0.00x,true
high-10-1,high,10,1,7,9,9_7,empty,0,0.00x,true
high-10-1,high,10,1,8,0,0_8,empty,0,0.00x,true
high-10-1,high,10,1,8,1,1_8,middle,1.8,1.80x,false
high-10-1,high,10,1,8,2,2_8,empty,0,0.00x,true
high-10-1,high,10,1,8,3,3_8,empty,0,0.00x,true
high-10-1,high,10,1,8,4,4_8,empty,0,0.00x,true
high-10-1,high,10,1,8,5,5_8,empty,0,0.00x,true
high-10-1,high,10,1,8,6,6_8,empty,0,0.00x,true
high-10-1,high,10,1,8,7,7_8,empty,0,0.00x,true
high-10-1,high,10,1,8,8,8_8,middle,1.8,1.80x,false
high-10-1,high,10,1,8,9,9_8,empty,0,0.00x,true
high-10-1,high,10,1,9,0,0_9,outer,0.45,0.45x,false
high-10-1,high,10,1,9,1,1_9,empty,0,0.00x,true
high-10-1,high,10,1,9,2,2_9,empty,0,0.00x,true
high-10-1,high,10,1,9,3,3_9,empty,0,0.00x,true
high-10-1,high,10,1,9,4,4_9,empty,0,0.00x,true
high-10-1,high,10,1,9,5,5_9,empty,0,0.00x,true
high-10-1,high,10,1,9,6,6_9,empty,0,0.00x,true
high-10-1,high,10,1,9,7,7_9,empty,0,0.00x,true
high-10-1,high,10,1,9,8,8_9,empty,0,0.00x,true
high-10-1,high,10,1,9,9,9_9,outer,0.45,0.45x,false
high-10-2,high,10,2,0,0,0_0,outer,0.45,0.45x,false
high-10-2,high,10,2,0,1,1_0,empty,0,0.00x,true
high-10-2,high,10,2,0,2,2_0,empty,0,0.00x,true
high-10-2,high,10,2,0,3,3_0,empty,0,0.00x,true
high-10-2,high,10,2,0,4,4_0,empty,0,0.00x,true
high-10-2,high,10,2,0,5,5_0,empty,0,0.00x,true
high-10-2,high,10,2,0,6,6_0,empty,0,0.00x,true
high-10-2,high,10,2,0,7,7_0,empty,0,0.00x,true
high-10-2,high,10,2,0,8,8_0,empty,0,0.00x,true
high-10-2,high,10,2,0,9,9_0,outer,0.45,0.45x,false
high-10-2,high,10,2,1,0,0_1,empty,0,0.00x,true
high-10-2,high,10,2,1,1,1_1,middle,1.8,1.80x,false
high-10-2,high,10,2,1,2,2_1,empty,0,0.00x,true
high-10-2,high,10,2,1,3,3_1,empty,0,0.00x,true
high-10-2,high,10,2,1,4,4_1,empty,0,0.00x,true
high-10-2,high,10,2,1,5,5_1,empty,0,0.00x,true
high-10-2,high,10,2,1,6,6_1,empty,0,0.00x,true
high-10-2,high,10,2,1,7,7_1,empty,0,0.00x,true
high-10-2,high,10,2,1,8,8_1,middle,1.8,1.80x,false
high-10-2,high,10,2,1,9,9_1,empty,0,0.00x,true
high-10-2,high,10,2,2,0,0_2,empty,0,0.00x,true
high-10-2,high,10,2,2,1,1_2,empty,0,0.00x,true
high-10-2,high,10,2,2,2,2_2,middle,1.8,1.80x,false
high-10-2,high,10,2,2,3,3_2,empty,0,0.00x,true
high-10-2,high,10,2,2,4,4_2,empty,0,0.00x,true
high-10-2,high,10,2,2,5,5_2,empty,0,0.00x,true
high-10-2,high,10,2,2,6,6_2,empty,0,0.00x,true
high-10-2,high,10,2,2,7,7_2,middle,1.8,1.80x,false
high-10-2,high,10,2,2,8,8_2,empty,0,0.00x,true
high-10-2,high,10,2,2,9,9_2,empty,0,0.00x,true
high-10-2,high,10,2,3,0,0_3,empty,0,0.00x,true
high-10-2,high,10,2,3,1,1_3,empty,0,0.00x,true
high-10-2,high,10,2,3,2,2_3,empty,0,0.00x,true
high-10-2,high,10,2,3,3,3_3,middle,1.8,1.80x,false
high-10-2,high,10,2,3,4,4_3,empty,0,0.00x,true
high-10-2,high,10,2,3,5,5_3,empty,0,0.00x,true
high-10-2,high,10,2,3,6,6_3,middle,1.8,1.80x,false
high-10-2,high,10,2,3,7,7_3,empty,0,0.00x,true
high-10-2,high,10,2,3,8,8_3,empty,0,0.00x,true
high-10-2,high,10,2,3,9,9_3,empty,0,0.00x,true
high-10-2,high,10,2,4,0,0_4,empty,0,0.00x,true
high-10-2,high,10,2,4,1,1_4,empty,0,0.00x,true
high-10-2,high,10,2,4,2,2_4,empty,0,0.00x,true
high-10-2,high,10,2,4,3,3_4,empty,0,0.00x,true
high-10-2,high,10,2,4,4,4_4,center,10,10.00x,false
high-10-2,high,10,2,4,5,5_4,center,10,10.00x,false
high-10-2,high,10,2,4,6,6_4,empty,0,0.00x,true
high-10-2,high,10,2,4,7,7_4,empty,0,0.00x,true
high-10-2,high,10,2,4,8,8_4,empty,0,0.00x,true
high-10-2,high,10,2,4,9,9_4,empty,0,0.00x,true
high-10-2,high,10,2,5,0,0_5,empty,0,0.00x,true
high-10-2,high,10,2,5,1,1_5,empty,0,0.00x,true
high-10-2,high,10,2,5,2,2_5,empty,0,0.00x,true
high-10-2,high,10,2,5,3,3_5,empty,0,0.00x,true
high-10-2,high,10,2,5,4,4_5,center,10,10.00x,false
high-10-2,high,10,2,5,5,5_5,center,10,10.00x,false
high-10-2,high,10,2,5,6,6_5,empty,0,0.00x,true
high-10-2,high,10,2,5,7,7_5,empty,0,0.00x,true
high-10-2,high,10,2,5,8,8_5,empty,0,0.00x,true
high-10-2,high,10,2,5,9,9_5,empty,0,0.00x,true
high-10-2,high,10,2,6,0,0_6,empty,0,0.00x,true
high-10-2,high,10,2,6,1,1_6,empty,0,0.00x,true
high-10-2,high,10,2,6,2,2_6,empty,0,0.00x,true
high-10-2,high,10,2,6,3,3_6,middle,1.8,1.80x,false
high-10-2,high,10,2,6,4,4_6,empty,0,0.00x,true
high-10-2,high,10,2,6,5,5_6,empty,0,0.00x,true
high-10-2,high,10,2,6,6,6_6,middle,1.8,1.80x,false
high-10-2,high,10,2,6,7,7_6,empty,0,0.00x,true
high-10-2,high,10,2,6,8,8_6,empty,0,0.00x,true
high-10-2,high,10,2,6,9,9_6,empty,0,0.00x,true
high-10-2,high,10,2,7,0,0_7,empty,0,0.00x,true
high-10-2,high,10,2,7,1,1_7,empty,0,0.00x,true
high-10-2,high,10,2,7,2,2_7,middle,1.8,1.80x,false
high-10-2,high,10,2,7,3,3_7,empty,0,0.00x,true
high-10-2,high,10,2,7,4,4_7,empty,0,0.00x,true
high-10-2,high,10,2,7,5,5_7,empty,0,0.00x,true
high-10-2,high,10,2,7,6,6_7,empty,0,0.00x,true
high-10-2,high,10,2,7,7,7_7,middle,1.8,1.80x,false
high-10-2,high,10,2,7,8,8_7,empty,0,0.00x,true
high-10-2,high,10,2,7,9,9_7,empty,0,0.00x,true
high-10-2,high,10,2,8,0,0_8,empty,0,0.00x,true
high-10-2,high,10,2,8,1,1_8,middle,1.8,1.80x,false
high-10-2,high,10,2,8,2,2_8,empty,0,0.00x,true
high-10-2,high,10,2,8,3,3_8,empty,0,0.00x,true
high-10-2,high,10,2,8,4,4_8,empty,0,0.00x,true
high-10-2,high,10,2,8,5,5_8,empty,0,0.00x,true
high-10-2,high,10,2,8,6,6_8,empty,0,0.00x,true
high-10-2,high,10,2,8,7,7_8,empty,0,0.00x,true
high-10-2,high,10,2,8,8,8_8,middle,1.8,1.80x,false
high-10-2,high,10,2,8,9,9_8,empty,0,0.00x,true
high-10-2,high,10,2,9,0,0_9,outer,0.45,0.45x,false
high-10-2,high,10,2,9,1,1_9,empty,0,0.00x,true
high-10-2,high,10,2,9,2,2_9,empty,0,0.00x,true
high-10-2,high,10,2,9,3,3_9,empty,0,0.00x,true
high-10-2,high,10,2,9,4,4_9,empty,0,0.00x,true
high-10-2,high,10,2,9,5,5_9,empty,0,0.00x,true
high-10-2,high,10,2,9,6,6_9,empty,0,0.00x,true
high-10-2,high,10,2,9,7,7_9,empty,0,0.00x,true
high-10-2,high,10,2,9,8,8_9,empty,0,0.00x,true
high-10-2,high,10,2,9,9,9_9,outer,0.45,0.45x,false
high-10-3,high,10,3,0,0,0_0,outer,0.45,0.45x,false
high-10-3,high,10,3,0,1,1_0,empty,0,0.00x,true
high-10-3,high,10,3,0,2,2_0,empty,0,0.00x,true
high-10-3,high,10,3,0,3,3_0,empty,0,0.00x,true
high-10-3,high,10,3,0,4,4_0,empty,0,0.00x,true
high-10-3,high,10,3,0,5,5_0,empty,0,0.00x,true
high-10-3,high,10,3,0,6,6_0,empty,0,0.00x,true
high-10-3,high,10,3,0,7,7_0,empty,0,0.00x,true
high-10-3,high,10,3,0,8,8_0,empty,0,0.00x,true
high-10-3,high,10,3,0,9,9_0,outer,0.45,0.45x,false
high-10-3,high,10,3,1,0,0_1,empty,0,0.00x,true
high-10-3,high,10,3,1,1,1_1,middle,1.8,1.80x,false
high-10-3,high,10,3,1,2,2_1,empty,0,0.00x,true
high-10-3,high,10,3,1,3,3_1,empty,0,0.00x,true
high-10-3,high,10,3,1,4,4_1,empty,0,0.00x,true
high-10-3,high,10,3,1,5,5_1,empty,0,0.00x,true
high-10-3,high,10,3,1,6,6_1,empty,0,0.00x,true
high-10-3,high,10,3,1,7,7_1,empty,0,0.00x,true
high-10-3,high,10,3,1,8,8_1,middle,1.8,1.80x,false
high-10-3,high,10,3,1,9,9_1,empty,0,0.00x,true
high-10-3,high,10,3,2,0,0_2,empty,0,0.00x,true
high-10-3,high,10,3,2,1,1_2,empty,0,0.00x,true
high-10-3,high,10,3,2,2,2_2,middle,1.8,1.80x,false
high-10-3,high,10,3,2,3,3_2,empty,0,0.00x,true
high-10-3,high,10,3,2,4,4_2,empty,0,0.00x,true
high-10-3,high,10,3,2,5,5_2,empty,0,0.00x,true
high-10-3,high,10,3,2,6,6_2,empty,0,0.00x,true
high-10-3,high,10,3,2,7,7_2,middle,1.8,1.80x,false
high-10-3,high,10,3,2,8,8_2,empty,0,0.00x,true
high-10-3,high,10,3,2,9,9_2,empty,0,0.00x,true
high-10-3,high,10,3,3,0,0_3,empty,0,0.00x,true
high-10-3,high,10,3,3,1,1_3,empty,0,0.00x,true
high-10-3,high,10,3,3,2,2_3,empty,0,0.00x,true
high-10-3,high,10,3,3,3,3_3,middle,1.8,1.80x,false
high-10-3,high,10,3,3,4,4_3,empty,0,0.00x,true
high-10-3,high,10,3,3,5,5_3,empty,0,0.00x,true
high-10-3,high,10,3,3,6,6_3,middle,1.8,1.80x,false
high-10-3,high,10,3,3,7,7_3,empty,0,0.00x,true
high-10-3,high,10,3,3,8,8_3,empty,0,0.00x,true
high-10-3,high,10,3,3,9,9_3,empty,0,0.00x,true
high-10-3,high,10,3,4,0,0_4,empty,0,0.00x,true
high-10-3,high,10,3,4,1,1_4,empty,0,0.00x,true
high-10-3,high,10,3,4,2,2_4,empty,0,0.00x,true
high-10-3,high,10,3,4,3,3_4,empty,0,0.00x,true
high-10-3,high,10,3,4,4,4_4,center,10,10.00x,false
high-10-3,high,10,3,4,5,5_4,center,10,10.00x,false
high-10-3,high,10,3,4,6,6_4,empty,0,0.00x,true
high-10-3,high,10,3,4,7,7_4,empty,0,0.00x,true
high-10-3,high,10,3,4,8,8_4,empty,0,0.00x,true
high-10-3,high,10,3,4,9,9_4,empty,0,0.00x,true
high-10-3,high,10,3,5,0,0_5,empty,0,0.00x,true
high-10-3,high,10,3,5,1,1_5,empty,0,0.00x,true
high-10-3,high,10,3,5,2,2_5,empty,0,0.00x,true
high-10-3,high,10,3,5,3,3_5,empty,0,0.00x,true
high-10-3,high,10,3,5,4,4_5,center,10,10.00x,false
high-10-3,high,10,3,5,5,5_5,center,10,10.00x,false
high-10-3,high,10,3,5,6,6_5,empty,0,0.00x,true
high-10-3,high,10,3,5,7,7_5,empty,0,0.00x,true
high-10-3,high,10,3,5,8,8_5,empty,0,0.00x,true
high-10-3,high,10,3,5,9,9_5,empty,0,0.00x,true
high-10-3,high,10,3,6,0,0_6,empty,0,0.00x,true
high-10-3,high,10,3,6,1,1_6,empty,0,0.00x,true
high-10-3,high,10,3,6,2,2_6,empty,0,0.00x,true
high-10-3,high,10,3,6,3,3_6,middle,1.8,1.80x,false
high-10-3,high,10,3,6,4,4_6,empty,0,0.00x,true
high-10-3,high,10,3,6,5,5_6,empty,0,0.00x,true
high-10-3,high,10,3,6,6,6_6,middle,1.8,1.80x,false
high-10-3,high,10,3,6,7,7_6,empty,0,0.00x,true
high-10-3,high,10,3,6,8,8_6,empty,0,0.00x,true
high-10-3,high,10,3,6,9,9_6,empty,0,0.00x,true
high-10-3,high,10,3,7,0,0_7,empty,0,0.00x,true
high-10-3,high,10,3,7,1,1_7,empty,0,0.00x,true
high-10-3,high,10,3,7,2,2_7,middle,1.8,1.80x,false
high-10-3,high,10,3,7,3,3_7,empty,0,0.00x,true
high-10-3,high,10,3,7,4,4_7,empty,0,0.00x,true
high-10-3,high,10,3,7,5,5_7,empty,0,0.00x,true
high-10-3,high,10,3,7,6,6_7,empty,0,0.00x,true
high-10-3,high,10,3,7,7,7_7,middle,1.8,1.80x,false
high-10-3,high,10,3,7,8,8_7,empty,0,0.00x,true
high-10-3,high,10,3,7,9,9_7,empty,0,0.00x,true
high-10-3,high,10,3,8,0,0_8,empty,0,0.00x,true
high-10-3,high,10,3,8,1,1_8,middle,1.8,1.80x,false
high-10-3,high,10,3,8,2,2_8,empty,0,0.00x,true
high-10-3,high,10,3,8,3,3_8,empty,0,0.00x,true
high-10-3,high,10,3,8,4,4_8,empty,0,0.00x,true
high-10-3,high,10,3,8,5,5_8,empty,0,0.00x,true
high-10-3,high,10,3,8,6,6_8,empty,0,0.00x,true
high-10-3,high,10,3,8,7,7_8,empty,0,0.00x,true
high-10-3,high,10,3,8,8,8_8,middle,1.8,1.80x,false
high-10-3,high,10,3,8,9,9_8,empty,0,0.00x,true
high-10-3,high,10,3,9,0,0_9,outer,0.45,0.45x,false
high-10-3,high,10,3,9,1,1_9,empty,0,0.00x,true
high-10-3,high,10,3,9,2,2_9,empty,0,0.00x,true
high-10-3,high,10,3,9,3,3_9,empty,0,0.00x,true
high-10-3,high,10,3,9,4,4_9,empty,0,0.00x,true
high-10-3,high,10,3,9,5,5_9,empty,0,0.00x,true
high-10-3,high,10,3,9,6,6_9,empty,0,0.00x,true
high-10-3,high,10,3,9,7,7_9,empty,0,0.00x,true
high-10-3,high,10,3,9,8,8_9,empty,0,0.00x,true
high-10-3,high,10,3,9,9,9_9,outer,0.45,0.45x,false
