layout_mode,risk,lines,row,column,cell_id,category,multiplier,category_with_multi_plus,multiplier_with_multi_plus,is_multiplier_cell,is_multi_plus_cell,is_center_zone
current,low,5,0,0,0_0,empty,0,empty,0,false,false,false
current,low,5,0,1,1_0,empty,0,empty,0,false,false,false
current,low,5,0,2,2_0,outer,0.57,outer,0.57,true,false,false
current,low,5,0,3,3_0,empty,0,empty,0,false,false,false
current,low,5,0,4,4_0,empty,0,empty,0,false,false,false
current,low,5,1,0,0_1,empty,0,empty,0,false,false,false
current,low,5,1,1,1_1,empty,0,multi_plus,1.3,false,true,false
current,low,5,1,2,2_1,middle,1.3,middle,1.3,true,false,false
current,low,5,1,3,3_1,empty,0,multi_plus,1.3,false,true,false
current,low,5,1,4,4_1,empty,0,empty,0,false,false,false
current,low,5,2,0,0_2,outer,0.57,outer,0.57,true,false,false
current,low,5,2,1,1_2,middle,1.3,middle,1.3,true,false,false
current,low,5,2,2,2_2,center,2.29,center,2.29,true,false,true
current,low,5,2,3,3_2,middle,1.3,middle,1.3,true,false,false
current,low,5,2,4,4_2,outer,0.57,outer,0.57,true,false,false
current,low,5,3,0,0_3,empty,0,empty,0,false,false,false
current,low,5,3,1,1_3,empty,0,multi_plus,1.3,false,true,false
current,low,5,3,2,2_3,middle,1.3,middle,1.3,true,false,false
current,low,5,3,3,3_3,empty,0,multi_plus,1.3,false,true,false
current,low,5,3,4,4_3,empty,0,empty,0,false,false,false
current,low,5,4,0,0_4,empty,0,empty,0,false,false,false
current,low,5,4,1,1_4,empty,0,empty,0,false,false,false
current,low,5,4,2,2_4,outer,0.57,outer,0.57,true,false,false
current,low,5,4,3,3_4,empty,0,empty,0,false,false,false
current,low,5,4,4,4_4,empty,0,empty,0,false,false,false
current,low,6,0,0,0_0,empty,0,empty,0,false,false,false
current,low,6,0,1,1_0,empty,0,empty,0,false,false,false
current,low,6,0,2,2_0,outer,0.68,outer,0.68,true,false,false
current,low,6,0,3,3_0,outer,0.68,outer,0.68,true,false,false
current,low,6,0,4,4_0,empty,0,empty,0,false,false,false
current,low,6,0,5,5_0,empty,0,empty,0,false,false,false
current,low,6,1,0,0_1,empty,0,multi_plus,1.56,false,true,false
current,low,6,1,1,1_1,empty,0,multi_plus,1.56,false,true,false
current,low,6,1,2,2_1,middle,1.56,middle,1.56,true,false,false
current,low,6,1,3,3_1,middle,1.56,middle,1.56,true,false,false
current,low,6,1,4,4_1,empty,0,multi_plus,1.56,false,true,false
current,low,6,1,5,5_1,empty,0,multi_plus,1.56,false,true,false
current,low,6,2,0,0_2,outer,0.68,outer,0.68,true,false,false
current,low,6,2,1,1_2,middle,1.56,middle,1.56,true,false,false
current,low,6,2,2,2_2,center,3.12,center,3.12,true,false,true
current,low,6,2,3,3_2,center,3.12,center,3.12,true,false,true
current,low,6,2,4,4_2,middle,1.56,middle,1.56,true,false,false
current,low,6,2,5,5_2,outer,0.68,outer,0.68,true,false,false
current,low,6,3,0,0_3,outer,0.68,outer,0.68,true,false,false
current,low,6,3,1,1_3,middle,1.56,middle,1.56,true,false,false
current,low,6,3,2,2_3,center,3.12,center,3.12,true,false,true
current,low,6,3,3,3_3,center,3.12,center,3.12,true,false,true
current,low,6,3,4,4_3,middle,1.56,middle,1.56,true,false,false
current,low,6,3,5,5_3,outer,0.68,outer,0.68,true,false,false
current,low,6,4,0,0_4,empty,0,multi_plus,1.56,false,true,false
current,low,6,4,1,1_4,empty,0,multi_plus,1.56,false,true,false
current,low,6,4,2,2_4,middle,1.56,middle,1.56,true,false,false
current,low,6,4,3,3_4,middle,1.56,middle,1.56,true,false,false
current,low,6,4,4,4_4,empty,0,multi_plus,1.56,false,true,false
current,low,6,4,5,5_4,empty,0,multi_plus,1.56,false,true,false
current,low,6,5,0,0_5,empty,0,empty,0,false,false,false
current,low,6,5,1,1_5,empty,0,empty,0,false,false,false
current,low,6,5,2,2_5,outer,0.68,outer,0.68,true,false,false
current,low,6,5,3,3_5,outer,0.68,outer,0.68,true,false,false
current,low,6,5,4,4_5,empty,0,empty,0,false,false,false
current,low,6,5,5,5_5,empty,0,empty,0,false,false,false
current,normal,7,0,0,0_0,empty,0,empty,0,false,false,false
current,normal,7,0,1,1_0,empty,0,empty,0,false,false,false
current,normal,7,0,2,2_0,empty,0,empty,0,false,false,false
current,normal,7,0,3,3_0,outer,1.04,outer,1.04,true,false,false
current,normal,7,0,4,4_0,empty,0,empty,0,false,false,false
current,normal,7,0,5,5_0,empty,0,empty,0,false,false,false
current,normal,7,0,6,6_0,empty,0,empty,0,false,false,false
current,normal,7,1,0,0_1,empty,0,empty,0,false,false,false
current,normal,7,1,1,1_1,empty,0,empty,0,false,false,false
current,normal,7,1,2,2_1,empty,0,multi_plus,2.47,false,true,false
current,normal,7,1,3,3_1,middle,2.47,middle,2.47,true,false,false
current,normal,7,1,4,4_1,empty,0,multi_plus,2.47,false,true,false
current,normal,7,1,5,5_1,empty,0,empty,0,false,false,false
current,normal,7,1,6,6_1,empty,0,empty,0,false,false,false
current,normal,7,2,0,0_2,empty,0,empty,0,false,false,false
current,normal,7,2,1,1_2,empty,0,multi_plus,2.47,false,true,false
current,normal,7,2,2,2_2,empty,0,multi_plus,2.47,false,true,false
current,normal,7,2,3,3_2,middle,2.47,middle,2.47,true,false,false
current,normal,7,2,4,4_2,empty,0,multi_plus,2.47,false,true,false
current,normal,7,2,5,5_2,empty,0,multi_plus,2.47,false,true,false
current,normal,7,2,6,6_2,empty,0,empty,0,false,false,false
current,normal,7,3,0,0_3,outer,1.04,outer,1.04,true,false,false
current,normal,7,3,1,1_3,middle,2.47,middle,2.47,true,false,false
current,normal,7,3,2,2_3,middle,2.47,middle,2.47,true,false,false
current,normal,7,3,3,3_3,center,5.85,center,5.85,true,false,true
current,normal,7,3,4,4_3,middle,2.47,middle,2.47,true,false,false
current,normal,7,3,5,5_3,middle,2.47,middle,2.47,true,false,false
current,normal,7,3,6,6_3,outer,1.04,outer,1.04,true,false,false
current,normal,7,4,0,0_4,empty,0,empty,0,false,false,false
current,normal,7,4,1,1_4,empty,0,multi_plus,2.47,false,true,false
current,normal,7,4,2,2_4,empty,0,multi_plus,2.47,false,true,false
current,normal,7,4,3,3_4,middle,2.47,middle,2.47,true,false,false
current,normal,7,4,4,4_4,empty,0,multi_plus,2.47,false,true,false
current,normal,7,4,5,5_4,empty,0,multi_plus,2.47,false,true,false
current,normal,7,4,6,6_4,empty,0,empty,0,false,false,false
current,normal,7,5,0,0_5,empty,0,empty,0,false,false,false
current,normal,7,5,1,1_5,empty,0,empty,0,false,false,false
current,normal,7,5,2,2_5,empty,0,multi_plus,2.47,false,true,false
current,normal,7,5,3,3_5,middle,2.47,middle,2.47,true,false,false
current,normal,7,5,4,4_5,empty,0,multi_plus,2.47,false,true,false
current,normal,7,5,5,5_5,empty,0,empty,0,false,false,false
current,normal,7,5,6,6_5,empty,0,empty,0,false,false,false
current,normal,7,6,0,0_6,empty,0,empty,0,false,false,false
current,normal,7,6,1,1_6,empty,0,empty,0,false,false,false
current,normal,7,6,2,2_6,empty,0,empty,0,false,false,false
current,normal,7,6,3,3_6,outer,1.04,outer,1.04,true,false,false
current,normal,7,6,4,4_6,empty,0,empty,0,false,false,false
current,normal,7,6,5,5_6,empty,0,empty,0,false,false,false
current,normal,7,6,6,6_6,empty,0,empty,0,false,false,false
current,normal,8,0,0,0_0,empty,0,empty,0,false,false,false
current,normal,8,0,1,1_0,empty,0,empty,0,false,false,false
current,normal,8,0,2,2_0,empty,0,empty,0,false,false,false
current,normal,8,0,3,3_0,outer,1.3,outer,1.3,true,false,false
current,normal,8,0,4,4_0,outer,1.3,outer,1.3,true,false,false
current,normal,8,0,5,5_0,empty,0,empty,0,false,false,false
current,normal,8,0,6,6_0,empty,0,empty,0,false,false,false
current,normal,8,0,7,7_0,empty,0,empty,0,false,false,false
current,normal,8,1,0,0_1,empty,0,empty,0,false,false,false
current,normal,8,1,1,1_1,empty,0,empty,0,false,false,false
current,normal,8,1,2,2_1,empty,0,multi_plus,3.12,false,true,false
current,normal,8,1,3,3_1,middle,3.12,middle,3.12,true,false,false
current,normal,8,1,4,4_1,middle,3.12,middle,3.12,true,false,false
current,normal,8,1,5,5_1,empty,0,multi_plus,3.12,false,true,false
current,normal,8,1,6,6_1,empty,0,empty,0,false,false,false
current,normal,8,1,7,7_1,empty,0,empty,0,false,false,false
current,normal,8,2,0,0_2,empty,0,empty,0,false,false,false
current,normal,8,2,1,1_2,empty,0,multi_plus,3.12,false,true,false
current,normal,8,2,2,2_2,empty,0,multi_plus,3.12,false,true,false
current,normal,8,2,3,3_2,middle,3.12,middle,3.12,true,false,false
current,normal,8,2,4,4_2,middle,3.12,middle,3.12,true,false,false
current,normal,8,2,5,5_2,empty,0,multi_plus,3.12,false,true,false
current,normal,8,2,6,6_2,empty,0,multi_plus,3.12,false,true,false
current,normal,8,2,7,7_2,empty,0,empty,0,false,false,false
current,normal,8,3,0,0_3,outer,1.3,outer,1.3,true,false,false
current,normal,8,3,1,1_3,middle,3.12,middle,3.12,true,false,false
current,normal,8,3,2,2_3,middle,3.12,middle,3.12,true,false,false
current,normal,8,3,3,3_3,center,9.1,center,9.1,true,false,true
current,normal,8,3,4,4_3,center,9.1,center,9.1,true,false,true
current,normal,8,3,5,5_3,middle,3.12,middle,3.12,true,false,false
current,normal,8,3,6,6_3,middle,3.12,middle,3.12,true,false,false
current,normal,8,3,7,7_3,outer,1.3,outer,1.3,true,false,false
current,normal,8,4,0,0_4,outer,1.3,outer,1.3,true,false,false
current,normal,8,4,1,1_4,middle,3.12,middle,3.12,true,false,false
current,normal,8,4,2,2_4,middle,3.12,middle,3.12,true,false,false
current,normal,8,4,3,3_4,center,9.1,center,9.1,true,false,true
current,normal,8,4,4,4_4,center,9.1,center,9.1,true,false,true
current,normal,8,4,5,5_4,middle,3.12,middle,3.12,true,false,false
current,normal,8,4,6,6_4,middle,3.12,middle,3.12,true,false,false
current,normal,8,4,7,7_4,outer,1.3,outer,1.3,true,false,false
current,normal,8,5,0,0_5,empty,0,empty,0,false,false,false
current,normal,8,5,1,1_5,empty,0,multi_plus,3.12,false,true,false
current,normal,8,5,2,2_5,empty,0,multi_plus,3.12,false,true,false
current,normal,8,5,3,3_5,middle,3.12,middle,3.12,true,false,false
current,normal,8,5,4,4_5,middle,3.12,middle,3.12,true,false,false
current,normal,8,5,5,5_5,empty,0,multi_plus,3.12,false,true,false
current,normal,8,5,6,6_5,empty,0,multi_plus,3.12,false,true,false
current,normal,8,5,7,7_5,empty,0,empty,0,false,false,false
current,normal,8,6,0,0_6,empty,0,empty,0,false,false,false
current,normal,8,6,1,1_6,empty,0,empty,0,false,false,false
current,normal,8,6,2,2_6,empty,0,multi_plus,3.12,false,true,false
current,normal,8,6,3,3_6,middle,3.12,middle,3.12,true,false,false
current,normal,8,6,4,4_6,middle,3.12,middle,3.12,true,false,false
current,normal,8,6,5,5_6,empty,0,multi_plus,3.12,false,true,false
current,normal,8,6,6,6_6,empty,0,empty,0,false,false,false
current,normal,8,6,7,7_6,empty,0,empty,0,false,false,false
current,normal,8,7,0,0_7,empty,0,empty,0,false,false,false
current,normal,8,7,1,1_7,empty,0,empty,0,false,false,false
current,normal,8,7,2,2_7,empty,0,empty,0,false,false,false
current,normal,8,7,3,3_7,outer,1.3,outer,1.3,true,false,false
current,normal,8,7,4,4_7,outer,1.3,outer,1.3,true,false,false
current,normal,8,7,5,5_7,empty,0,empty,0,false,false,false
current,normal,8,7,6,6_7,empty,0,empty,0,false,false,false
current,normal,8,7,7,7_7,empty,0,empty,0,false,false,false
current,high,9,0,0,0_0,empty,0,empty,0,false,false,false
current,high,9,0,1,1_0,empty,0,empty,0,false,false,false
current,high,9,0,2,2_0,empty,0,empty,0,false,false,false
current,high,9,0,3,3_0,empty,0,empty,0,false,false,false
current,high,9,0,4,4_0,outer,1.95,outer,1.95,true,false,false
current,high,9,0,5,5_0,empty,0,empty,0,false,false,false
current,high,9,0,6,6_0,empty,0,empty,0,false,false,false
current,high,9,0,7,7_0,empty,0,empty,0,false,false,false
current,high,9,0,8,8_0,empty,0,empty,0,false,false,false
current,high,9,1,0,0_1,empty,0,empty,0,false,false,false
current,high,9,1,1,1_1,empty,0,empty,0,false,false,false
current,high,9,1,2,2_1,empty,0,empty,0,false,false,false
current,high,9,1,3,3_1,empty,0,empty,0,false,false,false
current,high,9,1,4,4_1,middle,4.84,middle,4.84,true,false,false
current,high,9,1,5,5_1,empty,0,empty,0,false,false,false
current,high,9,1,6,6_1,empty,0,empty,0,false,false,false
current,high,9,1,7,7_1,empty,0,empty,0,false,false,false
current,high,9,1,8,8_1,empty,0,empty,0,false,false,false
current,high,9,2,0,0_2,empty,0,empty,0,false,false,false
current,high,9,2,1,1_2,empty,0,empty,0,false,false,false
current,high,9,2,2,2_2,empty,0,empty,0,false,false,false
current,high,9,2,3,3_2,empty,0,empty,0,false,false,false
current,high,9,2,4,4_2,middle,4.84,middle,4.84,true,false,false
current,high,9,2,5,5_2,empty,0,empty,0,false,false,false
current,high,9,2,6,6_2,empty,0,empty,0,false,false,false
current,high,9,2,7,7_2,empty,0,empty,0,false,false,false
current,high,9,2,8,8_2,empty,0,empty,0,false,false,false
current,high,9,3,0,0_3,empty,0,empty,0,false,false,false
current,high,9,3,1,1_3,empty,0,empty,0,false,false,false
current,high,9,3,2,2_3,empty,0,multi_plus,4.84,false,true,false
current,high,9,3,3,3_3,empty,0,multi_plus,4.84,false,true,false
current,high,9,3,4,4_3,middle,4.84,middle,4.84,true,false,false
current,high,9,3,5,5_3,empty,0,multi_plus,4.84,false,true,false
current,high,9,3,6,6_3,empty,0,multi_plus,4.84,false,true,false
current,high,9,3,7,7_3,empty,0,empty,0,false,false,false
current,high,9,3,8,8_3,empty,0,empty,0,false,false,false
current,high,9,4,0,0_4,outer,1.95,outer,1.95,true,false,false
current,high,9,4,1,1_4,middle,4.84,middle,4.84,true,false,false
current,high,9,4,2,2_4,middle,4.84,middle,4.84,true,false,false
current,high,9,4,3,3_4,middle,4.84,middle,4.84,true,false,false
current,high,9,4,4,4_4,center,18.72,center,18.72,true,false,true
current,high,9,4,5,5_4,middle,4.84,middle,4.84,true,false,false
current,high,9,4,6,6_4,middle,4.84,middle,4.84,true,false,false
current,high,9,4,7,7_4,middle,4.84,middle,4.84,true,false,false
current,high,9,4,8,8_4,outer,1.95,outer,1.95,true,false,false
current,high,9,5,0,0_5,empty,0,empty,0,false,false,false
current,high,9,5,1,1_5,empty,0,empty,0,false,false,false
current,high,9,5,2,2_5,empty,0,multi_plus,4.84,false,true,false
current,high,9,5,3,3_5,empty,0,multi_plus,4.84,false,true,false
current,high,9,5,4,4_5,middle,4.84,middle,4.84,true,false,false
current,high,9,5,5,5_5,empty,0,multi_plus,4.84,false,true,false
current,high,9,5,6,6_5,empty,0,multi_plus,4.84,false,true,false
current,high,9,5,7,7_5,empty,0,empty,0,false,false,false
current,high,9,5,8,8_5,empty,0,empty,0,false,false,false
current,high,9,6,0,0_6,empty,0,empty,0,false,false,false
current,high,9,6,1,1_6,empty,0,empty,0,false,false,false
current,high,9,6,2,2_6,empty,0,empty,0,false,false,false
current,high,9,6,3,3_6,empty,0,empty,0,false,false,false
current,high,9,6,4,4_6,middle,4.84,middle,4.84,true,false,false
current,high,9,6,5,5_6,empty,0,empty,0,false,false,false
current,high,9,6,6,6_6,empty,0,empty,0,false,false,false
current,high,9,6,7,7_6,empty,0,empty,0,false,false,false
current,high,9,6,8,8_6,empty,0,empty,0,false,false,false
current,high,9,7,0,0_7,empty,0,empty,0,false,false,false
current,high,9,7,1,1_7,empty,0,empty,0,false,false,false
current,high,9,7,2,2_7,empty,0,empty,0,false,false,false
current,high,9,7,3,3_7,empty,0,empty,0,false,false,false
current,high,9,7,4,4_7,middle,4.84,middle,4.84,true,false,false
current,high,9,7,5,5_7,empty,0,empty,0,false,false,false
current,high,9,7,6,6_7,empty,0,empty,0,false,false,false
current,high,9,7,7,7_7,empty,0,empty,0,false,false,false
current,high,9,7,8,8_7,empty,0,empty,0,false,false,false
current,high,9,8,0,0_8,empty,0,empty,0,false,false,false
current,high,9,8,1,1_8,empty,0,empty,0,false,false,false
current,high,9,8,2,2_8,empty,0,empty,0,false,false,false
current,high,9,8,3,3_8,empty,0,empty,0,false,false,false
current,high,9,8,4,4_8,outer,1.95,outer,1.95,true,false,false
current,high,9,8,5,5_8,empty,0,empty,0,false,false,false
current,high,9,8,6,6_8,empty,0,empty,0,false,false,false
current,high,9,8,7,7_8,empty,0,empty,0,false,false,false
current,high,9,8,8,8_8,empty,0,empty,0,false,false,false
current,high,10,0,0,0_0,empty,0,empty,0,false,false,false
current,high,10,0,1,1_0,empty,0,empty,0,false,false,false
current,high,10,0,2,2_0,empty,0,empty,0,false,false,false
current,high,10,0,3,3_0,empty,0,empty,0,false,false,false
current,high,10,0,4,4_0,outer,2.34,outer,2.34,true,false,false
current,high,10,0,5,5_0,outer,2.34,outer,2.34,true,false,false
current,high,10,0,6,6_0,empty,0,empty,0,false,false,false
current,high,10,0,7,7_0,empty,0,empty,0,false,false,false
current,high,10,0,8,8_0,empty,0,empty,0,false,false,false
current,high,10,0,9,9_0,empty,0,empty,0,false,false,false
current,high,10,1,0,0_1,empty,0,empty,0,false,false,false
current,high,10,1,1,1_1,empty,0,empty,0,false,false,false
current,high,10,1,2,2_1,empty,0,empty,0,false,false,false
current,high,10,1,3,3_1,empty,0,empty,0,false,false,false
current,high,10,1,4,4_1,middle,6.55,middle,6.55,true,false,false
current,high,10,1,5,5_1,middle,6.55,middle,6.55,true,false,false
current,high,10,1,6,6_1,empty,0,empty,0,false,false,false
current,high,10,1,7,7_1,empty,0,empty,0,false,false,false
current,high,10,1,8,8_1,empty,0,empty,0,false,false,false
current,high,10,1,9,9_1,empty,0,empty,0,false,false,false
current,high,10,2,0,0_2,empty,0,empty,0,false,false,false
current,high,10,2,1,1_2,empty,0,empty,0,false,false,false
current,high,10,2,2,2_2,empty,0,empty,0,false,false,false
current,high,10,2,3,3_2,empty,0,multi_plus,6.55,false,true,false
current,high,10,2,4,4_2,middle,6.55,middle,6.55,true,false,false
current,high,10,2,5,5_2,middle,6.55,middle,6.55,true,false,false
current,high,10,2,6,6_2,empty,0,multi_plus,6.55,false,true,false
current,high,10,2,7,7_2,empty,0,empty,0,false,false,false
current,high,10,2,8,8_2,empty,0,empty,0,false,false,false
current,high,10,2,9,9_2,empty,0,empty,0,false,false,false
current,high,10,3,0,0_3,empty,0,empty,0,false,false,false
current,high,10,3,1,1_3,empty,0,empty,0,false,false,false
current,high,10,3,2,2_3,empty,0,multi_plus,6.55,false,true,false
current,high,10,3,3,3_3,empty,0,multi_plus,6.55,false,true,false
current,high,10,3,4,4_3,middle,6.55,middle,6.55,true,false,false
current,high,10,3,5,5_3,middle,6.55,middle,6.55,true,false,false
current,high,10,3,6,6_3,empty,0,multi_plus,6.55,false,true,false
current,high,10,3,7,7_3,empty,0,multi_plus,6.55,false,true,false
current,high,10,3,8,8_3,empty,0,empty,0,false,false,false
current,high,10,3,9,9_3,empty,0,empty,0,false,false,false
current,high,10,4,0,0_4,outer,2.34,outer,2.34,true,false,false
current,high,10,4,1,1_4,middle,6.55,middle,6.55,true,false,false
current,high,10,4,2,2_4,middle,6.55,middle,6.55,true,false,false
current,high,10,4,3,3_4,middle,6.55,middle,6.55,true,false,false
current,high,10,4,4,4_4,center,31.2,center,31.2,true,false,true
current,high,10,4,5,5_4,center,31.2,center,31.2,true,false,true
current,high,10,4,6,6_4,middle,6.55,middle,6.55,true,false,false
current,high,10,4,7,7_4,middle,6.55,middle,6.55,true,false,false
current,high,10,4,8,8_4,middle,6.55,middle,6.55,true,false,false
current,high,10,4,9,9_4,outer,2.34,outer,2.34,true,false,false
current,high,10,5,0,0_5,outer,2.34,outer,2.34,true,false,false
current,high,10,5,1,1_5,middle,6.55,middle,6.55,true,false,false
current,high,10,5,2,2_5,middle,6.55,middle,6.55,true,false,false
current,high,10,5,3,3_5,middle,6.55,middle,6.55,true,false,false
current,high,10,5,4,4_5,center,31.2,center,31.2,true,false,true
current,high,10,5,5,5_5,center,31.2,center,31.2,true,false,true
current,high,10,5,6,6_5,middle,6.55,middle,6.55,true,false,false
current,high,10,5,7,7_5,middle,6.55,middle,6.55,true,false,false
current,high,10,5,8,8_5,middle,6.55,middle,6.55,true,false,false
current,high,10,5,9,9_5,outer,2.34,outer,2.34,true,false,false
current,high,10,6,0,0_6,empty,0,empty,0,false,false,false
current,high,10,6,1,1_6,empty,0,empty,0,false,false,false
current,high,10,6,2,2_6,empty,0,multi_plus,6.55,false,true,false
current,high,10,6,3,3_6,empty,0,multi_plus,6.55,false,true,false
current,high,10,6,4,4_6,middle,6.55,middle,6.55,true,false,false
current,high,10,6,5,5_6,middle,6.55,middle,6.55,true,false,false
current,high,10,6,6,6_6,empty,0,multi_plus,6.55,false,true,false
current,high,10,6,7,7_6,empty,0,multi_plus,6.55,false,true,false
current,high,10,6,8,8_6,empty,0,empty,0,false,false,false
current,high,10,6,9,9_6,empty,0,empty,0,false,false,false
current,high,10,7,0,0_7,empty,0,empty,0,false,false,false
current,high,10,7,1,1_7,empty,0,empty,0,false,false,false
current,high,10,7,2,2_7,empty,0,empty,0,false,false,false
current,high,10,7,3,3_7,empty,0,multi_plus,6.55,false,true,false
current,high,10,7,4,4_7,middle,6.55,middle,6.55,true,false,false
current,high,10,7,5,5_7,middle,6.55,middle,6.55,true,false,false
current,high,10,7,6,6_7,empty,0,multi_plus,6.55,false,true,false
current,high,10,7,7,7_7,empty,0,empty,0,false,false,false
current,high,10,7,8,8_7,empty,0,empty,0,false,false,false
current,high,10,7,9,9_7,empty,0,empty,0,false,false,false
current,high,10,8,0,0_8,empty,0,empty,0,false,false,false
current,high,10,8,1,1_8,empty,0,empty,0,false,false,false
current,high,10,8,2,2_8,empty,0,empty,0,false,false,false
current,high,10,8,3,3_8,empty,0,empty,0,false,false,false
current,high,10,8,4,4_8,middle,6.55,middle,6.55,true,false,false
current,high,10,8,5,5_8,middle,6.55,middle,6.55,true,false,false
current,high,10,8,6,6_8,empty,0,empty,0,false,false,false
current,high,10,8,7,7_8,empty,0,empty,0,false,false,false
current,high,10,8,8,8_8,empty,0,empty,0,false,false,false
current,high,10,8,9,9_8,empty,0,empty,0,false,false,false
current,high,10,9,0,0_9,empty,0,empty,0,false,false,false
current,high,10,9,1,1_9,empty,0,empty,0,false,false,false
current,high,10,9,2,2_9,empty,0,empty,0,false,false,false
current,high,10,9,3,3_9,empty,0,empty,0,false,false,false
current,high,10,9,4,4_9,outer,2.34,outer,2.34,true,false,false
current,high,10,9,5,5_9,outer,2.34,outer,2.34,true,false,false
current,high,10,9,6,6_9,empty,0,empty,0,false,false,false
current,high,10,9,7,7_9,empty,0,empty,0,false,false,false
current,high,10,9,8,8_9,empty,0,empty,0,false,false,false
current,high,10,9,9,9_9,empty,0,empty,0,false,false,false
dynamic_diagonal_width,low,5,0,0,0_0,empty,0,empty,0,false,false,false
dynamic_diagonal_width,low,5,0,1,1_0,empty,0,empty,0,false,false,false
dynamic_diagonal_width,low,5,0,2,2_0,empty,0,multi_plus,1.3,false,true,false
dynamic_diagonal_width,low,5,0,3,3_0,empty,0,empty,0,false,false,false
dynamic_diagonal_width,low,5,0,4,4_0,empty,0,empty,0,false,false,false
dynamic_diagonal_width,low,5,1,0,0_1,empty,0,empty,0,false,false,false
dynamic_diagonal_width,low,5,1,1,1_1,empty,0,empty,0,false,false,false
dynamic_diagonal_width,low,5,1,2,2_1,middle,1.3,middle,1.3,true,false,false
dynamic_diagonal_width,low,5,1,3,3_1,empty,0,empty,0,false,false,false
dynamic_diagonal_width,low,5,1,4,4_1,empty,0,empty,0,false,false,false
dynamic_diagonal_width,low,5,2,0,0_2,empty,0,multi_plus,1.3,false,true,false
dynamic_diagonal_width,low,5,2,1,1_2,middle,1.3,middle,1.3,true,false,false
dynamic_diagonal_width,low,5,2,2,2_2,center,2,center,2,true,false,true
dynamic_diagonal_width,low,5,2,3,3_2,middle,1.3,middle,1.3,true,false,false
dynamic_diagonal_width,low,5,2,4,4_2,empty,0,multi_plus,1.3,false,true,false
dynamic_diagonal_width,low,5,3,0,0_3,empty,0,empty,0,false,false,false
dynamic_diagonal_width,low,5,3,1,1_3,empty,0,empty,0,false,false,false
dynamic_diagonal_width,low,5,3,2,2_3,middle,1.3,middle,1.3,true,false,false
dynamic_diagonal_width,low,5,3,3,3_3,empty,0,empty,0,false,false,false
dynamic_diagonal_width,low,5,3,4,4_3,empty,0,empty,0,false,false,false
dynamic_diagonal_width,low,5,4,0,0_4,empty,0,empty,0,false,false,false
dynamic_diagonal_width,low,5,4,1,1_4,empty,0,empty,0,false,false,false
dynamic_diagonal_width,low,5,4,2,2_4,empty,0,multi_plus,1.3,false,true,false
dynamic_diagonal_width,low,5,4,3,3_4,empty,0,empty,0,false,false,false
dynamic_diagonal_width,low,5,4,4,4_4,empty,0,empty,0,false,false,false
dynamic_diagonal_width,low,6,0,0,0_0,empty,0,empty,0,false,false,false
dynamic_diagonal_width,low,6,0,1,1_0,empty,0,empty,0,false,false,false
dynamic_diagonal_width,low,6,0,2,2_0,empty,0,multi_plus,1.5,false,true,false
dynamic_diagonal_width,low,6,0,3,3_0,empty,0,multi_plus,1.5,false,true,false
dynamic_diagonal_width,low,6,0,4,4_0,empty,0,empty,0,false,false,false
dynamic_diagonal_width,low,6,0,5,5_0,empty,0,empty,0,false,false,false
dynamic_diagonal_width,low,6,1,0,0_1,empty,0,empty,0,false,false,false
dynamic_diagonal_width,low,6,1,1,1_1,empty,0,empty,0,false,false,false
dynamic_diagonal_width,low,6,1,2,2_1,middle,1.5,middle,1.5,true,false,false
dynamic_diagonal_width,low,6,1,3,3_1,middle,1.5,middle,1.5,true,false,false
dynamic_diagonal_width,low,6,1,4,4_1,empty,0,empty,0,false,false,false
dynamic_diagonal_width,low,6,1,5,5_1,empty,0,empty,0,false,false,false
dynamic_diagonal_width,low,6,2,0,0_2,empty,0,multi_plus,1.5,false,true,false
dynamic_diagonal_width,low,6,2,1,1_2,middle,1.5,middle,1.5,true,false,false
dynamic_diagonal_width,low,6,2,2,2_2,center,3,center,3,true,false,true
dynamic_diagonal_width,low,6,2,3,3_2,center,3,center,3,true,false,true
dynamic_diagonal_width,low,6,2,4,4_2,middle,1.5,middle,1.5,true,false,false
dynamic_diagonal_width,low,6,2,5,5_2,empty,0,multi_plus,1.5,false,true,false
dynamic_diagonal_width,low,6,3,0,0_3,empty,0,multi_plus,1.5,false,true,false
dynamic_diagonal_width,low,6,3,1,1_3,middle,1.5,middle,1.5,true,false,false
dynamic_diagonal_width,low,6,3,2,2_3,center,3,center,3,true,false,true
dynamic_diagonal_width,low,6,3,3,3_3,center,3,center,3,true,false,true
dynamic_diagonal_width,low,6,3,4,4_3,middle,1.5,middle,1.5,true,false,false
dynamic_diagonal_width,low,6,3,5,5_3,empty,0,multi_plus,1.5,false,true,false
dynamic_diagonal_width,low,6,4,0,0_4,empty,0,empty,0,false,false,false
dynamic_diagonal_width,low,6,4,1,1_4,empty,0,empty,0,false,false,false
dynamic_diagonal_width,low,6,4,2,2_4,middle,1.5,middle,1.5,true,false,false
dynamic_diagonal_width,low,6,4,3,3_4,middle,1.5,middle,1.5,true,false,false
dynamic_diagonal_width,low,6,4,4,4_4,empty,0,empty,0,false,false,false
dynamic_diagonal_width,low,6,4,5,5_4,empty,0,empty,0,false,false,false
dynamic_diagonal_width,low,6,5,0,0_5,empty,0,empty,0,false,false,false
dynamic_diagonal_width,low,6,5,1,1_5,empty,0,empty,0,false,false,false
dynamic_diagonal_width,low,6,5,2,2_5,empty,0,multi_plus,1.5,false,true,false
dynamic_diagonal_width,low,6,5,3,3_5,empty,0,multi_plus,1.5,false,true,false
dynamic_diagonal_width,low,6,5,4,4_5,empty,0,empty,0,false,false,false
dynamic_diagonal_width,low,6,5,5,5_5,empty,0,empty,0,false,false,false
dynamic_diagonal_width,normal,7,0,0,0_0,empty,0,empty,0,false,false,false
dynamic_diagonal_width,normal,7,0,1,1_0,empty,0,empty,0,false,false,false
dynamic_diagonal_width,normal,7,0,2,2_0,empty,0,multi_plus,1.5,false,true,false
dynamic_diagonal_width,normal,7,0,3,3_0,empty,0,multi_plus,1.5,false,true,false
dynamic_diagonal_width,normal,7,0,4,4_0,empty,0,multi_plus,1.5,false,true,false
dynamic_diagonal_width,normal,7,0,5,5_0,empty,0,empty,0,false,false,false
dynamic_diagonal_width,normal,7,0,6,6_0,empty,0,empty,0,false,false,false
dynamic_diagonal_width,normal,7,1,0,0_1,empty,0,empty,0,false,false,false
dynamic_diagonal_width,normal,7,1,1,1_1,empty,0,empty,0,false,false,false
dynamic_diagonal_width,normal,7,1,2,2_1,middle,1.5,middle,1.5,true,false,false
dynamic_diagonal_width,normal,7,1,3,3_1,middle,1.5,middle,1.5,true,false,false
dynamic_diagonal_width,normal,7,1,4,4_1,middle,1.5,middle,1.5,true,false,false
dynamic_diagonal_width,normal,7,1,5,5_1,empty,0,empty,0,false,false,false
dynamic_diagonal_width,normal,7,1,6,6_1,empty,0,empty,0,false,false,false
dynamic_diagonal_width,normal,7,2,0,0_2,empty,0,multi_plus,1.5,false,true,false
dynamic_diagonal_width,normal,7,2,1,1_2,middle,1.5,middle,1.5,true,false,false
dynamic_diagonal_width,normal,7,2,2,2_2,center,6,center,6,true,false,true
dynamic_diagonal_width,normal,7,2,3,3_2,center,6,center,6,true,false,true
dynamic_diagonal_width,normal,7,2,4,4_2,center,6,center,6,true,false,true
dynamic_diagonal_width,normal,7,2,5,5_2,middle,1.5,middle,1.5,true,false,false
dynamic_diagonal_width,normal,7,2,6,6_2,empty,0,multi_plus,1.5,false,true,false
dynamic_diagonal_width,normal,7,3,0,0_3,empty,0,multi_plus,1.5,false,true,false
dynamic_diagonal_width,normal,7,3,1,1_3,middle,1.5,middle,1.5,true,false,false
dynamic_diagonal_width,normal,7,3,2,2_3,center,6,center,6,true,false,true
dynamic_diagonal_width,normal,7,3,3,3_3,center,6,center,6,true,false,true
dynamic_diagonal_width,normal,7,3,4,4_3,center,6,center,6,true,false,true
dynamic_diagonal_width,normal,7,3,5,5_3,middle,1.5,middle,1.5,true,false,false
dynamic_diagonal_width,normal,7,3,6,6_3,empty,0,multi_plus,1.5,false,true,false
dynamic_diagonal_width,normal,7,4,0,0_4,empty,0,multi_plus,1.5,false,true,false
dynamic_diagonal_width,normal,7,4,1,1_4,middle,1.5,middle,1.5,true,false,false
dynamic_diagonal_width,normal,7,4,2,2_4,center,6,center,6,true,false,true
dynamic_diagonal_width,normal,7,4,3,3_4,center,6,center,6,true,false,true
dynamic_diagonal_width,normal,7,4,4,4_4,center,6,center,6,true,false,true
dynamic_diagonal_width,normal,7,4,5,5_4,middle,1.5,middle,1.5,true,false,false
dynamic_diagonal_width,normal,7,4,6,6_4,empty,0,multi_plus,1.5,false,true,false
dynamic_diagonal_width,normal,7,5,0,0_5,empty,0,empty,0,false,false,false
dynamic_diagonal_width,normal,7,5,1,1_5,empty,0,empty,0,false,false,false
dynamic_diagonal_width,normal,7,5,2,2_5,middle,1.5,middle,1.5,true,false,false
dynamic_diagonal_width,normal,7,5,3,3_5,middle,1.5,middle,1.5,true,false,false
dynamic_diagonal_width,normal,7,5,4,4_5,middle,1.5,middle,1.5,true,false,false
dynamic_diagonal_width,normal,7,5,5,5_5,empty,0,empty,0,false,false,false
dynamic_diagonal_width,normal,7,5,6,6_5,empty,0,empty,0,false,false,false
dynamic_diagonal_width,normal,7,6,0,0_6,empty,0,empty,0,false,false,false
dynamic_diagonal_width,normal,7,6,1,1_6,empty,0,empty,0,false,false,false
dynamic_diagonal_width,normal,7,6,2,2_6,empty,0,multi_plus,1.5,false,true,false
dynamic_diagonal_width,normal,7,6,3,3_6,empty,0,multi_plus,1.5,false,true,false
dynamic_diagonal_width,normal,7,6,4,4_6,empty,0,multi_plus,1.5,false,true,false
dynamic_diagonal_width,normal,7,6,5,5_6,empty,0,empty,0,false,false,false
dynamic_diagonal_width,normal,7,6,6,6_6,empty,0,empty,0,false,false,false
dynamic_diagonal_width,normal,8,0,0,0_0,empty,0,empty,0,false,false,false
dynamic_diagonal_width,normal,8,0,1,1_0,empty,0,empty,0,false,false,false
dynamic_diagonal_width,normal,8,0,2,2_0,empty,0,empty,0,false,false,false
dynamic_diagonal_width,normal,8,0,3,3_0,empty,0,multi_plus,2.4,false,true,false
dynamic_diagonal_width,normal,8,0,4,4_0,empty,0,multi_plus,2.4,false,true,false
dynamic_diagonal_width,normal,8,0,5,5_0,empty,0,empty,0,false,false,false
dynamic_diagonal_width,normal,8,0,6,6_0,empty,0,empty,0,false,false,false
dynamic_diagonal_width,normal,8,0,7,7_0,empty,0,empty,0,false,false,false
dynamic_diagonal_width,normal,8,1,0,0_1,empty,0,empty,0,false,false,false
dynamic_diagonal_width,normal,8,1,1,1_1,empty,0,multi_plus,2.4,false,true,false
dynamic_diagonal_width,normal,8,1,2,2_1,middle,2.4,middle,2.4,true,false,false
dynamic_diagonal_width,normal,8,1,3,3_1,middle,2.4,middle,2.4,true,false,false
dynamic_diagonal_width,normal,8,1,4,4_1,middle,2.4,middle,2.4,true,false,false
dynamic_diagonal_width,normal,8,1,5,5_1,middle,2.4,middle,2.4,true,false,false
dynamic_diagonal_width,normal,8,1,6,6_1,empty,0,multi_plus,2.4,false,true,false
dynamic_diagonal_width,normal,8,1,7,7_1,empty,0,empty,0,false,false,false
dynamic_diagonal_width,normal,8,2,0,0_2,empty,0,empty,0,false,false,false
dynamic_diagonal_width,normal,8,2,1,1_2,middle,2.4,middle,2.4,true,false,false
dynamic_diagonal_width,normal,8,2,2,2_2,middle,2.4,middle,2.4,true,false,false
dynamic_diagonal_width,normal,8,2,3,3_2,middle,2.4,middle,2.4,true,false,false
dynamic_diagonal_width,normal,8,2,4,4_2,middle,2.4,middle,2.4,true,false,false
dynamic_diagonal_width,normal,8,2,5,5_2,middle,2.4,middle,2.4,true,false,false
dynamic_diagonal_width,normal,8,2,6,6_2,middle,2.4,middle,2.4,true,false,false
dynamic_diagonal_width,normal,8,2,7,7_2,empty,0,empty,0,false,false,false
dynamic_diagonal_width,normal,8,3,0,0_3,empty,0,multi_plus,2.4,false,true,false
dynamic_diagonal_width,normal,8,3,1,1_3,middle,2.4,middle,2.4,true,false,false
dynamic_diagonal_width,normal,8,3,2,2_3,middle,2.4,middle,2.4,true,false,false
dynamic_diagonal_width,normal,8,3,3,3_3,center,9,center,9,true,false,true
dynamic_diagonal_width,normal,8,3,4,4_3,center,9,center,9,true,false,true
dynamic_diagonal_width,normal,8,3,5,5_3,middle,2.4,middle,2.4,true,false,false
dynamic_diagonal_width,normal,8,3,6,6_3,middle,2.4,middle,2.4,true,false,false
dynamic_diagonal_width,normal,8,3,7,7_3,empty,0,multi_plus,2.4,false,true,false
dynamic_diagonal_width,normal,8,4,0,0_4,empty,0,multi_plus,2.4,false,true,false
dynamic_diagonal_width,normal,8,4,1,1_4,middle,2.4,middle,2.4,true,false,false
dynamic_diagonal_width,normal,8,4,2,2_4,middle,2.4,middle,2.4,true,false,false
dynamic_diagonal_width,normal,8,4,3,3_4,center,9,center,9,true,false,true
dynamic_diagonal_width,normal,8,4,4,4_4,center,9,center,9,true,false,true
dynamic_diagonal_width,normal,8,4,5,5_4,middle,2.4,middle,2.4,true,false,false
dynamic_diagonal_width,normal,8,4,6,6_4,middle,2.4,middle,2.4,true,false,false
dynamic_diagonal_width,normal,8,4,7,7_4,empty,0,multi_plus,2.4,false,true,false
dynamic_diagonal_width,normal,8,5,0,0_5,empty,0,empty,0,false,false,false
dynamic_diagonal_width,normal,8,5,1,1_5,middle,2.4,middle,2.4,true,false,false
dynamic_diagonal_width,normal,8,5,2,2_5,middle,2.4,middle,2.4,true,false,false
dynamic_diagonal_width,normal,8,5,3,3_5,middle,2.4,middle,2.4,true,false,false
dynamic_diagonal_width,normal,8,5,4,4_5,middle,2.4,middle,2.4,true,false,false
dynamic_diagonal_width,normal,8,5,5,5_5,middle,2.4,middle,2.4,true,false,false
dynamic_diagonal_width,normal,8,5,6,6_5,middle,2.4,middle,2.4,true,false,false
dynamic_diagonal_width,normal,8,5,7,7_5,empty,0,empty,0,false,false,false
dynamic_diagonal_width,normal,8,6,0,0_6,empty,0,empty,0,false,false,false
dynamic_diagonal_width,normal,8,6,1,1_6,empty,0,multi_plus,2.4,false,true,false
dynamic_diagonal_width,normal,8,6,2,2_6,middle,2.4,middle,2.4,true,false,false
dynamic_diagonal_width,normal,8,6,3,3_6,middle,2.4,middle,2.4,true,false,false
dynamic_diagonal_width,normal,8,6,4,4_6,middle,2.4,middle,2.4,true,false,false
dynamic_diagonal_width,normal,8,6,5,5_6,middle,2.4,middle,2.4,true,false,false
dynamic_diagonal_width,normal,8,6,6,6_6,empty,0,multi_plus,2.4,false,true,false
dynamic_diagonal_width,normal,8,6,7,7_6,empty,0,empty,0,false,false,false
dynamic_diagonal_width,normal,8,7,0,0_7,empty,0,empty,0,false,false,false
dynamic_diagonal_width,normal,8,7,1,1_7,empty,0,empty,0,false,false,false
dynamic_diagonal_width,normal,8,7,2,2_7,empty,0,empty,0,false,false,false
dynamic_diagonal_width,normal,8,7,3,3_7,empty,0,multi_plus,2.4,false,true,false
dynamic_diagonal_width,normal,8,7,4,4_7,empty,0,multi_plus,2.4,false,true,false
dynamic_diagonal_width,normal,8,7,5,5_7,empty,0,empty,0,false,false,false
dynamic_diagonal_width,normal,8,7,6,6_7,empty,0,empty,0,false,false,false
dynamic_diagonal_width,normal,8,7,7,7_7,empty,0,empty,0,false,false,false
dynamic_diagonal_width,high,9,0,0,0_0,empty,0,empty,0,false,false,false
dynamic_diagonal_width,high,9,0,1,1_0,empty,0,empty,0,false,false,false
dynamic_diagonal_width,high,9,0,2,2_0,empty,0,empty,0,false,false,false
dynamic_diagonal_width,high,9,0,3,3_0,empty,0,multi_plus,3.2,false,true,false
dynamic_diagonal_width,high,9,0,4,4_0,empty,0,empty,0,false,false,false
dynamic_diagonal_width,high,9,0,5,5_0,empty,0,multi_plus,3.2,false,true,false
dynamic_diagonal_width,high,9,0,6,6_0,empty,0,empty,0,false,false,false
dynamic_diagonal_width,high,9,0,7,7_0,empty,0,empty,0,false,false,false
dynamic_diagonal_width,high,9,0,8,8_0,empty,0,empty,0,false,false,false
dynamic_diagonal_width,high,9,1,0,0_1,empty,0,empty,0,false,false,false
dynamic_diagonal_width,high,9,1,1,1_1,empty,0,empty,0,false,false,false
dynamic_diagonal_width,high,9,1,2,2_1,middle,3.2,middle,3.2,true,false,false
dynamic_diagonal_width,high,9,1,3,3_1,middle,3.2,middle,3.2,true,false,false
dynamic_diagonal_width,high,9,1,4,4_1,middle,3.2,middle,3.2,true,false,false
dynamic_diagonal_width,high,9,1,5,5_1,middle,3.2,middle,3.2,true,false,false
dynamic_diagonal_width,high,9,1,6,6_1,middle,3.2,middle,3.2,true,false,false
dynamic_diagonal_width,high,9,1,7,7_1,empty,0,empty,0,false,false,false
dynamic_diagonal_width,high,9,1,8,8_1,empty,0,empty,0,false,false,false
dynamic_diagonal_width,high,9,2,0,0_2,empty,0,empty,0,false,false,false
dynamic_diagonal_width,high,9,2,1,1_2,middle,3.2,middle,3.2,true,false,false
dynamic_diagonal_width,high,9,2,2,2_2,middle,3.2,middle,3.2,true,false,false
dynamic_diagonal_width,high,9,2,3,3_2,middle,3.2,middle,3.2,true,false,false
dynamic_diagonal_width,high,9,2,4,4_2,middle,3.2,middle,3.2,true,false,false
dynamic_diagonal_width,high,9,2,5,5_2,middle,3.2,middle,3.2,true,false,false
dynamic_diagonal_width,high,9,2,6,6_2,middle,3.2,middle,3.2,true,false,false
dynamic_diagonal_width,high,9,2,7,7_2,middle,3.2,middle,3.2,true,false,false
dynamic_diagonal_width,high,9,2,8,8_2,empty,0,empty,0,false,false,false
dynamic_diagonal_width,high,9,3,0,0_3,empty,0,multi_plus,3.2,false,true,false
dynamic_diagonal_width,high,9,3,1,1_3,middle,3.2,middle,3.2,true,false,false
dynamic_diagonal_width,high,9,3,2,2_3,middle,3.2,middle,3.2,true,false,false
dynamic_diagonal_width,high,9,3,3,3_3,middle,3.2,middle,3.2,true,false,false
dynamic_diagonal_width,high,9,3,4,4_3,middle,3.2,middle,3.2,true,false,false
dynamic_diagonal_width,high,9,3,5,5_3,middle,3.2,middle,3.2,true,false,false
dynamic_diagonal_width,high,9,3,6,6_3,middle,3.2,middle,3.2,true,false,false
dynamic_diagonal_width,high,9,3,7,7_3,middle,3.2,middle,3.2,true,false,false
dynamic_diagonal_width,high,9,3,8,8_3,empty,0,multi_plus,3.2,false,true,false
dynamic_diagonal_width,high,9,4,0,0_4,empty,0,empty,0,false,false,false
dynamic_diagonal_width,high,9,4,1,1_4,middle,3.2,middle,3.2,true,false,false
dynamic_diagonal_width,high,9,4,2,2_4,middle,3.2,middle,3.2,true,false,false
dynamic_diagonal_width,high,9,4,3,3_4,middle,3.2,middle,3.2,true,false,false
dynamic_diagonal_width,high,9,4,4,4_4,center,18,center,18,true,false,true
dynamic_diagonal_width,high,9,4,5,5_4,middle,3.2,middle,3.2,true,false,false
dynamic_diagonal_width,high,9,4,6,6_4,middle,3.2,middle,3.2,true,false,false
dynamic_diagonal_width,high,9,4,7,7_4,middle,3.2,middle,3.2,true,false,false
dynamic_diagonal_width,high,9,4,8,8_4,empty,0,empty,0,false,false,false
dynamic_diagonal_width,high,9,5,0,0_5,empty,0,multi_plus,3.2,false,true,false
dynamic_diagonal_width,high,9,5,1,1_5,middle,3.2,middle,3.2,true,false,false
dynamic_diagonal_width,high,9,5,2,2_5,middle,3.2,middle,3.2,true,false,false
dynamic_diagonal_width,high,9,5,3,3_5,middle,3.2,middle,3.2,true,false,false
dynamic_diagonal_width,high,9,5,4,4_5,middle,3.2,middle,3.2,true,false,false
dynamic_diagonal_width,high,9,5,5,5_5,middle,3.2,middle,3.2,true,false,false
dynamic_diagonal_width,high,9,5,6,6_5,middle,3.2,middle,3.2,true,false,false
dynamic_diagonal_width,high,9,5,7,7_5,middle,3.2,middle,3.2,true,false,false
dynamic_diagonal_width,high,9,5,8,8_5,empty,0,multi_plus,3.2,false,true,false
dynamic_diagonal_width,high,9,6,0,0_6,empty,0,empty,0,false,false,false
dynamic_diagonal_width,high,9,6,1,1_6,middle,3.2,middle,3.2,true,false,false
dynamic_diagonal_width,high,9,6,2,2_6,middle,3.2,middle,3.2,true,false,false
dynamic_diagonal_width,high,9,6,3,3_6,middle,3.2,middle,3.2,true,false,false
dynamic_diagonal_width,high,9,6,4,4_6,middle,3.2,middle,3.2,true,false,false
dynamic_diagonal_width,high,9,6,5,5_6,middle,3.2,middle,3.2,true,false,false
dynamic_diagonal_width,high,9,6,6,6_6,middle,3.2,middle,3.2,true,false,false
dynamic_diagonal_width,high,9,6,7,7_6,middle,3.2,middle,3.2,true,false,false
dynamic_diagonal_width,high,9,6,8,8_6,empty,0,empty,0,false,false,false
dynamic_diagonal_width,high,9,7,0,0_7,empty,0,empty,0,false,false,false
dynamic_diagonal_width,high,9,7,1,1_7,empty,0,empty,0,false,false,false
dynamic_diagonal_width,high,9,7,2,2_7,middle,3.2,middle,3.2,true,false,false
dynamic_diagonal_width,high,9,7,3,3_7,middle,3.2,middle,3.2,true,false,false
dynamic_diagonal_width,high,9,7,4,4_7,middle,3.2,middle,3.2,true,false,false
dynamic_diagonal_width,high,9,7,5,5_7,middle,3.2,middle,3.2,true,false,false
dynamic_diagonal_width,high,9,7,6,6_7,middle,3.2,middle,3.2,true,false,false
dynamic_diagonal_width,high,9,7,7,7_7,empty,0,empty,0,false,false,false
dynamic_diagonal_width,high,9,7,8,8_7,empty,0,empty,0,false,false,false
dynamic_diagonal_width,high,9,8,0,0_8,empty,0,empty,0,false,false,false
dynamic_diagonal_width,high,9,8,1,1_8,empty,0,empty,0,false,false,false
dynamic_diagonal_width,high,9,8,2,2_8,empty,0,empty,0,false,false,false
dynamic_diagonal_width,high,9,8,3,3_8,empty,0,multi_plus,3.2,false,true,false
dynamic_diagonal_width,high,9,8,4,4_8,empty,0,empty,0,false,false,false
dynamic_diagonal_width,high,9,8,5,5_8,empty,0,multi_plus,3.2,false,true,false
dynamic_diagonal_width,high,9,8,6,6_8,empty,0,empty,0,false,false,false
dynamic_diagonal_width,high,9,8,7,7_8,empty,0,empty,0,false,false,false
dynamic_diagonal_width,high,9,8,8,8_8,empty,0,empty,0,false,false,false
dynamic_diagonal_width,high,10,0,0,0_0,empty,0,empty,0,false,false,false
dynamic_diagonal_width,high,10,0,1,1_0,empty,0,empty,0,false,false,false
dynamic_diagonal_width,high,10,0,2,2_0,empty,0,empty,0,false,false,false
dynamic_diagonal_width,high,10,0,3,3_0,empty,0,empty,0,false,false,false
dynamic_diagonal_width,high,10,0,4,4_0,empty,0,multi_plus,3.6,false,true,false
dynamic_diagonal_width,high,10,0,5,5_0,empty,0,multi_plus,3.6,false,true,false
dynamic_diagonal_width,high,10,0,6,6_0,empty,0,empty,0,false,false,false
dynamic_diagonal_width,high,10,0,7,7_0,empty,0,empty,0,false,false,false
dynamic_diagonal_width,high,10,0,8,8_0,empty,0,empty,0,false,false,false
dynamic_diagonal_width,high,10,0,9,9_0,empty,0,empty,0,false,false,false
dynamic_diagonal_width,high,10,1,0,0_1,empty,0,empty,0,false,false,false
dynamic_diagonal_width,high,10,1,1,1_1,empty,0,multi_plus,3.6,false,true,false
dynamic_diagonal_width,high,10,1,2,2_1,middle,3.6,middle,3.6,true,false,false
dynamic_diagonal_width,high,10,1,3,3_1,middle,3.6,middle,3.6,true,false,false
dynamic_diagonal_width,high,10,1,4,4_1,middle,3.6,middle,3.6,true,false,false
dynamic_diagonal_width,high,10,1,5,5_1,middle,3.6,middle,3.6,true,false,false
dynamic_diagonal_width,high,10,1,6,6_1,middle,3.6,middle,3.6,true,false,false
dynamic_diagonal_width,high,10,1,7,7_1,middle,3.6,middle,3.6,true,false,false
dynamic_diagonal_width,high,10,1,8,8_1,empty,0,multi_plus,3.6,false,true,false
dynamic_diagonal_width,high,10,1,9,9_1,empty,0,empty,0,false,false,false
dynamic_diagonal_width,high,10,2,0,0_2,empty,0,empty,0,false,false,false
dynamic_diagonal_width,high,10,2,1,1_2,middle,3.6,middle,3.6,true,false,false
dynamic_diagonal_width,high,10,2,2,2_2,middle,3.6,middle,3.6,true,false,false
dynamic_diagonal_width,high,10,2,3,3_2,middle,3.6,middle,3.6,true,false,false
dynamic_diagonal_width,high,10,2,4,4_2,middle,3.6,middle,3.6,true,false,false
dynamic_diagonal_width,high,10,2,5,5_2,middle,3.6,middle,3.6,true,false,false
dynamic_diagonal_width,high,10,2,6,6_2,middle,3.6,middle,3.6,true,false,false
dynamic_diagonal_width,high,10,2,7,7_2,middle,3.6,middle,3.6,true,false,false
dynamic_diagonal_width,high,10,2,8,8_2,middle,3.6,middle,3.6,true,false,false
dynamic_diagonal_width,high,10,2,9,9_2,empty,0,empty,0,false,false,false
dynamic_diagonal_width,high,10,3,0,0_3,empty,0,empty,0,false,false,false
dynamic_diagonal_width,high,10,3,1,1_3,middle,3.6,middle,3.6,true,false,false
dynamic_diagonal_width,high,10,3,2,2_3,middle,3.6,middle,3.6,true,false,false
dynamic_diagonal_width,high,10,3,3,3_3,middle,3.6,middle,3.6,true,false,false
dynamic_diagonal_width,high,10,3,4,4_3,middle,3.6,middle,3.6,true,false,false
dynamic_diagonal_width,high,10,3,5,5_3,middle,3.6,middle,3.6,true,false,false
dynamic_diagonal_width,high,10,3,6,6_3,middle,3.6,middle,3.6,true,false,false
dynamic_diagonal_width,high,10,3,7,7_3,middle,3.6,middle,3.6,true,false,false
dynamic_diagonal_width,high,10,3,8,8_3,middle,3.6,middle,3.6,true,false,false
dynamic_diagonal_width,high,10,3,9,9_3,empty,0,empty,0,false,false,false
dynamic_diagonal_width,high,10,4,0,0_4,empty,0,multi_plus,3.6,false,true,false
dynamic_diagonal_width,high,10,4,1,1_4,middle,3.6,middle,3.6,true,false,false
dynamic_diagonal_width,high,10,4,2,2_4,middle,3.6,middle,3.6,true,false,false
dynamic_diagonal_width,high,10,4,3,3_4,middle,3.6,middle,3.6,true,false,false
dynamic_diagonal_width,high,10,4,4,4_4,center,30,center,30,true,false,true
dynamic_diagonal_width,high,10,4,5,5_4,center,30,center,30,true,false,true
dynamic_diagonal_width,high,10,4,6,6_4,middle,3.6,middle,3.6,true,false,false
dynamic_diagonal_width,high,10,4,7,7_4,middle,3.6,middle,3.6,true,false,false
dynamic_diagonal_width,high,10,4,8,8_4,middle,3.6,middle,3.6,true,false,false
dynamic_diagonal_width,high,10,4,9,9_4,empty,0,multi_plus,3.6,false,true,false
dynamic_diagonal_width,high,10,5,0,0_5,empty,0,multi_plus,3.6,false,true,false
dynamic_diagonal_width,high,10,5,1,1_5,middle,3.6,middle,3.6,true,false,false
dynamic_diagonal_width,high,10,5,2,2_5,middle,3.6,middle,3.6,true,false,false
dynamic_diagonal_width,high,10,5,3,3_5,middle,3.6,middle,3.6,true,false,false
dynamic_diagonal_width,high,10,5,4,4_5,center,30,center,30,true,false,true
dynamic_diagonal_width,high,10,5,5,5_5,center,30,center,30,true,false,true
dynamic_diagonal_width,high,10,5,6,6_5,middle,3.6,middle,3.6,true,false,false
dynamic_diagonal_width,high,10,5,7,7_5,middle,3.6,middle,3.6,true,false,false
dynamic_diagonal_width,high,10,5,8,8_5,middle,3.6,middle,3.6,true,false,false
dynamic_diagonal_width,high,10,5,9,9_5,empty,0,multi_plus,3.6,false,true,false
dynamic_diagonal_width,high,10,6,0,0_6,empty,0,empty,0,false,false,false
dynamic_diagonal_width,high,10,6,1,1_6,middle,3.6,middle,3.6,true,false,false
dynamic_diagonal_width,high,10,6,2,2_6,middle,3.6,middle,3.6,true,false,false
dynamic_diagonal_width,high,10,6,3,3_6,middle,3.6,middle,3.6,true,false,false
dynamic_diagonal_width,high,10,6,4,4_6,middle,3.6,middle,3.6,true,false,false
dynamic_diagonal_width,high,10,6,5,5_6,middle,3.6,middle,3.6,true,false,false
dynamic_diagonal_width,high,10,6,6,6_6,middle,3.6,middle,3.6,true,false,false
dynamic_diagonal_width,high,10,6,7,7_6,middle,3.6,middle,3.6,true,false,false
dynamic_diagonal_width,high,10,6,8,8_6,middle,3.6,middle,3.6,true,false,false
dynamic_diagonal_width,high,10,6,9,9_6,empty,0,empty,0,false,false,false
dynamic_diagonal_width,high,10,7,0,0_7,empty,0,empty,0,false,false,false
dynamic_diagonal_width,high,10,7,1,1_7,middle,3.6,middle,3.6,true,false,false
dynamic_diagonal_width,high,10,7,2,2_7,middle,3.6,middle,3.6,true,false,false
dynamic_diagonal_width,high,10,7,3,3_7,middle,3.6,middle,3.6,true,false,false
dynamic_diagonal_width,high,10,7,4,4_7,middle,3.6,middle,3.6,true,false,false
dynamic_diagonal_width,high,10,7,5,5_7,middle,3.6,middle,3.6,true,false,false
dynamic_diagonal_width,high,10,7,6,6_7,middle,3.6,middle,3.6,true,false,false
dynamic_diagonal_width,high,10,7,7,7_7,middle,3.6,middle,3.6,true,false,false
dynamic_diagonal_width,high,10,7,8,8_7,middle,3.6,middle,3.6,true,false,false
dynamic_diagonal_width,high,10,7,9,9_7,empty,0,empty,0,false,false,false
dynamic_diagonal_width,high,10,8,0,0_8,empty,0,empty,0,false,false,false
dynamic_diagonal_width,high,10,8,1,1_8,empty,0,multi_plus,3.6,false,true,false
dynamic_diagonal_width,high,10,8,2,2_8,middle,3.6,middle,3.6,true,false,false
dynamic_diagonal_width,high,10,8,3,3_8,middle,3.6,middle,3.6,true,false,false
dynamic_diagonal_width,high,10,8,4,4_8,middle,3.6,middle,3.6,true,false,false
dynamic_diagonal_width,high,10,8,5,5_8,middle,3.6,middle,3.6,true,false,false
dynamic_diagonal_width,high,10,8,6,6_8,middle,3.6,middle,3.6,true,false,false
dynamic_diagonal_width,high,10,8,7,7_8,middle,3.6,middle,3.6,true,false,false
dynamic_diagonal_width,high,10,8,8,8_8,empty,0,multi_plus,3.6,false,true,false
dynamic_diagonal_width,high,10,8,9,9_8,empty,0,empty,0,false,false,false
dynamic_diagonal_width,high,10,9,0,0_9,empty,0,empty,0,false,false,false
dynamic_diagonal_width,high,10,9,1,1_9,empty,0,empty,0,false,false,false
dynamic_diagonal_width,high,10,9,2,2_9,empty,0,empty,0,false,false,false
dynamic_diagonal_width,high,10,9,3,3_9,empty,0,empty,0,false,false,false
dynamic_diagonal_width,high,10,9,4,4_9,empty,0,multi_plus,3.6,false,true,false
dynamic_diagonal_width,high,10,9,5,5_9,empty,0,multi_plus,3.6,false,true,false
dynamic_diagonal_width,high,10,9,6,6_9,empty,0,empty,0,false,false,false
dynamic_diagonal_width,high,10,9,7,7_9,empty,0,empty,0,false,false,false
dynamic_diagonal_width,high,10,9,8,8_9,empty,0,empty,0,false,false,false
dynamic_diagonal_width,high,10,9,9,9_9,empty,0,empty,0,false,false,false
plinko_zone_style,low,5,0,0,0_0,empty,0,empty,0,false,false,false
plinko_zone_style,low,5,0,1,1_0,empty,0,empty,0,false,false,false
plinko_zone_style,low,5,0,2,2_0,outer,0.54,outer,0.54,true,false,false
plinko_zone_style,low,5,0,3,3_0,empty,0,empty,0,false,false,false
plinko_zone_style,low,5,0,4,4_0,empty,0,empty,0,false,false,false
plinko_zone_style,low,5,1,0,0_1,empty,0,empty,0,false,false,false
plinko_zone_style,low,5,1,1,1_1,empty,0,empty,0,false,false,false
plinko_zone_style,low,5,1,2,2_1,middle,1.23,middle,1.23,true,false,false
plinko_zone_style,low,5,1,3,3_1,empty,0,empty,0,false,false,false
plinko_zone_style,low,5,1,4,4_1,empty,0,empty,0,false,false,false
plinko_zone_style,low,5,2,0,0_2,outer,0.54,outer,0.54,true,false,false
plinko_zone_style,low,5,2,1,1_2,middle,1.23,middle,1.23,true,false,false
plinko_zone_style,low,5,2,2,2_2,center,2.16,center,2.16,true,false,true
plinko_zone_style,low,5,2,3,3_2,middle,1.23,middle,1.23,true,false,false
plinko_zone_style,low,5,2,4,4_2,outer,0.54,outer,0.54,true,false,false
plinko_zone_style,low,5,3,0,0_3,empty,0,empty,0,false,false,false
plinko_zone_style,low,5,3,1,1_3,empty,0,empty,0,false,false,false
plinko_zone_style,low,5,3,2,2_3,middle,1.23,middle,1.23,true,false,false
plinko_zone_style,low,5,3,3,3_3,empty,0,empty,0,false,false,false
plinko_zone_style,low,5,3,4,4_3,empty,0,empty,0,false,false,false
plinko_zone_style,low,5,4,0,0_4,empty,0,empty,0,false,false,false
plinko_zone_style,low,5,4,1,1_4,empty,0,empty,0,false,false,false
plinko_zone_style,low,5,4,2,2_4,outer,0.54,outer,0.54,true,false,false
plinko_zone_style,low,5,4,3,3_4,empty,0,empty,0,false,false,false
plinko_zone_style,low,5,4,4,4_4,empty,0,empty,0,false,false,false
plinko_zone_style,low,6,0,0,0_0,empty,0,empty,0,false,false,false
plinko_zone_style,low,6,0,1,1_0,empty,0,empty,0,false,false,false
plinko_zone_style,low,6,0,2,2_0,outer,0.64,outer,0.64,true,false,false
plinko_zone_style,low,6,0,3,3_0,outer,0.64,outer,0.64,true,false,false
plinko_zone_style,low,6,0,4,4_0,empty,0,empty,0,false,false,false
plinko_zone_style,low,6,0,5,5_0,empty,0,empty,0,false,false,false
plinko_zone_style,low,6,1,0,0_1,empty,0,empty,0,false,false,false
plinko_zone_style,low,6,1,1,1_1,empty,0,empty,0,false,false,false
plinko_zone_style,low,6,1,2,2_1,middle,1.47,middle,1.47,true,false,false
plinko_zone_style,low,6,1,3,3_1,middle,1.47,middle,1.47,true,false,false
plinko_zone_style,low,6,1,4,4_1,empty,0,empty,0,false,false,false
plinko_zone_style,low,6,1,5,5_1,empty,0,empty,0,false,false,false
plinko_zone_style,low,6,2,0,0_2,outer,0.64,outer,0.64,true,false,false
plinko_zone_style,low,6,2,1,1_2,middle,1.47,middle,1.47,true,false,false
plinko_zone_style,low,6,2,2,2_2,center,2.94,center,2.94,true,false,true
plinko_zone_style,low,6,2,3,3_2,center,2.94,center,2.94,true,false,true
plinko_zone_style,low,6,2,4,4_2,middle,1.47,middle,1.47,true,false,false
plinko_zone_style,low,6,2,5,5_2,outer,0.64,outer,0.64,true,false,false
plinko_zone_style,low,6,3,0,0_3,outer,0.64,outer,0.64,true,false,false
plinko_zone_style,low,6,3,1,1_3,middle,1.47,middle,1.47,true,false,false
plinko_zone_style,low,6,3,2,2_3,center,2.94,center,2.94,true,false,true
plinko_zone_style,low,6,3,3,3_3,center,2.94,center,2.94,true,false,true
plinko_zone_style,low,6,3,4,4_3,middle,1.47,middle,1.47,true,false,false
plinko_zone_style,low,6,3,5,5_3,outer,0.64,outer,0.64,true,false,false
plinko_zone_style,low,6,4,0,0_4,empty,0,empty,0,false,false,false
plinko_zone_style,low,6,4,1,1_4,empty,0,empty,0,false,false,false
plinko_zone_style,low,6,4,2,2_4,middle,1.47,middle,1.47,true,false,false
plinko_zone_style,low,6,4,3,3_4,middle,1.47,middle,1.47,true,false,false
plinko_zone_style,low,6,4,4,4_4,empty,0,empty,0,false,false,false
plinko_zone_style,low,6,4,5,5_4,empty,0,empty,0,false,false,false
plinko_zone_style,low,6,5,0,0_5,empty,0,empty,0,false,false,false
plinko_zone_style,low,6,5,1,1_5,empty,0,empty,0,false,false,false
plinko_zone_style,low,6,5,2,2_5,outer,0.64,outer,0.64,true,false,false
plinko_zone_style,low,6,5,3,3_5,outer,0.64,outer,0.64,true,false,false
plinko_zone_style,low,6,5,4,4_5,empty,0,empty,0,false,false,false
plinko_zone_style,low,6,5,5,5_5,empty,0,empty,0,false,false,false
plinko_zone_style,normal,7,0,0,0_0,empty,0,empty,0,false,false,false
plinko_zone_style,normal,7,0,1,1_0,empty,0,empty,0,false,false,false
plinko_zone_style,normal,7,0,2,2_0,empty,0,empty,0,false,false,false
plinko_zone_style,normal,7,0,3,3_0,outer,0.98,outer,0.98,true,false,false
plinko_zone_style,normal,7,0,4,4_0,empty,0,empty,0,false,false,false
plinko_zone_style,normal,7,0,5,5_0,empty,0,empty,0,false,false,false
plinko_zone_style,normal,7,0,6,6_0,empty,0,empty,0,false,false,false
plinko_zone_style,normal,7,1,0,0_1,empty,0,empty,0,false,false,false
plinko_zone_style,normal,7,1,1,1_1,empty,0,empty,0,false,false,false
plinko_zone_style,normal,7,1,2,2_1,empty,0,empty,0,false,false,false
plinko_zone_style,normal,7,1,3,3_1,outer,0.98,outer,0.98,true,false,false
plinko_zone_style,normal,7,1,4,4_1,empty,0,empty,0,false,false,false
plinko_zone_style,normal,7,1,5,5_1,empty,0,empty,0,false,false,false
plinko_zone_style,normal,7,1,6,6_1,empty,0,empty,0,false,false,false
plinko_zone_style,normal,7,2,0,0_2,empty,0,empty,0,false,false,false
plinko_zone_style,normal,7,2,1,1_2,empty,0,empty,0,false,false,false
plinko_zone_style,normal,7,2,2,2_2,outer,0.98,outer,0.98,true,false,false
plinko_zone_style,normal,7,2,3,3_2,middle,2.33,middle,2.33,true,false,false
plinko_zone_style,normal,7,2,4,4_2,outer,0.98,outer,0.98,true,false,false
plinko_zone_style,normal,7,2,5,5_2,empty,0,empty,0,false,false,false
plinko_zone_style,normal,7,2,6,6_2,empty,0,empty,0,false,false,false
plinko_zone_style,normal,7,3,0,0_3,outer,0.98,outer,0.98,true,false,false
plinko_zone_style,normal,7,3,1,1_3,outer,0.98,outer,0.98,true,false,false
plinko_zone_style,normal,7,3,2,2_3,middle,2.33,middle,2.33,true,false,false
plinko_zone_style,normal,7,3,3,3_3,center,5.51,center,5.51,true,false,true
plinko_zone_style,normal,7,3,4,4_3,middle,2.33,middle,2.33,true,false,false
plinko_zone_style,normal,7,3,5,5_3,outer,0.98,outer,0.98,true,false,false
plinko_zone_style,normal,7,3,6,6_3,outer,0.98,outer,0.98,true,false,false
plinko_zone_style,normal,7,4,0,0_4,empty,0,empty,0,false,false,false
plinko_zone_style,normal,7,4,1,1_4,empty,0,empty,0,false,false,false
plinko_zone_style,normal,7,4,2,2_4,outer,0.98,outer,0.98,true,false,false
plinko_zone_style,normal,7,4,3,3_4,middle,2.33,middle,2.33,true,false,false
plinko_zone_style,normal,7,4,4,4_4,outer,0.98,outer,0.98,true,false,false
plinko_zone_style,normal,7,4,5,5_4,empty,0,empty,0,false,false,false
plinko_zone_style,normal,7,4,6,6_4,empty,0,empty,0,false,false,false
plinko_zone_style,normal,7,5,0,0_5,empty,0,empty,0,false,false,false
plinko_zone_style,normal,7,5,1,1_5,empty,0,empty,0,false,false,false
plinko_zone_style,normal,7,5,2,2_5,empty,0,empty,0,false,false,false
plinko_zone_style,normal,7,5,3,3_5,outer,0.98,outer,0.98,true,false,false
plinko_zone_style,normal,7,5,4,4_5,empty,0,empty,0,false,false,false
plinko_zone_style,normal,7,5,5,5_5,empty,0,empty,0,false,false,false
plinko_zone_style,normal,7,5,6,6_5,empty,0,empty,0,false,false,false
plinko_zone_style,normal,7,6,0,0_6,empty,0,empty,0,false,false,false
plinko_zone_style,normal,7,6,1,1_6,empty,0,empty,0,false,false,false
plinko_zone_style,normal,7,6,2,2_6,empty,0,empty,0,false,false,false
plinko_zone_style,normal,7,6,3,3_6,outer,0.98,outer,0.98,true,false,false
plinko_zone_style,normal,7,6,4,4_6,empty,0,empty,0,false,false,false
plinko_zone_style,normal,7,6,5,5_6,empty,0,empty,0,false,false,false
plinko_zone_style,normal,7,6,6,6_6,empty,0,empty,0,false,false,false
plinko_zone_style,normal,8,0,0,0_0,empty,0,empty,0,false,false,false
plinko_zone_style,normal,8,0,1,1_0,empty,0,empty,0,false,false,false
plinko_zone_style,normal,8,0,2,2_0,empty,0,empty,0,false,false,false
plinko_zone_style,normal,8,0,3,3_0,outer,1.23,outer,1.23,true,false,false
plinko_zone_style,normal,8,0,4,4_0,outer,1.23,outer,1.23,true,false,false
plinko_zone_style,normal,8,0,5,5_0,empty,0,empty,0,false,false,false
plinko_zone_style,normal,8,0,6,6_0,empty,0,empty,0,false,false,false
plinko_zone_style,normal,8,0,7,7_0,empty,0,empty,0,false,false,false
plinko_zone_style,normal,8,1,0,0_1,empty,0,empty,0,false,false,false
plinko_zone_style,normal,8,1,1,1_1,empty,0,empty,0,false,false,false
plinko_zone_style,normal,8,1,2,2_1,empty,0,empty,0,false,false,false
plinko_zone_style,normal,8,1,3,3_1,outer,1.23,outer,1.23,true,false,false
plinko_zone_style,normal,8,1,4,4_1,outer,1.23,outer,1.23,true,false,false
plinko_zone_style,normal,8,1,5,5_1,empty,0,empty,0,false,false,false
plinko_zone_style,normal,8,1,6,6_1,empty,0,empty,0,false,false,false
plinko_zone_style,normal,8,1,7,7_1,empty,0,empty,0,false,false,false
plinko_zone_style,normal,8,2,0,0_2,empty,0,empty,0,false,false,false
plinko_zone_style,normal,8,2,1,1_2,empty,0,empty,0,false,false,false
plinko_zone_style,normal,8,2,2,2_2,outer,1.23,outer,1.23,true,false,false
plinko_zone_style,normal,8,2,3,3_2,middle,2.94,middle,2.94,true,false,false
plinko_zone_style,normal,8,2,4,4_2,middle,2.94,middle,2.94,true,false,false
plinko_zone_style,normal,8,2,5,5_2,outer,1.23,outer,1.23,true,false,false
plinko_zone_style,normal,8,2,6,6_2,empty,0,empty,0,false,false,false
plinko_zone_style,normal,8,2,7,7_2,empty,0,empty,0,false,false,false
plinko_zone_style,normal,8,3,0,0_3,outer,1.23,outer,1.23,true,false,false
plinko_zone_style,normal,8,3,1,1_3,outer,1.23,outer,1.23,true,false,false
plinko_zone_style,normal,8,3,2,2_3,middle,2.94,middle,2.94,true,false,false
plinko_zone_style,normal,8,3,3,3_3,center,8.57,center,8.57,true,false,true
plinko_zone_style,normal,8,3,4,4_3,center,8.57,center,8.57,true,false,true
plinko_zone_style,normal,8,3,5,5_3,middle,2.94,middle,2.94,true,false,false
plinko_zone_style,normal,8,3,6,6_3,outer,1.23,outer,1.23,true,false,false
plinko_zone_style,normal,8,3,7,7_3,outer,1.23,outer,1.23,true,false,false
plinko_zone_style,normal,8,4,0,0_4,outer,1.23,outer,1.23,true,false,false
plinko_zone_style,normal,8,4,1,1_4,outer,1.23,outer,1.23,true,false,false
plinko_zone_style,normal,8,4,2,2_4,middle,2.94,middle,2.94,true,false,false
plinko_zone_style,normal,8,4,3,3_4,center,8.57,center,8.57,true,false,true
plinko_zone_style,normal,8,4,4,4_4,center,8.57,center,8.57,true,false,true
plinko_zone_style,normal,8,4,5,5_4,middle,2.94,middle,2.94,true,false,false
plinko_zone_style,normal,8,4,6,6_4,outer,1.23,outer,1.23,true,false,false
plinko_zone_style,normal,8,4,7,7_4,outer,1.23,outer,1.23,true,false,false
plinko_zone_style,normal,8,5,0,0_5,empty,0,empty,0,false,false,false
plinko_zone_style,normal,8,5,1,1_5,empty,0,empty,0,false,false,false
plinko_zone_style,normal,8,5,2,2_5,outer,1.23,outer,1.23,true,false,false
plinko_zone_style,normal,8,5,3,3_5,middle,2.94,middle,2.94,true,false,false
plinko_zone_style,normal,8,5,4,4_5,middle,2.94,middle,2.94,true,false,false
plinko_zone_style,normal,8,5,5,5_5,outer,1.23,outer,1.23,true,false,false
plinko_zone_style,normal,8,5,6,6_5,empty,0,empty,0,false,false,false
plinko_zone_style,normal,8,5,7,7_5,empty,0,empty,0,false,false,false
plinko_zone_style,normal,8,6,0,0_6,empty,0,empty,0,false,false,false
plinko_zone_style,normal,8,6,1,1_6,empty,0,empty,0,false,false,false
plinko_zone_style,normal,8,6,2,2_6,empty,0,empty,0,false,false,false
plinko_zone_style,normal,8,6,3,3_6,outer,1.23,outer,1.23,true,false,false
plinko_zone_style,normal,8,6,4,4_6,outer,1.23,outer,1.23,true,false,false
plinko_zone_style,normal,8,6,5,5_6,empty,0,empty,0,false,false,false
plinko_zone_style,normal,8,6,6,6_6,empty,0,empty,0,false,false,false
plinko_zone_style,normal,8,6,7,7_6,empty,0,empty,0,false,false,false
plinko_zone_style,normal,8,7,0,0_7,empty,0,empty,0,false,false,false
plinko_zone_style,normal,8,7,1,1_7,empty,0,empty,0,false,false,false
plinko_zone_style,normal,8,7,2,2_7,empty,0,empty,0,false,false,false
plinko_zone_style,normal,8,7,3,3_7,outer,1.23,outer,1.23,true,false,false
plinko_zone_style,normal,8,7,4,4_7,outer,1.23,outer,1.23,true,false,false
plinko_zone_style,normal,8,7,5,5_7,empty,0,empty,0,false,false,false
plinko_zone_style,normal,8,7,6,6_7,empty,0,empty,0,false,false,false
plinko_zone_style,normal,8,7,7,7_7,empty,0,empty,0,false,false,false
plinko_zone_style,high,9,0,0,0_0,empty,0,empty,0,false,false,false
plinko_zone_style,high,9,0,1,1_0,empty,0,empty,0,false,false,false
plinko_zone_style,high,9,0,2,2_0,empty,0,empty,0,false,false,false
plinko_zone_style,high,9,0,3,3_0,empty,0,empty,0,false,false,false
plinko_zone_style,high,9,0,4,4_0,outer,1.84,outer,1.84,true,false,false
plinko_zone_style,high,9,0,5,5_0,empty,0,empty,0,false,false,false
plinko_zone_style,high,9,0,6,6_0,empty,0,empty,0,false,false,false
plinko_zone_style,high,9,0,7,7_0,empty,0,empty,0,false,false,false
plinko_zone_style,high,9,0,8,8_0,empty,0,empty,0,false,false,false
plinko_zone_style,high,9,1,0,0_1,empty,0,empty,0,false,false,false
plinko_zone_style,high,9,1,1,1_1,empty,0,empty,0,false,false,false
plinko_zone_style,high,9,1,2,2_1,empty,0,empty,0,false,false,false
plinko_zone_style,high,9,1,3,3_1,empty,0,empty,0,false,false,false
plinko_zone_style,high,9,1,4,4_1,outer,1.84,outer,1.84,true,false,false
plinko_zone_style,high,9,1,5,5_1,empty,0,empty,0,false,false,false
plinko_zone_style,high,9,1,6,6_1,empty,0,empty,0,false,false,false
plinko_zone_style,high,9,1,7,7_1,empty,0,empty,0,false,false,false
plinko_zone_style,high,9,1,8,8_1,empty,0,empty,0,false,false,false
plinko_zone_style,high,9,2,0,0_2,empty,0,empty,0,false,false,false
plinko_zone_style,high,9,2,1,1_2,empty,0,empty,0,false,false,false
plinko_zone_style,high,9,2,2,2_2,empty,0,empty,0,false,false,false
plinko_zone_style,high,9,2,3,3_2,outer,1.84,outer,1.84,true,false,false
plinko_zone_style,high,9,2,4,4_2,outer,1.84,outer,1.84,true,false,false
plinko_zone_style,high,9,2,5,5_2,outer,1.84,outer,1.84,true,false,false
plinko_zone_style,high,9,2,6,6_2,empty,0,empty,0,false,false,false
plinko_zone_style,high,9,2,7,7_2,empty,0,empty,0,false,false,false
plinko_zone_style,high,9,2,8,8_2,empty,0,empty,0,false,false,false
plinko_zone_style,high,9,3,0,0_3,empty,0,empty,0,false,false,false
plinko_zone_style,high,9,3,1,1_3,empty,0,empty,0,false,false,false
plinko_zone_style,high,9,3,2,2_3,outer,1.84,outer,1.84,true,false,false
plinko_zone_style,high,9,3,3,3_3,outer,1.84,outer,1.84,true,false,false
plinko_zone_style,high,9,3,4,4_3,middle,4.56,middle,4.56,true,false,false
plinko_zone_style,high,9,3,5,5_3,outer,1.84,outer,1.84,true,false,false
plinko_zone_style,high,9,3,6,6_3,outer,1.84,outer,1.84,true,false,false
plinko_zone_style,high,9,3,7,7_3,empty,0,empty,0,false,false,false
plinko_zone_style,high,9,3,8,8_3,empty,0,empty,0,false,false,false
plinko_zone_style,high,9,4,0,0_4,outer,1.84,outer,1.84,true,false,false
plinko_zone_style,high,9,4,1,1_4,outer,1.84,outer,1.84,true,false,false
plinko_zone_style,high,9,4,2,2_4,outer,1.84,outer,1.84,true,false,false
plinko_zone_style,high,9,4,3,3_4,middle,4.56,middle,4.56,true,false,false
plinko_zone_style,high,9,4,4,4_4,center,17.64,center,17.64,true,false,true
plinko_zone_style,high,9,4,5,5_4,middle,4.56,middle,4.56,true,false,false
plinko_zone_style,high,9,4,6,6_4,outer,1.84,outer,1.84,true,false,false
plinko_zone_style,high,9,4,7,7_4,outer,1.84,outer,1.84,true,false,false
plinko_zone_style,high,9,4,8,8_4,outer,1.84,outer,1.84,true,false,false
plinko_zone_style,high,9,5,0,0_5,empty,0,empty,0,false,false,false
plinko_zone_style,high,9,5,1,1_5,empty,0,empty,0,false,false,false
plinko_zone_style,high,9,5,2,2_5,outer,1.84,outer,1.84,true,false,false
plinko_zone_style,high,9,5,3,3_5,outer,1.84,outer,1.84,true,false,false
plinko_zone_style,high,9,5,4,4_5,middle,4.56,middle,4.56,true,false,false
plinko_zone_style,high,9,5,5,5_5,outer,1.84,outer,1.84,true,false,false
plinko_zone_style,high,9,5,6,6_5,outer,1.84,outer,1.84,true,false,false
plinko_zone_style,high,9,5,7,7_5,empty,0,empty,0,false,false,false
plinko_zone_style,high,9,5,8,8_5,empty,0,empty,0,false,false,false
plinko_zone_style,high,9,6,0,0_6,empty,0,empty,0,false,false,false
plinko_zone_style,high,9,6,1,1_6,empty,0,empty,0,false,false,false
plinko_zone_style,high,9,6,2,2_6,empty,0,empty,0,false,false,false
plinko_zone_style,high,9,6,3,3_6,outer,1.84,outer,1.84,true,false,false
plinko_zone_style,high,9,6,4,4_6,outer,1.84,outer,1.84,true,false,false
plinko_zone_style,high,9,6,5,5_6,outer,1.84,outer,1.84,true,false,false
plinko_zone_style,high,9,6,6,6_6,empty,0,empty,0,false,false,false
plinko_zone_style,high,9,6,7,7_6,empty,0,empty,0,false,false,false
plinko_zone_style,high,9,6,8,8_6,empty,0,empty,0,false,false,false
plinko_zone_style,high,9,7,0,0_7,empty,0,empty,0,false,false,false
plinko_zone_style,high,9,7,1,1_7,empty,0,empty,0,false,false,false
plinko_zone_style,high,9,7,2,2_7,empty,0,empty,0,false,false,false
plinko_zone_style,high,9,7,3,3_7,empty,0,empty,0,false,false,false
plinko_zone_style,high,9,7,4,4_7,outer,1.84,outer,1.84,true,false,false
plinko_zone_style,high,9,7,5,5_7,empty,0,empty,0,false,false,false
plinko_zone_style,high,9,7,6,6_7,empty,0,empty,0,false,false,false
plinko_zone_style,high,9,7,7,7_7,empty,0,empty,0,false,false,false
plinko_zone_style,high,9,7,8,8_7,empty,0,empty,0,false,false,false
plinko_zone_style,high,9,8,0,0_8,empty,0,empty,0,false,false,false
plinko_zone_style,high,9,8,1,1_8,empty,0,empty,0,false,false,false
plinko_zone_style,high,9,8,2,2_8,empty,0,empty,0,false,false,false
plinko_zone_style,high,9,8,3,3_8,empty,0,empty,0,false,false,false
plinko_zone_style,high,9,8,4,4_8,outer,1.84,outer,1.84,true,false,false
plinko_zone_style,high,9,8,5,5_8,empty,0,empty,0,false,false,false
plinko_zone_style,high,9,8,6,6_8,empty,0,empty,0,false,false,false
plinko_zone_style,high,9,8,7,7_8,empty,0,empty,0,false,false,false
plinko_zone_style,high,9,8,8,8_8,empty,0,empty,0,false,false,false
plinko_zone_style,high,10,0,0,0_0,empty,0,empty,0,false,false,false
plinko_zone_style,high,10,0,1,1_0,empty,0,empty,0,false,false,false
plinko_zone_style,high,10,0,2,2_0,empty,0,empty,0,false,false,false
plinko_zone_style,high,10,0,3,3_0,empty,0,empty,0,false,false,false
plinko_zone_style,high,10,0,4,4_0,outer,2.21,outer,2.21,true,false,false
plinko_zone_style,high,10,0,5,5_0,outer,2.21,outer,2.21,true,false,false
plinko_zone_style,high,10,0,6,6_0,empty,0,empty,0,false,false,false
plinko_zone_style,high,10,0,7,7_0,empty,0,empty,0,false,false,false
plinko_zone_style,high,10,0,8,8_0,empty,0,empty,0,false,false,false
plinko_zone_style,high,10,0,9,9_0,empty,0,empty,0,false,false,false
plinko_zone_style,high,10,1,0,0_1,empty,0,empty,0,false,false,false
plinko_zone_style,high,10,1,1,1_1,empty,0,empty,0,false,false,false
plinko_zone_style,high,10,1,2,2_1,empty,0,empty,0,false,false,false
plinko_zone_style,high,10,1,3,3_1,empty,0,empty,0,false,false,false
plinko_zone_style,high,10,1,4,4_1,outer,2.21,outer,2.21,true,false,false
plinko_zone_style,high,10,1,5,5_1,outer,2.21,outer,2.21,true,false,false
plinko_zone_style,high,10,1,6,6_1,empty,0,empty,0,false,false,false
plinko_zone_style,high,10,1,7,7_1,empty,0,empty,0,false,false,false
plinko_zone_style,high,10,1,8,8_1,empty,0,empty,0,false,false,false
plinko_zone_style,high,10,1,9,9_1,empty,0,empty,0,false,false,false
plinko_zone_style,high,10,2,0,0_2,empty,0,empty,0,false,false,false
plinko_zone_style,high,10,2,1,1_2,empty,0,empty,0,false,false,false
plinko_zone_style,high,10,2,2,2_2,empty,0,empty,0,false,false,false
plinko_zone_style,high,10,2,3,3_2,outer,2.21,outer,2.21,true,false,false
plinko_zone_style,high,10,2,4,4_2,outer,2.21,outer,2.21,true,false,false
plinko_zone_style,high,10,2,5,5_2,outer,2.21,outer,2.21,true,false,false
plinko_zone_style,high,10,2,6,6_2,outer,2.21,outer,2.21,true,false,false
plinko_zone_style,high,10,2,7,7_2,empty,0,empty,0,false,false,false
plinko_zone_style,high,10,2,8,8_2,empty,0,empty,0,false,false,false
plinko_zone_style,high,10,2,9,9_2,empty,0,empty,0,false,false,false
plinko_zone_style,high,10,3,0,0_3,empty,0,empty,0,false,false,false
plinko_zone_style,high,10,3,1,1_3,empty,0,empty,0,false,false,false
plinko_zone_style,high,10,3,2,2_3,outer,2.21,outer,2.21,true,false,false
plinko_zone_style,high,10,3,3,3_3,outer,2.21,outer,2.21,true,false,false
plinko_zone_style,high,10,3,4,4_3,middle,6.17,middle,6.17,true,false,false
plinko_zone_style,high,10,3,5,5_3,middle,6.17,middle,6.17,true,false,false
plinko_zone_style,high,10,3,6,6_3,outer,2.21,outer,2.21,true,false,false
plinko_zone_style,high,10,3,7,7_3,outer,2.21,outer,2.21,true,false,false
plinko_zone_style,high,10,3,8,8_3,empty,0,empty,0,false,false,false
plinko_zone_style,high,10,3,9,9_3,empty,0,empty,0,false,false,false
plinko_zone_style,high,10,4,0,0_4,outer,2.21,outer,2.21,true,false,false
plinko_zone_style,high,10,4,1,1_4,outer,2.21,outer,2.21,true,false,false
plinko_zone_style,high,10,4,2,2_4,outer,2.21,outer,2.21,true,false,false
plinko_zone_style,high,10,4,3,3_4,middle,6.17,middle,6.17,true,false,false
plinko_zone_style,high,10,4,4,4_4,center,29.4,center,29.4,true,false,true
plinko_zone_style,high,10,4,5,5_4,center,29.4,center,29.4,true,false,true
plinko_zone_style,high,10,4,6,6_4,middle,6.17,middle,6.17,true,false,false
plinko_zone_style,high,10,4,7,7_4,outer,2.21,outer,2.21,true,false,false
plinko_zone_style,high,10,4,8,8_4,outer,2.21,outer,2.21,true,false,false
plinko_zone_style,high,10,4,9,9_4,outer,2.21,outer,2.21,true,false,false
plinko_zone_style,high,10,5,0,0_5,outer,2.21,outer,2.21,true,false,false
plinko_zone_style,high,10,5,1,1_5,outer,2.21,outer,2.21,true,false,false
plinko_zone_style,high,10,5,2,2_5,outer,2.21,outer,2.21,true,false,false
plinko_zone_style,high,10,5,3,3_5,middle,6.17,middle,6.17,true,false,false
plinko_zone_style,high,10,5,4,4_5,center,29.4,center,29.4,true,false,true
plinko_zone_style,high,10,5,5,5_5,center,29.4,center,29.4,true,false,true
plinko_zone_style,high,10,5,6,6_5,middle,6.17,middle,6.17,true,false,false
plinko_zone_style,high,10,5,7,7_5,outer,2.21,outer,2.21,true,false,false
plinko_zone_style,high,10,5,8,8_5,outer,2.21,outer,2.21,true,false,false
plinko_zone_style,high,10,5,9,9_5,outer,2.21,outer,2.21,true,false,false
plinko_zone_style,high,10,6,0,0_6,empty,0,empty,0,false,false,false
plinko_zone_style,high,10,6,1,1_6,empty,0,empty,0,false,false,false
plinko_zone_style,high,10,6,2,2_6,outer,2.21,outer,2.21,true,false,false
plinko_zone_style,high,10,6,3,3_6,outer,2.21,outer,2.21,true,false,false
plinko_zone_style,high,10,6,4,4_6,middle,6.17,middle,6.17,true,false,false
plinko_zone_style,high,10,6,5,5_6,middle,6.17,middle,6.17,true,false,false
plinko_zone_style,high,10,6,6,6_6,outer,2.21,outer,2.21,true,false,false
plinko_zone_style,high,10,6,7,7_6,outer,2.21,outer,2.21,true,false,false
plinko_zone_style,high,10,6,8,8_6,empty,0,empty,0,false,false,false
plinko_zone_style,high,10,6,9,9_6,empty,0,empty,0,false,false,false
plinko_zone_style,high,10,7,0,0_7,empty,0,empty,0,false,false,false
plinko_zone_style,high,10,7,1,1_7,empty,0,empty,0,false,false,false
plinko_zone_style,high,10,7,2,2_7,empty,0,empty,0,false,false,false
plinko_zone_style,high,10,7,3,3_7,outer,2.21,outer,2.21,true,false,false
plinko_zone_style,high,10,7,4,4_7,outer,2.21,outer,2.21,true,false,false
plinko_zone_style,high,10,7,5,5_7,outer,2.21,outer,2.21,true,false,false
plinko_zone_style,high,10,7,6,6_7,outer,2.21,outer,2.21,true,false,false
plinko_zone_style,high,10,7,7,7_7,empty,0,empty,0,false,false,false
plinko_zone_style,high,10,7,8,8_7,empty,0,empty,0,false,false,false
plinko_zone_style,high,10,7,9,9_7,empty,0,empty,0,false,false,false
plinko_zone_style,high,10,8,0,0_8,empty,0,empty,0,false,false,false
plinko_zone_style,high,10,8,1,1_8,empty,0,empty,0,false,false,false
plinko_zone_style,high,10,8,2,2_8,empty,0,empty,0,false,false,false
plinko_zone_style,high,10,8,3,3_8,empty,0,empty,0,false,false,false
plinko_zone_style,high,10,8,4,4_8,outer,2.21,outer,2.21,true,false,false
plinko_zone_style,high,10,8,5,5_8,outer,2.21,outer,2.21,true,false,false
plinko_zone_style,high,10,8,6,6_8,empty,0,empty,0,false,false,false
plinko_zone_style,high,10,8,7,7_8,empty,0,empty,0,false,false,false
plinko_zone_style,high,10,8,8,8_8,empty,0,empty,0,false,false,false
plinko_zone_style,high,10,8,9,9_8,empty,0,empty,0,false,false,false
plinko_zone_style,high,10,9,0,0_9,empty,0,empty,0,false,false,false
plinko_zone_style,high,10,9,1,1_9,empty,0,empty,0,false,false,false
plinko_zone_style,high,10,9,2,2_9,empty,0,empty,0,false,false,false
plinko_zone_style,high,10,9,3,3_9,empty,0,empty,0,false,false,false
plinko_zone_style,high,10,9,4,4_9,outer,2.21,outer,2.21,true,false,false
plinko_zone_style,high,10,9,5,5_9,outer,2.21,outer,2.21,true,false,false
plinko_zone_style,high,10,9,6,6_9,empty,0,empty,0,false,false,false
plinko_zone_style,high,10,9,7,7_9,empty,0,empty,0,false,false,false
plinko_zone_style,high,10,9,8,8_9,empty,0,empty,0,false,false,false
plinko_zone_style,high,10,9,9,9_9,empty,0,empty,0,false,false,false
configurator_1,low,5,0,0,0_0,empty,0,empty,0,false,false,false
configurator_1,low,5,0,1,1_0,empty,0,multi_plus,2.4,false,true,false
configurator_1,low,5,0,2,2_0,empty,0,multi_plus,2.4,false,true,false
configurator_1,low,5,0,3,3_0,empty,0,multi_plus,2.4,false,true,false
configurator_1,low,5,0,4,4_0,empty,0,empty,0,false,false,false
configurator_1,low,5,1,0,0_1,empty,0,multi_plus,2.4,false,true,false
configurator_1,low,5,1,1,1_1,outer,1.75,outer,1.75,true,false,false
configurator_1,low,5,1,2,2_1,outer,1.75,outer,1.75,true,false,false
configurator_1,low,5,1,3,3_1,outer,1.75,outer,1.75,true,false,false
configurator_1,low,5,1,4,4_1,empty,0,multi_plus,2.4,false,true,false
configurator_1,low,5,2,0,0_2,empty,0,multi_plus,2.4,false,true,false
configurator_1,low,5,2,1,1_2,outer,1.75,outer,1.75,true,false,false
configurator_1,low,5,2,2,2_2,middle,2.4,middle,2.4,true,false,false
configurator_1,low,5,2,3,3_2,outer,1.75,outer,1.75,true,false,false
configurator_1,low,5,2,4,4_2,empty,0,multi_plus,2.4,false,true,false
configurator_1,low,5,3,0,0_3,empty,0,multi_plus,2.4,false,true,false
configurator_1,low,5,3,1,1_3,outer,1.75,outer,1.75,true,false,false
configurator_1,low,5,3,2,2_3,outer,1.75,outer,1.75,true,false,false
configurator_1,low,5,3,3,3_3,outer,1.75,outer,1.75,true,false,false
configurator_1,low,5,3,4,4_3,empty,0,multi_plus,2.4,false,true,false
configurator_1,low,5,4,0,0_4,empty,0,empty,0,false,false,false
configurator_1,low,5,4,1,1_4,empty,0,multi_plus,2.4,false,true,false
configurator_1,low,5,4,2,2_4,empty,0,multi_plus,2.4,false,true,false
configurator_1,low,5,4,3,3_4,empty,0,multi_plus,2.4,false,true,false
configurator_1,low,5,4,4,4_4,empty,0,empty,0,false,false,false
configurator_1,low,6,0,0,0_0,empty,0,empty,0,false,false,false
configurator_1,low,6,0,1,1_0,empty,0,multi_plus,2,false,true,false
configurator_1,low,6,0,2,2_0,empty,0,multi_plus,2,false,true,false
configurator_1,low,6,0,3,3_0,empty,0,multi_plus,2,false,true,false
configurator_1,low,6,0,4,4_0,empty,0,empty,0,false,false,false
configurator_1,low,6,0,5,5_0,empty,0,empty,0,false,false,false
configurator_1,low,6,1,0,0_1,empty,0,multi_plus,2,false,true,false
configurator_1,low,6,1,1,1_1,outer,1.75,outer,1.75,true,false,false
configurator_1,low,6,1,2,2_1,outer,1.75,outer,1.75,true,false,false
configurator_1,low,6,1,3,3_1,outer,1.75,outer,1.75,true,false,false
configurator_1,low,6,1,4,4_1,empty,0,empty,0,false,false,false
configurator_1,low,6,1,5,5_1,empty,0,empty,0,false,false,false
configurator_1,low,6,2,0,0_2,empty,0,multi_plus,2,false,true,false
configurator_1,low,6,2,1,1_2,outer,1.75,outer,1.75,true,false,false
configurator_1,low,6,2,2,2_2,middle,2,middle,2,true,false,false
configurator_1,low,6,2,3,3_2,outer,1.75,outer,1.75,true,false,false
configurator_1,low,6,2,4,4_2,outer,1.75,outer,1.75,true,false,false
configurator_1,low,6,2,5,5_2,empty,0,multi_plus,2,false,true,false
configurator_1,low,6,3,0,0_3,empty,0,multi_plus,2,false,true,false
configurator_1,low,6,3,1,1_3,outer,1.75,outer,1.75,true,false,false
configurator_1,low,6,3,2,2_3,outer,1.75,outer,1.75,true,false,false
configurator_1,low,6,3,3,3_3,middle,2,middle,2,true,false,false
configurator_1,low,6,3,4,4_3,outer,1.75,outer,1.75,true,false,false
configurator_1,low,6,3,5,5_3,empty,0,multi_plus,2,false,true,false
configurator_1,low,6,4,0,0_4,empty,0,empty,0,false,false,false
configurator_1,low,6,4,1,1_4,empty,0,empty,0,false,false,false
configurator_1,low,6,4,2,2_4,outer,1.75,outer,1.75,true,false,false
configurator_1,low,6,4,3,3_4,outer,1.75,outer,1.75,true,false,false
configurator_1,low,6,4,4,4_4,outer,1.75,outer,1.75,true,false,false
configurator_1,low,6,4,5,5_4,empty,0,multi_plus,2,false,true,false
configurator_1,low,6,5,0,0_5,empty,0,empty,0,false,false,false
configurator_1,low,6,5,1,1_5,empty,0,empty,0,false,false,false
configurator_1,low,6,5,2,2_5,empty,0,multi_plus,2,false,true,false
configurator_1,low,6,5,3,3_5,empty,0,multi_plus,2,false,true,false
configurator_1,low,6,5,4,4_5,empty,0,multi_plus,2,false,true,false
configurator_1,low,6,5,5,5_5,empty,0,empty,0,false,false,false
configurator_1,normal,7,0,0,0_0,empty,0,empty,0,false,false,false
configurator_1,normal,7,0,1,1_0,empty,0,empty,0,false,false,false
configurator_1,normal,7,0,2,2_0,empty,0,multi_plus,2.2,false,true,false
configurator_1,normal,7,0,3,3_0,empty,0,empty,0,false,false,false
configurator_1,normal,7,0,4,4_0,empty,0,empty,0,false,false,false
configurator_1,normal,7,0,5,5_0,empty,0,empty,0,false,false,false
configurator_1,normal,7,0,6,6_0,empty,0,empty,0,false,false,false
configurator_1,normal,7,1,0,0_1,empty,0,empty,0,false,false,false
configurator_1,normal,7,1,1,1_1,empty,0,multi_plus,2.2,false,true,false
configurator_1,normal,7,1,2,2_1,outer,1.4,outer,1.4,true,false,false
configurator_1,normal,7,1,3,3_1,outer,1.4,outer,1.4,true,false,false
configurator_1,normal,7,1,4,4_1,empty,0,multi_plus,2.2,false,true,false
configurator_1,normal,7,1,5,5_1,empty,0,multi_plus,2.2,false,true,false
configurator_1,normal,7,1,6,6_1,empty,0,empty,0,false,false,false
configurator_1,normal,7,2,0,0_2,empty,0,multi_plus,2.2,false,true,false
configurator_1,normal,7,2,1,1_2,outer,1.4,outer,1.4,true,false,false
configurator_1,normal,7,2,2,2_2,middle,2.2,middle,2.2,true,false,false
configurator_1,normal,7,2,3,3_2,middle,2.2,middle,2.2,true,false,false
configurator_1,normal,7,2,4,4_2,middle,2.2,middle,2.2,true,false,false
configurator_1,normal,7,2,5,5_2,empty,0,multi_plus,2.2,false,true,false
configurator_1,normal,7,2,6,6_2,empty,0,empty,0,false,false,false
configurator_1,normal,7,3,0,0_3,empty,0,empty,0,false,false,false
configurator_1,normal,7,3,1,1_3,outer,1.4,outer,1.4,true,false,false
configurator_1,normal,7,3,2,2_3,middle,2.2,middle,2.2,true,false,false
configurator_1,normal,7,3,3,3_3,center,6,center,6,true,false,true
configurator_1,normal,7,3,4,4_3,middle,2.2,middle,2.2,true,false,false
configurator_1,normal,7,3,5,5_3,outer,1.4,outer,1.4,true,false,false
configurator_1,normal,7,3,6,6_3,empty,0,empty,0,false,false,false
configurator_1,normal,7,4,0,0_4,empty,0,empty,0,false,false,false
configurator_1,normal,7,4,1,1_4,empty,0,multi_plus,2.2,false,true,false
configurator_1,normal,7,4,2,2_4,middle,2.2,middle,2.2,true,false,false
configurator_1,normal,7,4,3,3_4,middle,2.2,middle,2.2,true,false,false
configurator_1,normal,7,4,4,4_4,middle,2.2,middle,2.2,true,false,false
configurator_1,normal,7,4,5,5_4,outer,1.4,outer,1.4,true,false,false
configurator_1,normal,7,4,6,6_4,empty,0,multi_plus,2.2,false,true,false
configurator_1,normal,7,5,0,0_5,empty,0,empty,0,false,false,false
configurator_1,normal,7,5,1,1_5,empty,0,multi_plus,2.2,false,true,false
configurator_1,normal,7,5,2,2_5,empty,0,multi_plus,2.2,false,true,false
configurator_1,normal,7,5,3,3_5,outer,1.4,outer,1.4,true,false,false
configurator_1,normal,7,5,4,4_5,outer,1.4,outer,1.4,true,false,false
configurator_1,normal,7,5,5,5_5,empty,0,multi_plus,2.2,false,true,false
configurator_1,normal,7,5,6,6_5,empty,0,empty,0,false,false,false
configurator_1,normal,7,6,0,0_6,empty,0,empty,0,false,false,false
configurator_1,normal,7,6,1,1_6,empty,0,empty,0,false,false,false
configurator_1,normal,7,6,2,2_6,empty,0,empty,0,false,false,false
configurator_1,normal,7,6,3,3_6,empty,0,empty,0,false,false,false
configurator_1,normal,7,6,4,4_6,empty,0,multi_plus,2.2,false,true,false
configurator_1,normal,7,6,5,5_6,empty,0,empty,0,false,false,false
configurator_1,normal,7,6,6,6_6,empty,0,empty,0,false,false,false
configurator_1,normal,8,0,0,0_0,empty,0,empty,0,false,false,false
configurator_1,normal,8,0,1,1_0,empty,0,empty,0,false,false,false
configurator_1,normal,8,0,2,2_0,empty,0,empty,0,false,false,false
configurator_1,normal,8,0,3,3_0,empty,0,empty,0,false,false,false
configurator_1,normal,8,0,4,4_0,empty,0,empty,0,false,false,false
configurator_1,normal,8,0,5,5_0,empty,0,empty,0,false,false,false
configurator_1,normal,8,0,6,6_0,empty,0,empty,0,false,false,false
configurator_1,normal,8,0,7,7_0,empty,0,empty,0,false,false,false
configurator_1,normal,8,1,0,0_1,empty,0,empty,0,false,false,false
configurator_1,normal,8,1,1,1_1,empty,0,empty,0,false,false,false
configurator_1,normal,8,1,2,2_1,empty,0,multi_plus,2.7,false,true,false
configurator_1,normal,8,1,3,3_1,empty,0,multi_plus,2.7,false,true,false
configurator_1,normal,8,1,4,4_1,empty,0,multi_plus,2.7,false,true,false
configurator_1,normal,8,1,5,5_1,empty,0,empty,0,false,false,false
configurator_1,normal,8,1,6,6_1,empty,0,empty,0,false,false,false
configurator_1,normal,8,1,7,7_1,empty,0,empty,0,false,false,false
configurator_1,normal,8,2,0,0_2,empty,0,empty,0,false,false,false
configurator_1,normal,8,2,1,1_2,empty,0,multi_plus,2.7,false,true,false
configurator_1,normal,8,2,2,2_2,outer,1.1,outer,1.1,true,false,false
configurator_1,normal,8,2,3,3_2,middle,2.7,middle,2.7,true,false,false
configurator_1,normal,8,2,4,4_2,middle,2.7,middle,2.7,true,false,false
configurator_1,normal,8,2,5,5_2,outer,1.1,outer,1.1,true,false,false
configurator_1,normal,8,2,6,6_2,empty,0,empty,0,false,false,false
configurator_1,normal,8,2,7,7_2,empty,0,empty,0,false,false,false
configurator_1,normal,8,3,0,0_3,empty,0,empty,0,false,false,false
configurator_1,normal,8,3,1,1_3,empty,0,multi_plus,2.7,false,true,false
configurator_1,normal,8,3,2,2_3,middle,2.7,middle,2.7,true,false,false
configurator_1,normal,8,3,3,3_3,center,9,center,9,true,false,true
configurator_1,normal,8,3,4,4_3,outer,1.1,outer,1.1,true,false,false
configurator_1,normal,8,3,5,5_3,middle,2.7,middle,2.7,true,false,false
configurator_1,normal,8,3,6,6_3,empty,0,multi_plus,2.7,false,true,false
configurator_1,normal,8,3,7,7_3,empty,0,empty,0,false,false,false
configurator_1,normal,8,4,0,0_4,empty,0,empty,0,false,false,false
configurator_1,normal,8,4,1,1_4,empty,0,multi_plus,2.7,false,true,false
configurator_1,normal,8,4,2,2_4,middle,2.7,middle,2.7,true,false,false
configurator_1,normal,8,4,3,3_4,outer,1.1,outer,1.1,true,false,false
configurator_1,normal,8,4,4,4_4,center,9,center,9,true,false,true
configurator_1,normal,8,4,5,5_4,middle,2.7,middle,2.7,true,false,false
configurator_1,normal,8,4,6,6_4,empty,0,multi_plus,2.7,false,true,false
configurator_1,normal,8,4,7,7_4,empty,0,empty,0,false,false,false
configurator_1,normal,8,5,0,0_5,empty,0,empty,0,false,false,false
configurator_1,normal,8,5,1,1_5,empty,0,empty,0,false,false,false
configurator_1,normal,8,5,2,2_5,outer,1.1,outer,1.1,true,false,false
configurator_1,normal,8,5,3,3_5,middle,2.7,middle,2.7,true,false,false
configurator_1,normal,8,5,4,4_5,middle,2.7,middle,2.7,true,false,false
configurator_1,normal,8,5,5,5_5,outer,1.1,outer,1.1,true,false,false
configurator_1,normal,8,5,6,6_5,empty,0,multi_plus,2.7,false,true,false
configurator_1,normal,8,5,7,7_5,empty,0,empty,0,false,false,false
configurator_1,normal,8,6,0,0_6,empty,0,empty,0,false,false,false
configurator_1,normal,8,6,1,1_6,empty,0,empty,0,false,false,false
configurator_1,normal,8,6,2,2_6,empty,0,empty,0,false,false,false
configurator_1,normal,8,6,3,3_6,empty,0,multi_plus,2.7,false,true,false
configurator_1,normal,8,6,4,4_6,empty,0,multi_plus,2.7,false,true,false
configurator_1,normal,8,6,5,5_6,empty,0,multi_plus,2.7,false,true,false
configurator_1,normal,8,6,6,6_6,empty,0,empty,0,false,false,false
configurator_1,normal,8,6,7,7_6,empty,0,empty,0,false,false,false
configurator_1,normal,8,7,0,0_7,empty,0,empty,0,false,false,false
configurator_1,normal,8,7,1,1_7,empty,0,empty,0,false,false,false
configurator_1,normal,8,7,2,2_7,empty,0,empty,0,false,false,false
configurator_1,normal,8,7,3,3_7,empty,0,empty,0,false,false,false
configurator_1,normal,8,7,4,4_7,empty,0,empty,0,false,false,false
configurator_1,normal,8,7,5,5_7,empty,0,empty,0,false,false,false
configurator_1,normal,8,7,6,6_7,empty,0,empty,0,false,false,false
configurator_1,normal,8,7,7,7_7,empty,0,empty,0,false,false,false
configurator_1,high,9,0,0,0_0,empty,0,empty,0,false,false,false
configurator_1,high,9,0,1,1_0,empty,0,empty,0,false,false,false
configurator_1,high,9,0,2,2_0,empty,0,empty,0,false,false,false
configurator_1,high,9,0,3,3_0,empty,0,empty,0,false,false,false
configurator_1,high,9,0,4,4_0,empty,0,empty,0,false,false,false
configurator_1,high,9,0,5,5_0,empty,0,empty,0,false,false,false
configurator_1,high,9,0,6,6_0,empty,0,empty,0,false,false,false
configurator_1,high,9,0,7,7_0,empty,0,empty,0,false,false,false
configurator_1,high,9,0,8,8_0,empty,0,empty,0,false,false,false
configurator_1,high,9,1,0,0_1,empty,0,empty,0,false,false,false
configurator_1,high,9,1,1,1_1,empty,0,empty,0,false,false,false
configurator_1,high,9,1,2,2_1,empty,0,empty,0,false,false,false
configurator_1,high,9,1,3,3_1,empty,0,multi_plus,3.2,false,true,false
configurator_1,high,9,1,4,4_1,empty,0,multi_plus,3.2,false,true,false
configurator_1,high,9,1,5,5_1,empty,0,multi_plus,3.2,false,true,false
configurator_1,high,9,1,6,6_1,empty,0,empty,0,false,false,false
configurator_1,high,9,1,7,7_1,empty,0,empty,0,false,false,false
configurator_1,high,9,1,8,8_1,empty,0,empty,0,false,false,false
configurator_1,high,9,2,0,0_2,empty,0,empty,0,false,false,false
configurator_1,high,9,2,1,1_2,empty,0,empty,0,false,false,false
configurator_1,high,9,2,2,2_2,empty,0,empty,0,false,false,false
configurator_1,high,9,2,3,3_2,outer,1.3,outer,1.3,true,false,false
configurator_1,high,9,2,4,4_2,middle,3.2,middle,3.2,true,false,false
configurator_1,high,9,2,5,5_2,outer,1.3,outer,1.3,true,false,false
configurator_1,high,9,2,6,6_2,empty,0,empty,0,false,false,false
configurator_1,high,9,2,7,7_2,empty,0,empty,0,false,false,false
configurator_1,high,9,2,8,8_2,empty,0,empty,0,false,false,false
configurator_1,high,9,3,0,0_3,empty,0,empty,0,false,false,false
configurator_1,high,9,3,1,1_3,empty,0,multi_plus,3.2,false,true,false
configurator_1,high,9,3,2,2_3,outer,1.3,outer,1.3,true,false,false
configurator_1,high,9,3,3,3_3,middle,3.2,middle,3.2,true,false,false
configurator_1,high,9,3,4,4_3,center,18,center,18,true,false,true
configurator_1,high,9,3,5,5_3,middle,3.2,middle,3.2,true,false,false
configurator_1,high,9,3,6,6_3,outer,1.3,outer,1.3,true,false,false
configurator_1,high,9,3,7,7_3,empty,0,multi_plus,3.2,false,true,false
configurator_1,high,9,3,8,8_3,empty,0,empty,0,false,false,false
configurator_1,high,9,4,0,0_4,empty,0,empty,0,false,false,false
configurator_1,high,9,4,1,1_4,empty,0,multi_plus,3.2,false,true,false
configurator_1,high,9,4,2,2_4,middle,3.2,middle,3.2,true,false,false
configurator_1,high,9,4,3,3_4,center,18,center,18,true,false,true
configurator_1,high,9,4,4,4_4,middle,3.2,middle,3.2,true,false,false
configurator_1,high,9,4,5,5_4,center,18,center,18,true,false,true
configurator_1,high,9,4,6,6_4,middle,3.2,middle,3.2,true,false,false
configurator_1,high,9,4,7,7_4,empty,0,multi_plus,3.2,false,true,false
configurator_1,high,9,4,8,8_4,empty,0,empty,0,false,false,false
configurator_1,high,9,5,0,0_5,empty,0,empty,0,false,false,false
configurator_1,high,9,5,1,1_5,empty,0,multi_plus,3.2,false,true,false
configurator_1,high,9,5,2,2_5,outer,1.3,outer,1.3,true,false,false
configurator_1,high,9,5,3,3_5,middle,3.2,middle,3.2,true,false,false
configurator_1,high,9,5,4,4_5,center,18,center,18,true,false,true
configurator_1,high,9,5,5,5_5,middle,3.2,middle,3.2,true,false,false
configurator_1,high,9,5,6,6_5,outer,1.3,outer,1.3,true,false,false
configurator_1,high,9,5,7,7_5,empty,0,multi_plus,3.2,false,true,false
configurator_1,high,9,5,8,8_5,empty,0,empty,0,false,false,false
configurator_1,high,9,6,0,0_6,empty,0,empty,0,false,false,false
configurator_1,high,9,6,1,1_6,empty,0,empty,0,false,false,false
configurator_1,high,9,6,2,2_6,empty,0,empty,0,false,false,false
configurator_1,high,9,6,3,3_6,outer,1.3,outer,1.3,true,false,false
configurator_1,high,9,6,4,4_6,middle,3.2,middle,3.2,true,false,false
configurator_1,high,9,6,5,5_6,outer,1.3,outer,1.3,true,false,false
configurator_1,high,9,6,6,6_6,empty,0,empty,0,false,false,false
configurator_1,high,9,6,7,7_6,empty,0,empty,0,false,false,false
configurator_1,high,9,6,8,8_6,empty,0,empty,0,false,false,false
configurator_1,high,9,7,0,0_7,empty,0,empty,0,false,false,false
configurator_1,high,9,7,1,1_7,empty,0,empty,0,false,false,false
configurator_1,high,9,7,2,2_7,empty,0,empty,0,false,false,false
configurator_1,high,9,7,3,3_7,empty,0,multi_plus,3.2,false,true,false
configurator_1,high,9,7,4,4_7,empty,0,multi_plus,3.2,false,true,false
configurator_1,high,9,7,5,5_7,empty,0,multi_plus,3.2,false,true,false
configurator_1,high,9,7,6,6_7,empty,0,empty,0,false,false,false
configurator_1,high,9,7,7,7_7,empty,0,empty,0,false,false,false
configurator_1,high,9,7,8,8_7,empty,0,empty,0,false,false,false
configurator_1,high,9,8,0,0_8,empty,0,empty,0,false,false,false
configurator_1,high,9,8,1,1_8,empty,0,empty,0,false,false,false
configurator_1,high,9,8,2,2_8,empty,0,empty,0,false,false,false
configurator_1,high,9,8,3,3_8,empty,0,empty,0,false,false,false
configurator_1,high,9,8,4,4_8,empty,0,empty,0,false,false,false
configurator_1,high,9,8,5,5_8,empty,0,empty,0,false,false,false
configurator_1,high,9,8,6,6_8,empty,0,empty,0,false,false,false
configurator_1,high,9,8,7,7_8,empty,0,empty,0,false,false,false
configurator_1,high,9,8,8,8_8,empty,0,empty,0,false,false,false
configurator_1,high,10,0,0,0_0,empty,0,empty,0,false,false,false
configurator_1,high,10,0,1,1_0,empty,0,empty,0,false,false,false
configurator_1,high,10,0,2,2_0,empty,0,empty,0,false,false,false
configurator_1,high,10,0,3,3_0,empty,0,empty,0,false,false,false
configurator_1,high,10,0,4,4_0,empty,0,empty,0,false,false,false
configurator_1,high,10,0,5,5_0,empty,0,empty,0,false,false,false
configurator_1,high,10,0,6,6_0,empty,0,empty,0,false,false,false
configurator_1,high,10,0,7,7_0,empty,0,empty,0,false,false,false
configurator_1,high,10,0,8,8_0,empty,0,empty,0,false,false,false
configurator_1,high,10,0,9,9_0,empty,0,empty,0,false,false,false
configurator_1,high,10,1,0,0_1,empty,0,empty,0,false,false,false
configurator_1,high,10,1,1,1_1,empty,0,empty,0,false,false,false
configurator_1,high,10,1,2,2_1,empty,0,empty,0,false,false,false
configurator_1,high,10,1,3,3_1,empty,0,empty,0,false,false,false
configurator_1,high,10,1,4,4_1,empty,0,empty,0,false,false,false
configurator_1,high,10,1,5,5_1,empty,0,empty,0,false,false,false
configurator_1,high,10,1,6,6_1,empty,0,empty,0,false,false,false
configurator_1,high,10,1,7,7_1,empty,0,empty,0,false,false,false
configurator_1,high,10,1,8,8_1,empty,0,empty,0,false,false,false
configurator_1,high,10,1,9,9_1,empty,0,empty,0,false,false,false
configurator_1,high,10,2,0,0_2,empty,0,empty,0,false,false,false
configurator_1,high,10,2,1,1_2,empty,0,empty,0,false,false,false
configurator_1,high,10,2,2,2_2,empty,0,multi_plus,3.6,false,true,false
configurator_1,high,10,2,3,3_2,empty,0,multi_plus,3.6,false,true,false
configurator_1,high,10,2,4,4_2,outer,1.3,outer,1.3,true,false,false
configurator_1,high,10,2,5,5_2,outer,1.3,outer,1.3,true,false,false
configurator_1,high,10,2,6,6_2,empty,0,multi_plus,3.6,false,true,false
configurator_1,high,10,2,7,7_2,empty,0,multi_plus,3.6,false,true,false
configurator_1,high,10,2,8,8_2,empty,0,empty,0,false,false,false
configurator_1,high,10,2,9,9_2,empty,0,empty,0,false,false,false
configurator_1,high,10,3,0,0_3,empty,0,empty,0,false,false,false
configurator_1,high,10,3,1,1_3,empty,0,empty,0,false,false,false
configurator_1,high,10,3,2,2_3,empty,0,multi_plus,3.6,false,true,false
configurator_1,high,10,3,3,3_3,middle,3.6,middle,3.6,true,false,false
configurator_1,high,10,3,4,4_3,middle,3.6,middle,3.6,true,false,false
configurator_1,high,10,3,5,5_3,middle,3.6,middle,3.6,true,false,false
configurator_1,high,10,3,6,6_3,middle,3.6,middle,3.6,true,false,false
configurator_1,high,10,3,7,7_3,empty,0,multi_plus,3.6,false,true,false
configurator_1,high,10,3,8,8_3,empty,0,empty,0,false,false,false
configurator_1,high,10,3,9,9_3,empty,0,empty,0,false,false,false
configurator_1,high,10,4,0,0_4,empty,0,empty,0,false,false,false
configurator_1,high,10,4,1,1_4,empty,0,empty,0,false,false,false
configurator_1,high,10,4,2,2_4,outer,1.3,outer,1.3,true,false,false
configurator_1,high,10,4,3,3_4,middle,3.6,middle,3.6,true,false,false
configurator_1,high,10,4,4,4_4,center,30,center,30,true,false,true
configurator_1,high,10,4,5,5_4,center,30,center,30,true,false,true
configurator_1,high,10,4,6,6_4,middle,3.6,middle,3.6,true,false,false
configurator_1,high,10,4,7,7_4,outer,1.3,outer,1.3,true,false,false
configurator_1,high,10,4,8,8_4,empty,0,empty,0,false,false,false
configurator_1,high,10,4,9,9_4,empty,0,empty,0,false,false,false
configurator_1,high,10,5,0,0_5,empty,0,empty,0,false,false,false
configurator_1,high,10,5,1,1_5,empty,0,empty,0,false,false,false
configurator_1,high,10,5,2,2_5,outer,1.3,outer,1.3,true,false,false
configurator_1,high,10,5,3,3_5,middle,3.6,middle,3.6,true,false,false
configurator_1,high,10,5,4,4_5,center,30,center,30,true,false,true
configurator_1,high,10,5,5,5_5,center,30,center,30,true,false,true
configurator_1,high,10,5,6,6_5,middle,3.6,middle,3.6,true,false,false
configurator_1,high,10,5,7,7_5,outer,1.3,outer,1.3,true,false,false
configurator_1,high,10,5,8,8_5,empty,0,empty,0,false,false,false
configurator_1,high,10,5,9,9_5,empty,0,empty,0,false,false,false
configurator_1,high,10,6,0,0_6,empty,0,empty,0,false,false,false
configurator_1,high,10,6,1,1_6,empty,0,empty,0,false,false,false
configurator_1,high,10,6,2,2_6,empty,0,multi_plus,3.6,false,true,false
configurator_1,high,10,6,3,3_6,middle,3.6,middle,3.6,true,false,false
configurator_1,high,10,6,4,4_6,middle,3.6,middle,3.6,true,false,false
configurator_1,high,10,6,5,5_6,middle,3.6,middle,3.6,true,false,false
configurator_1,high,10,6,6,6_6,middle,3.6,middle,3.6,true,false,false
configurator_1,high,10,6,7,7_6,empty,0,multi_plus,3.6,false,true,false
configurator_1,high,10,6,8,8_6,empty,0,empty,0,false,false,false
configurator_1,high,10,6,9,9_6,empty,0,empty,0,false,false,false
configurator_1,high,10,7,0,0_7,empty,0,empty,0,false,false,false
configurator_1,high,10,7,1,1_7,empty,0,empty,0,false,false,false
configurator_1,high,10,7,2,2_7,empty,0,multi_plus,3.6,false,true,false
configurator_1,high,10,7,3,3_7,empty,0,multi_plus,3.6,false,true,false
configurator_1,high,10,7,4,4_7,outer,1.3,outer,1.3,true,false,false
configurator_1,high,10,7,5,5_7,outer,1.3,outer,1.3,true,false,false
configurator_1,high,10,7,6,6_7,empty,0,multi_plus,3.6,false,true,false
configurator_1,high,10,7,7,7_7,empty,0,multi_plus,3.6,false,true,false
configurator_1,high,10,7,8,8_7,empty,0,empty,0,false,false,false
configurator_1,high,10,7,9,9_7,empty,0,empty,0,false,false,false
configurator_1,high,10,8,0,0_8,empty,0,empty,0,false,false,false
configurator_1,high,10,8,1,1_8,empty,0,empty,0,false,false,false
configurator_1,high,10,8,2,2_8,empty,0,empty,0,false,false,false
configurator_1,high,10,8,3,3_8,empty,0,empty,0,false,false,false
configurator_1,high,10,8,4,4_8,empty,0,empty,0,false,false,false
configurator_1,high,10,8,5,5_8,empty,0,empty,0,false,false,false
configurator_1,high,10,8,6,6_8,empty,0,empty,0,false,false,false
configurator_1,high,10,8,7,7_8,empty,0,empty,0,false,false,false
configurator_1,high,10,8,8,8_8,empty,0,empty,0,false,false,false
configurator_1,high,10,8,9,9_8,empty,0,empty,0,false,false,false
configurator_1,high,10,9,0,0_9,empty,0,empty,0,false,false,false
configurator_1,high,10,9,1,1_9,empty,0,empty,0,false,false,false
configurator_1,high,10,9,2,2_9,empty,0,empty,0,false,false,false
configurator_1,high,10,9,3,3_9,empty,0,empty,0,false,false,false
configurator_1,high,10,9,4,4_9,empty,0,empty,0,false,false,false
configurator_1,high,10,9,5,5_9,empty,0,empty,0,false,false,false
configurator_1,high,10,9,6,6_9,empty,0,empty,0,false,false,false
configurator_1,high,10,9,7,7_9,empty,0,empty,0,false,false,false
configurator_1,high,10,9,8,8_9,empty,0,empty,0,false,false,false
configurator_1,high,10,9,9,9_9,empty,0,empty,0,false,false,false
configurator_2,low,5,0,0,0_0,empty,0,empty,0,false,false,false
configurator_2,low,5,0,1,1_0,empty,0,empty,0,false,false,false
configurator_2,low,5,0,2,2_0,empty,0,empty,0,false,false,false
configurator_2,low,5,0,3,3_0,empty,0,empty,0,false,false,false
configurator_2,low,5,0,4,4_0,empty,0,empty,0,false,false,false
configurator_2,low,5,1,0,0_1,empty,0,empty,0,false,false,false
configurator_2,low,5,1,1,1_1,middle,2.4,middle,2.4,true,false,false
configurator_2,low,5,1,2,2_1,middle,2.4,middle,2.4,true,false,false
configurator_2,low,5,1,3,3_1,outer,1.75,outer,1.75,true,false,false
configurator_2,low,5,1,4,4_1,outer,1.75,outer,1.75,true,false,false
configurator_2,low,5,2,0,0_2,empty,0,empty,0,false,false,false
configurator_2,low,5,2,1,1_2,middle,2.4,middle,2.4,true,false,false
configurator_2,low,5,2,2,2_2,middle,2.4,middle,2.4,true,false,false
configurator_2,low,5,2,3,3_2,outer,1.75,outer,1.75,true,false,false
configurator_2,low,5,2,4,4_2,outer,1.75,outer,1.75,true,false,false
configurator_2,low,5,3,0,0_3,empty,0,empty,0,false,false,false
configurator_2,low,5,3,1,1_3,outer,1.75,outer,1.75,true,false,false
configurator_2,low,5,3,2,2_3,outer,1.75,outer,1.75,true,false,false
configurator_2,low,5,3,3,3_3,empty,0,multi_plus,2.4,false,true,false
configurator_2,low,5,3,4,4_3,empty,0,multi_plus,2.4,false,true,false
configurator_2,low,5,4,0,0_4,empty,0,empty,0,false,false,false
configurator_2,low,5,4,1,1_4,outer,1.75,outer,1.75,true,false,false
configurator_2,low,5,4,2,2_4,outer,1.75,outer,1.75,true,false,false
configurator_2,low,5,4,3,3_4,empty,0,multi_plus,2.4,false,true,false
configurator_2,low,5,4,4,4_4,empty,0,multi_plus,2.4,false,true,false
configurator_2,low,6,0,0,0_0,empty,0,empty,0,false,false,false
configurator_2,low,6,0,1,1_0,empty,0,empty,0,false,false,false
configurator_2,low,6,0,2,2_0,empty,0,empty,0,false,false,false
configurator_2,low,6,0,3,3_0,empty,0,empty,0,false,false,false
configurator_2,low,6,0,4,4_0,empty,0,empty,0,false,false,false
configurator_2,low,6,0,5,5_0,empty,0,empty,0,false,false,false
configurator_2,low,6,1,0,0_1,empty,0,empty,0,false,false,false
configurator_2,low,6,1,1,1_1,middle,2,middle,2,true,false,false
configurator_2,low,6,1,2,2_1,middle,2,middle,2,true,false,false
configurator_2,low,6,1,3,3_1,empty,0,empty,0,false,false,false
configurator_2,low,6,1,4,4_1,outer,1.75,outer,1.75,true,false,false
configurator_2,low,6,1,5,5_1,outer,1.75,outer,1.75,true,false,false
configurator_2,low,6,2,0,0_2,empty,0,empty,0,false,false,false
configurator_2,low,6,2,1,1_2,middle,2,middle,2,true,false,false
configurator_2,low,6,2,2,2_2,middle,2,middle,2,true,false,false
configurator_2,low,6,2,3,3_2,empty,0,empty,0,false,false,false
configurator_2,low,6,2,4,4_2,outer,1.75,outer,1.75,true,false,false
configurator_2,low,6,2,5,5_2,outer,1.75,outer,1.75,true,false,false
configurator_2,low,6,3,0,0_3,empty,0,empty,0,false,false,false
configurator_2,low,6,3,1,1_3,empty,0,empty,0,false,false,false
configurator_2,low,6,3,2,2_3,empty,0,empty,0,false,false,false
configurator_2,low,6,3,3,3_3,empty,0,multi_plus,2,false,true,false
configurator_2,low,6,3,4,4_3,empty,0,multi_plus,2,false,true,false
configurator_2,low,6,3,5,5_3,empty,0,empty,0,false,false,false
configurator_2,low,6,4,0,0_4,empty,0,empty,0,false,false,false
configurator_2,low,6,4,1,1_4,outer,1.75,outer,1.75,true,false,false
configurator_2,low,6,4,2,2_4,outer,1.75,outer,1.75,true,false,false
configurator_2,low,6,4,3,3_4,empty,0,multi_plus,2,false,true,false
configurator_2,low,6,4,4,4_4,empty,0,multi_plus,2,false,true,false
configurator_2,low,6,4,5,5_4,empty,0,empty,0,false,false,false
configurator_2,low,6,5,0,0_5,empty,0,empty,0,false,false,false
configurator_2,low,6,5,1,1_5,outer,1.75,outer,1.75,true,false,false
configurator_2,low,6,5,2,2_5,outer,1.75,outer,1.75,true,false,false
configurator_2,low,6,5,3,3_5,empty,0,empty,0,false,false,false
configurator_2,low,6,5,4,4_5,empty,0,empty,0,false,false,false
configurator_2,low,6,5,5,5_5,empty,0,empty,0,false,false,false
configurator_2,normal,7,0,0,0_0,empty,0,empty,0,false,false,false
configurator_2,normal,7,0,1,1_0,empty,0,empty,0,false,false,false
configurator_2,normal,7,0,2,2_0,empty,0,empty,0,false,false,false
configurator_2,normal,7,0,3,3_0,empty,0,empty,0,false,false,false
configurator_2,normal,7,0,4,4_0,empty,0,empty,0,false,false,false
configurator_2,normal,7,0,5,5_0,empty,0,empty,0,false,false,false
configurator_2,normal,7,0,6,6_0,empty,0,empty,0,false,false,false
configurator_2,normal,7,1,0,0_1,empty,0,empty,0,false,false,false
configurator_2,normal,7,1,1,1_1,center,6,center,6,true,false,true
configurator_2,normal,7,1,2,2_1,empty,0,empty,0,false,false,false
configurator_2,normal,7,1,3,3_1,middle,2.2,middle,2.2,true,false,false
configurator_2,normal,7,1,4,4_1,middle,2.2,middle,2.2,true,false,false
configurator_2,normal,7,1,5,5_1,outer,1.4,outer,1.4,true,false,false
configurator_2,normal,7,1,6,6_1,outer,1.4,outer,1.4,true,false,false
configurator_2,normal,7,2,0,0_2,empty,0,empty,0,false,false,false
configurator_2,normal,7,2,1,1_2,empty,0,empty,0,false,false,false
configurator_2,normal,7,2,2,2_2,empty,0,empty,0,false,false,false
configurator_2,normal,7,2,3,3_2,middle,2.2,middle,2.2,true,false,false
configurator_2,normal,7,2,4,4_2,middle,2.2,middle,2.2,true,false,false
configurator_2,normal,7,2,5,5_2,outer,1.4,outer,1.4,true,false,false
configurator_2,normal,7,2,6,6_2,outer,1.4,outer,1.4,true,false,false
configurator_2,normal,7,3,0,0_3,empty,0,empty,0,false,false,false
configurator_2,normal,7,3,1,1_3,middle,2.2,middle,2.2,true,false,false
configurator_2,normal,7,3,2,2_3,middle,2.2,middle,2.2,true,false,false
configurator_2,normal,7,3,3,3_3,empty,0,multi_plus,2.2,false,true,false
configurator_2,normal,7,3,4,4_3,empty,0,multi_plus,2.2,false,true,false
configurator_2,normal,7,3,5,5_3,empty,0,empty,0,false,false,false
configurator_2,normal,7,3,6,6_3,empty,0,empty,0,false,false,false
configurator_2,normal,7,4,0,0_4,empty,0,empty,0,false,false,false
configurator_2,normal,7,4,1,1_4,middle,2.2,middle,2.2,true,false,false
configurator_2,normal,7,4,2,2_4,middle,2.2,middle,2.2,true,false,false
configurator_2,normal,7,4,3,3_4,empty,0,multi_plus,2.2,false,true,false
configurator_2,normal,7,4,4,4_4,empty,0,multi_plus,2.2,false,true,false
configurator_2,normal,7,4,5,5_4,empty,0,empty,0,false,false,false
configurator_2,normal,7,4,6,6_4,empty,0,empty,0,false,false,false
configurator_2,normal,7,5,0,0_5,empty,0,empty,0,false,false,false
configurator_2,normal,7,5,1,1_5,outer,1.4,outer,1.4,true,false,false
configurator_2,normal,7,5,2,2_5,outer,1.4,outer,1.4,true,false,false
configurator_2,normal,7,5,3,3_5,empty,0,empty,0,false,false,false
configurator_2,normal,7,5,4,4_5,empty,0,empty,0,false,false,false
configurator_2,normal,7,5,5,5_5,empty,0,multi_plus,2.2,false,true,false
configurator_2,normal,7,5,6,6_5,empty,0,multi_plus,2.2,false,true,false
configurator_2,normal,7,6,0,0_6,empty,0,empty,0,false,false,false
configurator_2,normal,7,6,1,1_6,outer,1.4,outer,1.4,true,false,false
configurator_2,normal,7,6,2,2_6,outer,1.4,outer,1.4,true,false,false
configurator_2,normal,7,6,3,3_6,empty,0,empty,0,false,false,false
configurator_2,normal,7,6,4,4_6,empty,0,empty,0,false,false,false
configurator_2,normal,7,6,5,5_6,empty,0,multi_plus,2.2,false,true,false
configurator_2,normal,7,6,6,6_6,empty,0,multi_plus,2.2,false,true,false
configurator_2,normal,8,0,0,0_0,empty,0,empty,0,false,false,false
configurator_2,normal,8,0,1,1_0,empty,0,empty,0,false,false,false
configurator_2,normal,8,0,2,2_0,empty,0,empty,0,false,false,false
configurator_2,normal,8,0,3,3_0,empty,0,empty,0,false,false,false
configurator_2,normal,8,0,4,4_0,empty,0,empty,0,false,false,false
configurator_2,normal,8,0,5,5_0,empty,0,empty,0,false,false,false
configurator_2,normal,8,0,6,6_0,empty,0,empty,0,false,false,false
configurator_2,normal,8,0,7,7_0,empty,0,empty,0,false,false,false
configurator_2,normal,8,1,0,0_1,empty,0,empty,0,false,false,false
configurator_2,normal,8,1,1,1_1,center,9,center,9,true,false,true
configurator_2,normal,8,1,2,2_1,empty,0,empty,0,false,false,false
configurator_2,normal,8,1,3,3_1,middle,2.7,middle,2.7,true,false,false
configurator_2,normal,8,1,4,4_1,middle,2.7,middle,2.7,true,false,false
configurator_2,normal,8,1,5,5_1,empty,0,empty,0,false,false,false
configurator_2,normal,8,1,6,6_1,outer,1.1,outer,1.1,true,false,false
configurator_2,normal,8,1,7,7_1,outer,1.1,outer,1.1,true,false,false
configurator_2,normal,8,2,0,0_2,empty,0,empty,0,false,false,false
configurator_2,normal,8,2,1,1_2,empty,0,empty,0,false,false,false
configurator_2,normal,8,2,2,2_2,middle,2.7,middle,2.7,true,false,false
configurator_2,normal,8,2,3,3_2,middle,2.7,middle,2.7,true,false,false
configurator_2,normal,8,2,4,4_2,middle,2.7,middle,2.7,true,false,false
configurator_2,normal,8,2,5,5_2,empty,0,empty,0,false,false,false
configurator_2,normal,8,2,6,6_2,outer,1.1,outer,1.1,true,false,false
configurator_2,normal,8,2,7,7_2,outer,1.1,outer,1.1,true,false,false
configurator_2,normal,8,3,0,0_3,empty,0,empty,0,false,false,false
configurator_2,normal,8,3,1,1_3,middle,2.7,middle,2.7,true,false,false
configurator_2,normal,8,3,2,2_3,middle,2.7,middle,2.7,true,false,false
configurator_2,normal,8,3,3,3_3,empty,0,empty,0,false,false,false
configurator_2,normal,8,3,4,4_3,empty,0,empty,0,false,false,false
configurator_2,normal,8,3,5,5_3,empty,0,empty,0,false,false,false
configurator_2,normal,8,3,6,6_3,empty,0,empty,0,false,false,false
configurator_2,normal,8,3,7,7_3,empty,0,empty,0,false,false,false
configurator_2,normal,8,4,0,0_4,empty,0,empty,0,false,false,false
configurator_2,normal,8,4,1,1_4,middle,2.7,middle,2.7,true,false,false
configurator_2,normal,8,4,2,2_4,middle,2.7,middle,2.7,true,false,false
configurator_2,normal,8,4,3,3_4,empty,0,empty,0,false,false,false
configurator_2,normal,8,4,4,4_4,empty,0,multi_plus,2.7,false,true,false
configurator_2,normal,8,4,5,5_4,empty,0,multi_plus,2.7,false,true,false
configurator_2,normal,8,4,6,6_4,empty,0,empty,0,false,false,false
configurator_2,normal,8,4,7,7_4,empty,0,empty,0,false,false,false
configurator_2,normal,8,5,0,0_5,empty,0,empty,0,false,false,false
configurator_2,normal,8,5,1,1_5,empty,0,empty,0,false,false,false
configurator_2,normal,8,5,2,2_5,empty,0,empty,0,false,false,false
configurator_2,normal,8,5,3,3_5,empty,0,empty,0,false,false,false
configurator_2,normal,8,5,4,4_5,empty,0,multi_plus,2.7,false,true,false
configurator_2,normal,8,5,5,5_5,empty,0,multi_plus,2.7,false,true,false
configurator_2,normal,8,5,6,6_5,empty,0,empty,0,false,false,false
configurator_2,normal,8,5,7,7_5,empty,0,empty,0,false,false,false
configurator_2,normal,8,6,0,0_6,empty,0,empty,0,false,false,false
configurator_2,normal,8,6,1,1_6,outer,1.1,outer,1.1,true,false,false
configurator_2,normal,8,6,2,2_6,outer,1.1,outer,1.1,true,false,false
configurator_2,normal,8,6,3,3_6,empty,0,empty,0,false,false,false
configurator_2,normal,8,6,4,4_6,empty,0,empty,0,false,false,false
configurator_2,normal,8,6,5,5_6,empty,0,empty,0,false,false,false
configurator_2,normal,8,6,6,6_6,empty,0,multi_plus,2.7,false,true,false
configurator_2,normal,8,6,7,7_6,empty,0,multi_plus,2.7,false,true,false
configurator_2,normal,8,7,0,0_7,empty,0,empty,0,false,false,false
configurator_2,normal,8,7,1,1_7,outer,1.1,outer,1.1,true,false,false
configurator_2,normal,8,7,2,2_7,outer,1.1,outer,1.1,true,false,false
configurator_2,normal,8,7,3,3_7,empty,0,empty,0,false,false,false
configurator_2,normal,8,7,4,4_7,empty,0,empty,0,false,false,false
configurator_2,normal,8,7,5,5_7,empty,0,empty,0,false,false,false
configurator_2,normal,8,7,6,6_7,empty,0,multi_plus,2.7,false,true,false
configurator_2,normal,8,7,7,7_7,empty,0,multi_plus,2.7,false,true,false
configurator_2,high,9,0,0,0_0,empty,0,empty,0,false,false,false
configurator_2,high,9,0,1,1_0,empty,0,empty,0,false,false,false
configurator_2,high,9,0,2,2_0,empty,0,empty,0,false,false,false
configurator_2,high,9,0,3,3_0,empty,0,empty,0,false,false,false
configurator_2,high,9,0,4,4_0,empty,0,empty,0,false,false,false
configurator_2,high,9,0,5,5_0,empty,0,empty,0,false,false,false
configurator_2,high,9,0,6,6_0,empty,0,empty,0,false,false,false
configurator_2,high,9,0,7,7_0,empty,0,empty,0,false,false,false
configurator_2,high,9,0,8,8_0,empty,0,empty,0,false,false,false
configurator_2,high,9,1,0,0_1,empty,0,empty,0,false,false,false
configurator_2,high,9,1,1,1_1,center,18,center,18,true,false,true
configurator_2,high,9,1,2,2_1,center,18,center,18,true,false,true
configurator_2,high,9,1,3,3_1,empty,0,empty,0,false,false,false
configurator_2,high,9,1,4,4_1,middle,3.2,middle,3.2,true,false,false
configurator_2,high,9,1,5,5_1,middle,3.2,middle,3.2,true,false,false
configurator_2,high,9,1,6,6_1,empty,0,empty,0,false,false,false
configurator_2,high,9,1,7,7_1,outer,1.3,outer,1.3,true,false,false
configurator_2,high,9,1,8,8_1,outer,1.3,outer,1.3,true,false,false
configurator_2,high,9,2,0,0_2,empty,0,empty,0,false,false,false
configurator_2,high,9,2,1,1_2,center,18,center,18,true,false,true
configurator_2,high,9,2,2,2_2,center,18,center,18,true,false,true
configurator_2,high,9,2,3,3_2,empty,0,empty,0,false,false,false
configurator_2,high,9,2,4,4_2,middle,3.2,middle,3.2,true,false,false
configurator_2,high,9,2,5,5_2,middle,3.2,middle,3.2,true,false,false
configurator_2,high,9,2,6,6_2,empty,0,empty,0,false,false,false
configurator_2,high,9,2,7,7_2,outer,1.3,outer,1.3,true,false,false
configurator_2,high,9,2,8,8_2,outer,1.3,outer,1.3,true,false,false
configurator_2,high,9,3,0,0_3,empty,0,empty,0,false,false,false
configurator_2,high,9,3,1,1_3,empty,0,empty,0,false,false,false
configurator_2,high,9,3,2,2_3,empty,0,empty,0,false,false,false
configurator_2,high,9,3,3,3_3,empty,0,multi_plus,3.2,false,true,false
configurator_2,high,9,3,4,4_3,empty,0,multi_plus,3.2,false,true,false
configurator_2,high,9,3,5,5_3,empty,0,empty,0,false,false,false
configurator_2,high,9,3,6,6_3,empty,0,empty,0,false,false,false
configurator_2,high,9,3,7,7_3,empty,0,empty,0,false,false,false
configurator_2,high,9,3,8,8_3,empty,0,empty,0,false,false,false
configurator_2,high,9,4,0,0_4,empty,0,empty,0,false,false,false
configurator_2,high,9,4,1,1_4,middle,3.2,middle,3.2,true,false,false
configurator_2,high,9,4,2,2_4,middle,3.2,middle,3.2,true,false,false
configurator_2,high,9,4,3,3_4,empty,0,multi_plus,3.2,false,true,false
configurator_2,high,9,4,4,4_4,empty,0,multi_plus,3.2,false,true,false
configurator_2,high,9,4,5,5_4,empty,0,empty,0,false,false,false
configurator_2,high,9,4,6,6_4,empty,0,empty,0,false,false,false
configurator_2,high,9,4,7,7_4,empty,0,empty,0,false,false,false
configurator_2,high,9,4,8,8_4,empty,0,empty,0,false,false,false
configurator_2,high,9,5,0,0_5,empty,0,empty,0,false,false,false
configurator_2,high,9,5,1,1_5,middle,3.2,middle,3.2,true,false,false
configurator_2,high,9,5,2,2_5,middle,3.2,middle,3.2,true,false,false
configurator_2,high,9,5,3,3_5,empty,0,empty,0,false,false,false
configurator_2,high,9,5,4,4_5,empty,0,empty,0,false,false,false
configurator_2,high,9,5,5,5_5,empty,0,multi_plus,3.2,false,true,false
configurator_2,high,9,5,6,6_5,empty,0,multi_plus,3.2,false,true,false
configurator_2,high,9,5,7,7_5,empty,0,empty,0,false,false,false
configurator_2,high,9,5,8,8_5,empty,0,empty,0,false,false,false
configurator_2,high,9,6,0,0_6,empty,0,empty,0,false,false,false
configurator_2,high,9,6,1,1_6,empty,0,empty,0,false,false,false
configurator_2,high,9,6,2,2_6,empty,0,empty,0,false,false,false
configurator_2,high,9,6,3,3_6,empty,0,empty,0,false,false,false
configurator_2,high,9,6,4,4_6,empty,0,empty,0,false,false,false
configurator_2,high,9,6,5,5_6,empty,0,multi_plus,3.2,false,true,false
configurator_2,high,9,6,6,6_6,empty,0,multi_plus,3.2,false,true,false
configurator_2,high,9,6,7,7_6,empty,0,empty,0,false,false,false
configurator_2,high,9,6,8,8_6,empty,0,empty,0,false,false,false
configurator_2,high,9,7,0,0_7,empty,0,empty,0,false,false,false
configurator_2,high,9,7,1,1_7,outer,1.3,outer,1.3,true,false,false
configurator_2,high,9,7,2,2_7,outer,1.3,outer,1.3,true,false,false
configurator_2,high,9,7,3,3_7,empty,0,empty,0,false,false,false
configurator_2,high,9,7,4,4_7,empty,0,empty,0,false,false,false
configurator_2,high,9,7,5,5_7,empty,0,empty,0,false,false,false
configurator_2,high,9,7,6,6_7,empty,0,multi_plus,3.2,false,true,false
configurator_2,high,9,7,7,7_7,empty,0,multi_plus,3.2,false,true,false
configurator_2,high,9,7,8,8_7,empty,0,empty,0,false,false,false
configurator_2,high,9,8,0,0_8,empty,0,empty,0,false,false,false
configurator_2,high,9,8,1,1_8,outer,1.3,outer,1.3,true,false,false
configurator_2,high,9,8,2,2_8,outer,1.3,outer,1.3,true,false,false
configurator_2,high,9,8,3,3_8,empty,0,empty,0,false,false,false
configurator_2,high,9,8,4,4_8,empty,0,empty,0,false,false,false
configurator_2,high,9,8,5,5_8,empty,0,empty,0,false,false,false
configurator_2,high,9,8,6,6_8,empty,0,multi_plus,3.2,false,true,false
configurator_2,high,9,8,7,7_8,empty,0,multi_plus,3.2,false,true,false
configurator_2,high,9,8,8,8_8,empty,0,empty,0,false,false,false
configurator_2,high,10,0,0,0_0,empty,0,empty,0,false,false,false
configurator_2,high,10,0,1,1_0,empty,0,empty,0,false,false,false
configurator_2,high,10,0,2,2_0,empty,0,empty,0,false,false,false
configurator_2,high,10,0,3,3_0,empty,0,empty,0,false,false,false
configurator_2,high,10,0,4,4_0,empty,0,empty,0,false,false,false
configurator_2,high,10,0,5,5_0,empty,0,empty,0,false,false,false
configurator_2,high,10,0,6,6_0,empty,0,empty,0,false,false,false
configurator_2,high,10,0,7,7_0,empty,0,empty,0,false,false,false
configurator_2,high,10,0,8,8_0,empty,0,empty,0,false,false,false
configurator_2,high,10,0,9,9_0,empty,0,empty,0,false,false,false
configurator_2,high,10,1,0,0_1,empty,0,empty,0,false,false,false
configurator_2,high,10,1,1,1_1,center,30,center,30,true,false,true
configurator_2,high,10,1,2,2_1,center,30,center,30,true,false,true
configurator_2,high,10,1,3,3_1,empty,0,empty,0,false,false,false
configurator_2,high,10,1,4,4_1,empty,0,empty,0,false,false,false
configurator_2,high,10,1,5,5_1,middle,3.6,middle,3.6,true,false,false
configurator_2,high,10,1,6,6_1,middle,3.6,middle,3.6,true,false,false
configurator_2,high,10,1,7,7_1,empty,0,empty,0,false,false,false
configurator_2,high,10,1,8,8_1,outer,1.3,outer,1.3,true,false,false
configurator_2,high,10,1,9,9_1,outer,1.3,outer,1.3,true,false,false
configurator_2,high,10,2,0,0_2,empty,0,empty,0,false,false,false
configurator_2,high,10,2,1,1_2,center,30,center,30,true,false,true
configurator_2,high,10,2,2,2_2,center,30,center,30,true,false,true
configurator_2,high,10,2,3,3_2,empty,0,empty,0,false,false,false
configurator_2,high,10,2,4,4_2,empty,0,empty,0,false,false,false
configurator_2,high,10,2,5,5_2,middle,3.6,middle,3.6,true,false,false
configurator_2,high,10,2,6,6_2,middle,3.6,middle,3.6,true,false,false
configurator_2,high,10,2,7,7_2,empty,0,empty,0,false,false,false
configurator_2,high,10,2,8,8_2,outer,1.3,outer,1.3,true,false,false
configurator_2,high,10,2,9,9_2,outer,1.3,outer,1.3,true,false,false
configurator_2,high,10,3,0,0_3,empty,0,empty,0,false,false,false
configurator_2,high,10,3,1,1_3,empty,0,empty,0,false,false,false
configurator_2,high,10,3,2,2_3,empty,0,empty,0,false,false,false
configurator_2,high,10,3,3,3_3,empty,0,empty,0,false,false,false
configurator_2,high,10,3,4,4_3,empty,0,empty,0,false,false,false
configurator_2,high,10,3,5,5_3,empty,0,empty,0,false,false,false
configurator_2,high,10,3,6,6_3,empty,0,empty,0,false,false,false
configurator_2,high,10,3,7,7_3,empty,0,empty,0,false,false,false
configurator_2,high,10,3,8,8_3,empty,0,empty,0,false,false,false
configurator_2,high,10,3,9,9_3,empty,0,empty,0,false,false,false
configurator_2,high,10,4,0,0_4,empty,0,empty,0,false,false,false
configurator_2,high,10,4,1,1_4,empty,0,empty,0,false,false,false
configurator_2,high,10,4,2,2_4,empty,0,empty,0,false,false,false
configurator_2,high,10,4,3,3_4,empty,0,empty,0,false,false,false
configurator_2,high,10,4,4,4_4,empty,0,multi_plus,3.6,false,true,false
configurator_2,high,10,4,5,5_4,empty,0,multi_plus,3.6,false,true,false
configurator_2,high,10,4,6,6_4,empty,0,empty,0,false,false,false
configurator_2,high,10,4,7,7_4,empty,0,empty,0,false,false,false
configurator_2,high,10,4,8,8_4,empty,0,empty,0,false,false,false
configurator_2,high,10,4,9,9_4,empty,0,empty,0,false,false,false
configurator_2,high,10,5,0,0_5,empty,0,empty,0,false,false,false
configurator_2,high,10,5,1,1_5,middle,3.6,middle,3.6,true,false,false
configurator_2,high,10,5,2,2_5,middle,3.6,middle,3.6,true,false,false
configurator_2,high,10,5,3,3_5,empty,0,empty,0,false,false,false
configurator_2,high,10,5,4,4_5,empty,0,multi_plus,3.6,false,true,false
configurator_2,high,10,5,5,5_5,empty,0,multi_plus,3.6,false,true,false
configurator_2,high,10,5,6,6_5,empty,0,empty,0,false,false,false
configurator_2,high,10,5,7,7_5,empty,0,empty,0,false,false,false
configurator_2,high,10,5,8,8_5,empty,0,empty,0,false,false,false
configurator_2,high,10,5,9,9_5,empty,0,empty,0,false,false,false
configurator_2,high,10,6,0,0_6,empty,0,empty,0,false,false,false
configurator_2,high,10,6,1,1_6,middle,3.6,middle,3.6,true,false,false
configurator_2,high,10,6,2,2_6,middle,3.6,middle,3.6,true,false,false
configurator_2,high,10,6,3,3_6,empty,0,empty,0,false,false,false
configurator_2,high,10,6,4,4_6,empty,0,empty,0,false,false,false
configurator_2,high,10,6,5,5_6,empty,0,empty,0,false,false,false
configurator_2,high,10,6,6,6_6,empty,0,multi_plus,3.6,false,true,false
configurator_2,high,10,6,7,7_6,empty,0,multi_plus,3.6,false,true,false
configurator_2,high,10,6,8,8_6,empty,0,empty,0,false,false,false
configurator_2,high,10,6,9,9_6,empty,0,empty,0,false,false,false
configurator_2,high,10,7,0,0_7,empty,0,empty,0,false,false,false
configurator_2,high,10,7,1,1_7,empty,0,empty,0,false,false,false
configurator_2,high,10,7,2,2_7,empty,0,empty,0,false,false,false
configurator_2,high,10,7,3,3_7,empty,0,empty,0,false,false,false
configurator_2,high,10,7,4,4_7,empty,0,empty,0,false,false,false
configurator_2,high,10,7,5,5_7,empty,0,empty,0,false,false,false
configurator_2,high,10,7,6,6_7,empty,0,multi_plus,3.6,false,true,false
configurator_2,high,10,7,7,7_7,empty,0,multi_plus,3.6,false,true,false
configurator_2,high,10,7,8,8_7,empty,0,empty,0,false,false,false
configurator_2,high,10,7,9,9_7,empty,0,empty,0,false,false,false
configurator_2,high,10,8,0,0_8,empty,0,empty,0,false,false,false
configurator_2,high,10,8,1,1_8,outer,1.3,outer,1.3,true,false,false
configurator_2,high,10,8,2,2_8,outer,1.3,outer,1.3,true,false,false
configurator_2,high,10,8,3,3_8,empty,0,empty,0,false,false,false
configurator_2,high,10,8,4,4_8,empty,0,empty,0,false,false,false
configurator_2,high,10,8,5,5_8,empty,0,empty,0,false,false,false
configurator_2,high,10,8,6,6_8,empty,0,empty,0,false,false,false
configurator_2,high,10,8,7,7_8,empty,0,multi_plus,3.6,false,true,false
configurator_2,high,10,8,8,8_8,empty,0,multi_plus,3.6,false,true,false
configurator_2,high,10,8,9,9_8,empty,0,empty,0,false,false,false
configurator_2,high,10,9,0,0_9,empty,0,empty,0,false,false,false
configurator_2,high,10,9,1,1_9,outer,1.3,outer,1.3,true,false,false
configurator_2,high,10,9,2,2_9,outer,1.3,outer,1.3,true,false,false
configurator_2,high,10,9,3,3_9,empty,0,empty,0,false,false,false
configurator_2,high,10,9,4,4_9,empty,0,empty,0,false,false,false
configurator_2,high,10,9,5,5_9,empty,0,empty,0,false,false,false
configurator_2,high,10,9,6,6_9,empty,0,empty,0,false,false,false
configurator_2,high,10,9,7,7_9,empty,0,multi_plus,3.6,false,true,false
configurator_2,high,10,9,8,8_9,empty,0,multi_plus,3.6,false,true,false
configurator_2,high,10,9,9,9_9,empty,0,empty,0,false,false,false
configurator_3,low,5,0,0,0_0,outer,1.75,outer,1.75,true,false,false
configurator_3,low,5,0,1,1_0,empty,0,empty,0,false,false,false
configurator_3,low,5,0,2,2_0,empty,0,empty,0,false,false,false
configurator_3,low,5,0,3,3_0,empty,0,empty,0,false,false,false
configurator_3,low,5,0,4,4_0,outer,1.75,outer,1.75,true,false,false
configurator_3,low,5,1,0,0_1,empty,0,empty,0,false,false,false
configurator_3,low,5,1,1,1_1,outer,1.75,outer,1.75,true,false,false
configurator_3,low,5,1,2,2_1,empty,0,multi_plus,2.4,false,true,false
configurator_3,low,5,1,3,3_1,middle,2.4,middle,2.4,true,false,false
configurator_3,low,5,1,4,4_1,empty,0,empty,0,false,false,false
configurator_3,low,5,2,0,0_2,empty,0,empty,0,false,false,false
configurator_3,low,5,2,1,1_2,empty,0,multi_plus,2.4,false,true,false
configurator_3,low,5,2,2,2_2,middle,2.4,middle,2.4,true,false,false
configurator_3,low,5,2,3,3_2,empty,0,multi_plus,2.4,false,true,false
configurator_3,low,5,2,4,4_2,empty,0,empty,0,false,false,false
configurator_3,low,5,3,0,0_3,empty,0,empty,0,false,false,false
configurator_3,low,5,3,1,1_3,middle,2.4,middle,2.4,true,false,false
configurator_3,low,5,3,2,2_3,empty,0,multi_plus,2.4,false,true,false
configurator_3,low,5,3,3,3_3,outer,1.75,outer,1.75,true,false,false
configurator_3,low,5,3,4,4_3,empty,0,empty,0,false,false,false
configurator_3,low,5,4,0,0_4,outer,1.75,outer,1.75,true,false,false
configurator_3,low,5,4,1,1_4,empty,0,empty,0,false,false,false
configurator_3,low,5,4,2,2_4,empty,0,empty,0,false,false,false
configurator_3,low,5,4,3,3_4,empty,0,empty,0,false,false,false
configurator_3,low,5,4,4,4_4,outer,1.75,outer,1.75,true,false,false
configurator_3,low,6,0,0,0_0,outer,1.75,outer,1.75,true,false,false
configurator_3,low,6,0,1,1_0,empty,0,empty,0,false,false,false
configurator_3,low,6,0,2,2_0,empty,0,empty,0,false,false,false
configurator_3,low,6,0,3,3_0,empty,0,empty,0,false,false,false
configurator_3,low,6,0,4,4_0,empty,0,empty,0,false,false,false
configurator_3,low,6,0,5,5_0,outer,1.75,outer,1.75,true,false,false
configurator_3,low,6,1,0,0_1,empty,0,empty,0,false,false,false
configurator_3,low,6,1,1,1_1,outer,1.75,outer,1.75,true,false,false
configurator_3,low,6,1,2,2_1,empty,0,multi_plus,2,false,true,false
configurator_3,low,6,1,3,3_1,empty,0,multi_plus,2,false,true,false
configurator_3,low,6,1,4,4_1,middle,2,middle,2,true,false,false
configurator_3,low,6,1,5,5_1,empty,0,empty,0,false,false,false
configurator_3,low,6,2,0,0_2,empty,0,empty,0,false,false,false
configurator_3,low,6,2,1,1_2,empty,0,multi_plus,2,false,true,false
configurator_3,low,6,2,2,2_2,middle,2,middle,2,true,false,false
configurator_3,low,6,2,3,3_2,middle,2,middle,2,true,false,false
configurator_3,low,6,2,4,4_2,empty,0,multi_plus,2,false,true,false
configurator_3,low,6,2,5,5_2,empty,0,empty,0,false,false,false
configurator_3,low,6,3,0,0_3,empty,0,empty,0,false,false,false
configurator_3,low,6,3,1,1_3,empty,0,multi_plus,2,false,true,false
configurator_3,low,6,3,2,2_3,middle,2,middle,2,true,false,false
configurator_3,low,6,3,3,3_3,middle,2,middle,2,true,false,false
configurator_3,low,6,3,4,4_3,empty,0,multi_plus,2,false,true,false
configurator_3,low,6,3,5,5_3,empty,0,empty,0,false,false,false
configurator_3,low,6,4,0,0_4,empty,0,empty,0,false,false,false
configurator_3,low,6,4,1,1_4,middle,2,middle,2,true,false,false
configurator_3,low,6,4,2,2_4,empty,0,multi_plus,2,false,true,false
configurator_3,low,6,4,3,3_4,empty,0,multi_plus,2,false,true,false
configurator_3,low,6,4,4,4_4,outer,1.75,outer,1.75,true,false,false
configurator_3,low,6,4,5,5_4,empty,0,empty,0,false,false,false
configurator_3,low,6,5,0,0_5,outer,1.75,outer,1.75,true,false,false
configurator_3,low,6,5,1,1_5,empty,0,empty,0,false,false,false
configurator_3,low,6,5,2,2_5,empty,0,empty,0,false,false,false
configurator_3,low,6,5,3,3_5,empty,0,empty,0,false,false,false
configurator_3,low,6,5,4,4_5,empty,0,empty,0,false,false,false
configurator_3,low,6,5,5,5_5,outer,1.75,outer,1.75,true,false,false
configurator_3,normal,7,0,0,0_0,outer,1.4,outer,1.4,true,false,false
configurator_3,normal,7,0,1,1_0,empty,0,empty,0,false,false,false
configurator_3,normal,7,0,2,2_0,empty,0,empty,0,false,false,false
configurator_3,normal,7,0,3,3_0,empty,0,empty,0,false,false,false
configurator_3,normal,7,0,4,4_0,empty,0,empty,0,false,false,false
configurator_3,normal,7,0,5,5_0,empty,0,empty,0,false,false,false
configurator_3,normal,7,0,6,6_0,outer,1.4,outer,1.4,true,false,false
configurator_3,normal,7,1,0,0_1,empty,0,empty,0,false,false,false
configurator_3,normal,7,1,1,1_1,outer,1.4,outer,1.4,true,false,false
configurator_3,normal,7,1,2,2_1,empty,0,multi_plus,2.2,false,true,false
configurator_3,normal,7,1,3,3_1,empty,0,empty,0,false,false,false
configurator_3,normal,7,1,4,4_1,empty,0,multi_plus,2.2,false,true,false
configurator_3,normal,7,1,5,5_1,outer,1.4,outer,1.4,true,false,false
configurator_3,normal,7,1,6,6_1,empty,0,empty,0,false,false,false
configurator_3,normal,7,2,0,0_2,empty,0,empty,0,false,false,false
configurator_3,normal,7,2,1,1_2,empty,0,multi_plus,2.2,false,true,false
configurator_3,normal,7,2,2,2_2,middle,2.2,middle,2.2,true,false,false
configurator_3,normal,7,2,3,3_2,middle,2.2,middle,2.2,true,false,false
configurator_3,normal,7,2,4,4_2,middle,2.2,middle,2.2,true,false,false
configurator_3,normal,7,2,5,5_2,empty,0,multi_plus,2.2,false,true,false
configurator_3,normal,7,2,6,6_2,empty,0,empty,0,false,false,false
configurator_3,normal,7,3,0,0_3,empty,0,empty,0,false,false,false
configurator_3,normal,7,3,1,1_3,empty,0,empty,0,false,false,false
configurator_3,normal,7,3,2,2_3,middle,2.2,middle,2.2,true,false,false
configurator_3,normal,7,3,3,3_3,center,6,center,6,true,false,true
configurator_3,normal,7,3,4,4_3,middle,2.2,middle,2.2,true,false,false
configurator_3,normal,7,3,5,5_3,empty,0,empty,0,false,false,false
configurator_3,normal,7,3,6,6_3,empty,0,empty,0,false,false,false
configurator_3,normal,7,4,0,0_4,empty,0,empty,0,false,false,false
configurator_3,normal,7,4,1,1_4,empty,0,multi_plus,2.2,false,true,false
configurator_3,normal,7,4,2,2_4,middle,2.2,middle,2.2,true,false,false
configurator_3,normal,7,4,3,3_4,middle,2.2,middle,2.2,true,false,false
configurator_3,normal,7,4,4,4_4,middle,2.2,middle,2.2,true,false,false
configurator_3,normal,7,4,5,5_4,empty,0,multi_plus,2.2,false,true,false
configurator_3,normal,7,4,6,6_4,empty,0,empty,0,false,false,false
configurator_3,normal,7,5,0,0_5,empty,0,empty,0,false,false,false
configurator_3,normal,7,5,1,1_5,outer,1.4,outer,1.4,true,false,false
configurator_3,normal,7,5,2,2_5,empty,0,multi_plus,2.2,false,true,false
configurator_3,normal,7,5,3,3_5,empty,0,empty,0,false,false,false
configurator_3,normal,7,5,4,4_5,empty,0,multi_plus,2.2,false,true,false
configurator_3,normal,7,5,5,5_5,outer,1.4,outer,1.4,true,false,false
configurator_3,normal,7,5,6,6_5,empty,0,empty,0,false,false,false
configurator_3,normal,7,6,0,0_6,outer,1.4,outer,1.4,true,false,false
configurator_3,normal,7,6,1,1_6,empty,0,empty,0,false,false,false
configurator_3,normal,7,6,2,2_6,empty,0,empty,0,false,false,false
configurator_3,normal,7,6,3,3_6,empty,0,empty,0,false,false,false
configurator_3,normal,7,6,4,4_6,empty,0,empty,0,false,false,false
configurator_3,normal,7,6,5,5_6,empty,0,empty,0,false,false,false
configurator_3,normal,7,6,6,6_6,outer,1.4,outer,1.4,true,false,false
configurator_3,normal,8,0,0,0_0,empty,0,empty,0,false,false,false
configurator_3,normal,8,0,1,1_0,empty,0,empty,0,false,false,false
configurator_3,normal,8,0,2,2_0,empty,0,empty,0,false,false,false
configurator_3,normal,8,0,3,3_0,empty,0,empty,0,false,false,false
configurator_3,normal,8,0,4,4_0,empty,0,empty,0,false,false,false
configurator_3,normal,8,0,5,5_0,empty,0,empty,0,false,false,false
configurator_3,normal,8,0,6,6_0,empty,0,empty,0,false,false,false
configurator_3,normal,8,0,7,7_0,empty,0,empty,0,false,false,false
configurator_3,normal,8,1,0,0_1,empty,0,empty,0,false,false,false
configurator_3,normal,8,1,1,1_1,outer,1.1,outer,1.1,true,false,false
configurator_3,normal,8,1,2,2_1,empty,0,multi_plus,2.7,false,true,false
configurator_3,normal,8,1,3,3_1,empty,0,empty,0,false,false,false
configurator_3,normal,8,1,4,4_1,empty,0,empty,0,false,false,false
configurator_3,normal,8,1,5,5_1,empty,0,multi_plus,2.7,false,true,false
configurator_3,normal,8,1,6,6_1,outer,1.1,outer,1.1,true,false,false
configurator_3,normal,8,1,7,7_1,empty,0,empty,0,false,false,false
configurator_3,normal,8,2,0,0_2,empty,0,empty,0,false,false,false
configurator_3,normal,8,2,1,1_2,empty,0,multi_plus,2.7,false,true,false
configurator_3,normal,8,2,2,2_2,middle,2.7,middle,2.7,true,false,false
configurator_3,normal,8,2,3,3_2,outer,1.1,outer,1.1,true,false,false
configurator_3,normal,8,2,4,4_2,outer,1.1,outer,1.1,true,false,false
configurator_3,normal,8,2,5,5_2,middle,2.7,middle,2.7,true,false,false
configurator_3,normal,8,2,6,6_2,empty,0,multi_plus,2.7,false,true,false
configurator_3,normal,8,2,7,7_2,empty,0,empty,0,false,false,false
configurator_3,normal,8,3,0,0_3,empty,0,empty,0,false,false,false
configurator_3,normal,8,3,1,1_3,empty,0,empty,0,false,false,false
configurator_3,normal,8,3,2,2_3,outer,1.1,outer,1.1,true,false,false
configurator_3,normal,8,3,3,3_3,middle,2.7,middle,2.7,true,false,false
configurator_3,normal,8,3,4,4_3,center,9,center,9,true,false,true
configurator_3,normal,8,3,5,5_3,outer,1.1,outer,1.1,true,false,false
configurator_3,normal,8,3,6,6_3,empty,0,empty,0,false,false,false
configurator_3,normal,8,3,7,7_3,empty,0,empty,0,false,false,false
configurator_3,normal,8,4,0,0_4,empty,0,empty,0,false,false,false
configurator_3,normal,8,4,1,1_4,empty,0,empty,0,false,false,false
configurator_3,normal,8,4,2,2_4,outer,1.1,outer,1.1,true,false,false
configurator_3,normal,8,4,3,3_4,center,9,center,9,true,false,true
configurator_3,normal,8,4,4,4_4,middle,2.7,middle,2.7,true,false,false
configurator_3,normal,8,4,5,5_4,outer,1.1,outer,1.1,true,false,false
configurator_3,normal,8,4,6,6_4,empty,0,empty,0,false,false,false
configurator_3,normal,8,4,7,7_4,empty,0,empty,0,false,false,false
configurator_3,normal,8,5,0,0_5,empty,0,empty,0,false,false,false
configurator_3,normal,8,5,1,1_5,empty,0,multi_plus,2.7,false,true,false
configurator_3,normal,8,5,2,2_5,middle,2.7,middle,2.7,true,false,false
configurator_3,normal,8,5,3,3_5,outer,1.1,outer,1.1,true,false,false
configurator_3,normal,8,5,4,4_5,outer,1.1,outer,1.1,true,false,false
configurator_3,normal,8,5,5,5_5,middle,2.7,middle,2.7,true,false,false
configurator_3,normal,8,5,6,6_5,empty,0,multi_plus,2.7,false,true,false
configurator_3,normal,8,5,7,7_5,empty,0,empty,0,false,false,false
configurator_3,normal,8,6,0,0_6,empty,0,empty,0,false,false,false
configurator_3,normal,8,6,1,1_6,outer,1.1,outer,1.1,true,false,false
configurator_3,normal,8,6,2,2_6,empty,0,multi_plus,2.7,false,true,false
configurator_3,normal,8,6,3,3_6,empty,0,empty,0,false,false,false
configurator_3,normal,8,6,4,4_6,empty,0,empty,0,false,false,false
configurator_3,normal,8,6,5,5_6,empty,0,multi_plus,2.7,false,true,false
configurator_3,normal,8,6,6,6_6,outer,1.1,outer,1.1,true,false,false
configurator_3,normal,8,6,7,7_6,empty,0,empty,0,false,false,false
configurator_3,normal,8,7,0,0_7,empty,0,empty,0,false,false,false
configurator_3,normal,8,7,1,1_7,empty,0,empty,0,false,false,false
configurator_3,normal,8,7,2,2_7,empty,0,empty,0,false,false,false
configurator_3,normal,8,7,3,3_7,empty,0,empty,0,false,false,false
configurator_3,normal,8,7,4,4_7,empty,0,empty,0,false,false,false
configurator_3,normal,8,7,5,5_7,empty,0,empty,0,false,false,false
configurator_3,normal,8,7,6,6_7,empty,0,empty,0,false,false,false
configurator_3,normal,8,7,7,7_7,empty,0,empty,0,false,false,false
configurator_3,high,9,0,0,0_0,empty,0,empty,0,false,false,false
configurator_3,high,9,0,1,1_0,empty,0,empty,0,false,false,false
configurator_3,high,9,0,2,2_0,empty,0,empty,0,false,false,false
configurator_3,high,9,0,3,3_0,empty,0,empty,0,false,false,false
configurator_3,high,9,0,4,4_0,empty,0,empty,0,false,false,false
configurator_3,high,9,0,5,5_0,empty,0,empty,0,false,false,false
configurator_3,high,9,0,6,6_0,empty,0,empty,0,false,false,false
configurator_3,high,9,0,7,7_0,empty,0,empty,0,false,false,false
configurator_3,high,9,0,8,8_0,empty,0,empty,0,false,false,false
configurator_3,high,9,1,0,0_1,empty,0,empty,0,false,false,false
configurator_3,high,9,1,1,1_1,empty,0,empty,0,false,false,false
configurator_3,high,9,1,2,2_1,empty,0,empty,0,false,false,false
configurator_3,high,9,1,3,3_1,empty,0,empty,0,false,false,false
configurator_3,high,9,1,4,4_1,empty,0,multi_plus,3.2,false,true,false
configurator_3,high,9,1,5,5_1,empty,0,empty,0,false,false,false
configurator_3,high,9,1,6,6_1,empty,0,empty,0,false,false,false
configurator_3,high,9,1,7,7_1,empty,0,empty,0,false,false,false
configurator_3,high,9,1,8,8_1,empty,0,empty,0,false,false,false
configurator_3,high,9,2,0,0_2,empty,0,empty,0,false,false,false
configurator_3,high,9,2,1,1_2,empty,0,empty,0,false,false,false
configurator_3,high,9,2,2,2_2,outer,1.3,outer,1.3,true,false,false
configurator_3,high,9,2,3,3_2,outer,1.3,outer,1.3,true,false,false
configurator_3,high,9,2,4,4_2,middle,3.2,middle,3.2,true,false,false
configurator_3,high,9,2,5,5_2,outer,1.3,outer,1.3,true,false,false
configurator_3,high,9,2,6,6_2,outer,1.3,outer,1.3,true,false,false
configurator_3,high,9,2,7,7_2,empty,0,empty,0,false,false,false
configurator_3,high,9,2,8,8_2,empty,0,empty,0,false,false,false
configurator_3,high,9,3,0,0_3,empty,0,empty,0,false,false,false
configurator_3,high,9,3,1,1_3,empty,0,empty,0,false,false,false
configurator_3,high,9,3,2,2_3,outer,1.3,outer,1.3,true,false,false
configurator_3,high,9,3,3,3_3,middle,3.2,middle,3.2,true,false,false
configurator_3,high,9,3,4,4_3,center,18,center,18,true,false,true
configurator_3,high,9,3,5,5_3,middle,3.2,middle,3.2,true,false,false
configurator_3,high,9,3,6,6_3,outer,1.3,outer,1.3,true,false,false
configurator_3,high,9,3,7,7_3,empty,0,empty,0,false,false,false
configurator_3,high,9,3,8,8_3,empty,0,empty,0,false,false,false
configurator_3,high,9,4,0,0_4,empty,0,empty,0,false,false,false
configurator_3,high,9,4,1,1_4,empty,0,multi_plus,3.2,false,true,false
configurator_3,high,9,4,2,2_4,middle,3.2,middle,3.2,true,false,false
configurator_3,high,9,4,3,3_4,center,18,center,18,true,false,true
configurator_3,high,9,4,4,4_4,empty,0,multi_plus,3.2,false,true,false
configurator_3,high,9,4,5,5_4,center,18,center,18,true,false,true
configurator_3,high,9,4,6,6_4,middle,3.2,middle,3.2,true,false,false
configurator_3,high,9,4,7,7_4,empty,0,multi_plus,3.2,false,true,false
configurator_3,high,9,4,8,8_4,empty,0,empty,0,false,false,false
configurator_3,high,9,5,0,0_5,empty,0,empty,0,false,false,false
configurator_3,high,9,5,1,1_5,empty,0,empty,0,false,false,false
configurator_3,high,9,5,2,2_5,outer,1.3,outer,1.3,true,false,false
configurator_3,high,9,5,3,3_5,middle,3.2,middle,3.2,true,false,false
configurator_3,high,9,5,4,4_5,center,18,center,18,true,false,true
configurator_3,high,9,5,5,5_5,middle,3.2,middle,3.2,true,false,false
configurator_3,high,9,5,6,6_5,outer,1.3,outer,1.3,true,false,false
configurator_3,high,9,5,7,7_5,empty,0,empty,0,false,false,false
configurator_3,high,9,5,8,8_5,empty,0,empty,0,false,false,false
configurator_3,high,9,6,0,0_6,empty,0,empty,0,false,false,false
configurator_3,high,9,6,1,1_6,empty,0,empty,0,false,false,false
configurator_3,high,9,6,2,2_6,outer,1.3,outer,1.3,true,false,false
configurator_3,high,9,6,3,3_6,outer,1.3,outer,1.3,true,false,false
configurator_3,high,9,6,4,4_6,middle,3.2,middle,3.2,true,false,false
configurator_3,high,9,6,5,5_6,outer,1.3,outer,1.3,true,false,false
configurator_3,high,9,6,6,6_6,outer,1.3,outer,1.3,true,false,false
configurator_3,high,9,6,7,7_6,empty,0,empty,0,false,false,false
configurator_3,high,9,6,8,8_6,empty,0,empty,0,false,false,false
configurator_3,high,9,7,0,0_7,empty,0,empty,0,false,false,false
configurator_3,high,9,7,1,1_7,empty,0,empty,0,false,false,false
configurator_3,high,9,7,2,2_7,empty,0,empty,0,false,false,false
configurator_3,high,9,7,3,3_7,empty,0,empty,0,false,false,false
configurator_3,high,9,7,4,4_7,empty,0,multi_plus,3.2,false,true,false
configurator_3,high,9,7,5,5_7,empty,0,empty,0,false,false,false
configurator_3,high,9,7,6,6_7,empty,0,empty,0,false,false,false
configurator_3,high,9,7,7,7_7,empty,0,empty,0,false,false,false
configurator_3,high,9,7,8,8_7,empty,0,empty,0,false,false,false
configurator_3,high,9,8,0,0_8,empty,0,empty,0,false,false,false
configurator_3,high,9,8,1,1_8,empty,0,empty,0,false,false,false
configurator_3,high,9,8,2,2_8,empty,0,empty,0,false,false,false
configurator_3,high,9,8,3,3_8,empty,0,empty,0,false,false,false
configurator_3,high,9,8,4,4_8,empty,0,empty,0,false,false,false
configurator_3,high,9,8,5,5_8,empty,0,empty,0,false,false,false
configurator_3,high,9,8,6,6_8,empty,0,empty,0,false,false,false
configurator_3,high,9,8,7,7_8,empty,0,empty,0,false,false,false
configurator_3,high,9,8,8,8_8,empty,0,empty,0,false,false,false
configurator_3,high,10,0,0,0_0,empty,0,empty,0,false,false,false
configurator_3,high,10,0,1,1_0,empty,0,empty,0,false,false,false
configurator_3,high,10,0,2,2_0,empty,0,empty,0,false,false,false
configurator_3,high,10,0,3,3_0,empty,0,empty,0,false,false,false
configurator_3,high,10,0,4,4_0,empty,0,empty,0,false,false,false
configurator_3,high,10,0,5,5_0,empty,0,empty,0,false,false,false
configurator_3,high,10,0,6,6_0,empty,0,empty,0,false,false,false
configurator_3,high,10,0,7,7_0,empty,0,empty,0,false,false,false
configurator_3,high,10,0,8,8_0,empty,0,empty,0,false,false,false
configurator_3,high,10,0,9,9_0,empty,0,empty,0,false,false,false
configurator_3,high,10,1,0,0_1,empty,0,empty,0,false,false,false
configurator_3,high,10,1,1,1_1,empty,0,empty,0,false,false,false
configurator_3,high,10,1,2,2_1,empty,0,empty,0,false,false,false
configurator_3,high,10,1,3,3_1,empty,0,empty,0,false,false,false
configurator_3,high,10,1,4,4_1,empty,0,empty,0,false,false,false
configurator_3,high,10,1,5,5_1,empty,0,empty,0,false,false,false
configurator_3,high,10,1,6,6_1,empty,0,empty,0,false,false,false
configurator_3,high,10,1,7,7_1,empty,0,empty,0,false,false,false
configurator_3,high,10,1,8,8_1,empty,0,empty,0,false,false,false
configurator_3,high,10,1,9,9_1,empty,0,empty,0,false,false,false
configurator_3,high,10,2,0,0_2,empty,0,empty,0,false,false,false
configurator_3,high,10,2,1,1_2,empty,0,empty,0,false,false,false
configurator_3,high,10,2,2,2_2,empty,0,empty,0,false,false,false
configurator_3,high,10,2,3,3_2,empty,0,multi_plus,3.6,false,true,false
configurator_3,high,10,2,4,4_2,outer,1.3,outer,1.3,true,false,false
configurator_3,high,10,2,5,5_2,outer,1.3,outer,1.3,true,false,false
configurator_3,high,10,2,6,6_2,empty,0,multi_plus,3.6,false,true,false
configurator_3,high,10,2,7,7_2,empty,0,empty,0,false,false,false
configurator_3,high,10,2,8,8_2,empty,0,empty,0,false,false,false
configurator_3,high,10,2,9,9_2,empty,0,empty,0,false,false,false
configurator_3,high,10,3,0,0_3,empty,0,empty,0,false,false,false
configurator_3,high,10,3,1,1_3,empty,0,empty,0,false,false,false
configurator_3,high,10,3,2,2_3,empty,0,multi_plus,3.6,false,true,false
configurator_3,high,10,3,3,3_3,middle,3.6,middle,3.6,true,false,false
configurator_3,high,10,3,4,4_3,middle,3.6,middle,3.6,true,false,false
configurator_3,high,10,3,5,5_3,middle,3.6,middle,3.6,true,false,false
configurator_3,high,10,3,6,6_3,middle,3.6,middle,3.6,true,false,false
configurator_3,high,10,3,7,7_3,empty,0,multi_plus,3.6,false,true,false
configurator_3,high,10,3,8,8_3,empty,0,empty,0,false,false,false
configurator_3,high,10,3,9,9_3,empty,0,empty,0,false,false,false
configurator_3,high,10,4,0,0_4,empty,0,empty,0,false,false,false
configurator_3,high,10,4,1,1_4,empty,0,empty,0,false,false,false
configurator_3,high,10,4,2,2_4,outer,1.3,outer,1.3,true,false,false
configurator_3,high,10,4,3,3_4,middle,3.6,middle,3.6,true,false,false
configurator_3,high,10,4,4,4_4,center,30,center,30,true,false,true
configurator_3,high,10,4,5,5_4,center,30,center,30,true,false,true
configurator_3,high,10,4,6,6_4,middle,3.6,middle,3.6,true,false,false
configurator_3,high,10,4,7,7_4,outer,1.3,outer,1.3,true,false,false
configurator_3,high,10,4,8,8_4,empty,0,empty,0,false,false,false
configurator_3,high,10,4,9,9_4,empty,0,empty,0,false,false,false
configurator_3,high,10,5,0,0_5,empty,0,empty,0,false,false,false
configurator_3,high,10,5,1,1_5,empty,0,empty,0,false,false,false
configurator_3,high,10,5,2,2_5,outer,1.3,outer,1.3,true,false,false
configurator_3,high,10,5,3,3_5,middle,3.6,middle,3.6,true,false,false
configurator_3,high,10,5,4,4_5,center,30,center,30,true,false,true
configurator_3,high,10,5,5,5_5,center,30,center,30,true,false,true
configurator_3,high,10,5,6,6_5,middle,3.6,middle,3.6,true,false,false
configurator_3,high,10,5,7,7_5,outer,1.3,outer,1.3,true,false,false
configurator_3,high,10,5,8,8_5,empty,0,empty,0,false,false,false
configurator_3,high,10,5,9,9_5,empty,0,empty,0,false,false,false
configurator_3,high,10,6,0,0_6,empty,0,empty,0,false,false,false
configurator_3,high,10,6,1,1_6,empty,0,empty,0,false,false,false
configurator_3,high,10,6,2,2_6,empty,0,multi_plus,3.6,false,true,false
configurator_3,high,10,6,3,3_6,middle,3.6,middle,3.6,true,false,false
configurator_3,high,10,6,4,4_6,middle,3.6,middle,3.6,true,false,false
configurator_3,high,10,6,5,5_6,middle,3.6,middle,3.6,true,false,false
configurator_3,high,10,6,6,6_6,middle,3.6,middle,3.6,true,false,false
configurator_3,high,10,6,7,7_6,empty,0,multi_plus,3.6,false,true,false
configurator_3,high,10,6,8,8_6,empty,0,empty,0,false,false,false
configurator_3,high,10,6,9,9_6,empty,0,empty,0,false,false,false
configurator_3,high,10,7,0,0_7,empty,0,empty,0,false,false,false
configurator_3,high,10,7,1,1_7,empty,0,empty,0,false,false,false
configurator_3,high,10,7,2,2_7,empty,0,empty,0,false,false,false
configurator_3,high,10,7,3,3_7,empty,0,multi_plus,3.6,false,true,false
configurator_3,high,10,7,4,4_7,outer,1.3,outer,1.3,true,false,false
configurator_3,high,10,7,5,5_7,outer,1.3,outer,1.3,true,false,false
configurator_3,high,10,7,6,6_7,empty,0,multi_plus,3.6,false,true,false
configurator_3,high,10,7,7,7_7,empty,0,empty,0,false,false,false
configurator_3,high,10,7,8,8_7,empty,0,empty,0,false,false,false
configurator_3,high,10,7,9,9_7,empty,0,empty,0,false,false,false
configurator_3,high,10,8,0,0_8,empty,0,empty,0,false,false,false
configurator_3,high,10,8,1,1_8,empty,0,empty,0,false,false,false
configurator_3,high,10,8,2,2_8,empty,0,empty,0,false,false,false
configurator_3,high,10,8,3,3_8,empty,0,empty,0,false,false,false
configurator_3,high,10,8,4,4_8,empty,0,empty,0,false,false,false
configurator_3,high,10,8,5,5_8,empty,0,empty,0,false,false,false
configurator_3,high,10,8,6,6_8,empty,0,empty,0,false,false,false
configurator_3,high,10,8,7,7_8,empty,0,empty,0,false,false,false
configurator_3,high,10,8,8,8_8,empty,0,empty,0,false,false,false
configurator_3,high,10,8,9,9_8,empty,0,empty,0,false,false,false
configurator_3,high,10,9,0,0_9,empty,0,empty,0,false,false,false
configurator_3,high,10,9,1,1_9,empty,0,empty,0,false,false,false
configurator_3,high,10,9,2,2_9,empty,0,empty,0,false,false,false
configurator_3,high,10,9,3,3_9,empty,0,empty,0,false,false,false
configurator_3,high,10,9,4,4_9,empty,0,empty,0,false,false,false
configurator_3,high,10,9,5,5_9,empty,0,empty,0,false,false,false
configurator_3,high,10,9,6,6_9,empty,0,empty,0,false,false,false
configurator_3,high,10,9,7,7_9,empty,0,empty,0,false,false,false
configurator_3,high,10,9,8,8_9,empty,0,empty,0,false,false,false
configurator_3,high,10,9,9,9_9,empty,0,empty,0,false,false,false
